unit,geotime,date,value
PPS_HAB,AT,2000-01-01,19357.0
PPS_HAB,AT,2001-01-01,19156.0
PPS_HAB,AT,2002-01-01,19764.0
PPS_HAB,AT,2003-01-01,20421.0
PPS_HAB,AT,2004-01-01,21122.0
PPS_HAB,AT,2005-01-01,22582.0
PPS_HAB,AT,2006-01-01,23612.0
PPS_HAB,AT,2007-01-01,24320.0
PPS_HAB,AT,2008-01-01,24378.0
PPS_HAB,AT,2009-01-01,23870.0
PPS_HAB,AT,2010-01-01,24231.0
PPS_HAB,AT,2011-01-01,24587.0
PPS_HAB,AT,2012-01-01,25692.0
PPS_HAB,AT,2013-01-01,25652.0
PPS_HAB,AT,2014-01-01,26160.0
PPS_HAB,AT,2015-01-01,26966.0
PPS_HAB,AT,2016-01-01,26704.0
PPS_HAB,AT,2017-01-01,26730.0
PPS_HAB,BE,2000-01-01,18235.0
PPS_HAB,BE,2001-01-01,18897.0
PPS_HAB,BE,2002-01-01,19371.0
PPS_HAB,BE,2003-01-01,19348.0
PPS_HAB,BE,2004-01-01,19611.0
PPS_HAB,BE,2005-01-01,20399.0
PPS_HAB,BE,2006-01-01,21167.0
PPS_HAB,BE,2007-01-01,21689.0
PPS_HAB,BE,2008-01-01,22194.0
PPS_HAB,BE,2009-01-01,22057.0
PPS_HAB,BE,2010-01-01,22483.0
PPS_HAB,BE,2011-01-01,22781.0
PPS_HAB,BE,2012-01-01,23362.0
PPS_HAB,BE,2013-01-01,23640.0
PPS_HAB,BE,2014-01-01,24292.0
PPS_HAB,BE,2015-01-01,24775.0
PPS_HAB,BE,2016-01-01,24468.0
PPS_HAB,BE,2017-01-01,
PPS_HAB,BG,2000-01-01,4012.0
PPS_HAB,BG,2001-01-01,4079.0
PPS_HAB,BG,2002-01-01,4715.0
PPS_HAB,BG,2003-01-01,5048.0
PPS_HAB,BG,2004-01-01,5328.0
PPS_HAB,BG,2005-01-01,5779.0
PPS_HAB,BG,2006-01-01,6194.0
PPS_HAB,BG,2007-01-01,6687.0
PPS_HAB,BG,2008-01-01,7579.0
PPS_HAB,BG,2009-01-01,7364.0
PPS_HAB,BG,2010-01-01,7760.0
PPS_HAB,BG,2011-01-01,8349.0
PPS_HAB,BG,2012-01-01,8537.0
PPS_HAB,BG,2013-01-01,8954.0
PPS_HAB,BG,2014-01-01,9336.0
PPS_HAB,BG,2015-01-01,10285.0
PPS_HAB,BG,2016-01-01,11034.0
PPS_HAB,BG,2017-01-01,
PPS_HAB,CH,2000-01-01,20840.0
PPS_HAB,CH,2001-01-01,21491.0
PPS_HAB,CH,2002-01-01,21816.0
PPS_HAB,CH,2003-01-01,21423.0
PPS_HAB,CH,2004-01-01,21931.0
PPS_HAB,CH,2005-01-01,22780.0
PPS_HAB,CH,2006-01-01,24078.0
PPS_HAB,CH,2007-01-01,26174.0
PPS_HAB,CH,2008-01-01,26434.0
PPS_HAB,CH,2009-01-01,26134.0
PPS_HAB,CH,2010-01-01,25772.0
PPS_HAB,CH,2011-01-01,26488.0
PPS_HAB,CH,2012-01-01,27594.0
PPS_HAB,CH,2013-01-01,28340.0
PPS_HAB,CH,2014-01-01,28943.0
PPS_HAB,CH,2015-01-01,29241.0
PPS_HAB,CH,2016-01-01,29540.0
PPS_HAB,CH,2017-01-01,
PPS_HAB,CY,2000-01-01,13426.0
PPS_HAB,CY,2001-01-01,13849.0
PPS_HAB,CY,2002-01-01,13878.0
PPS_HAB,CY,2003-01-01,14506.0
PPS_HAB,CY,2004-01-01,15816.0
PPS_HAB,CY,2005-01-01,17365.0
PPS_HAB,CY,2006-01-01,18346.0
PPS_HAB,CY,2007-01-01,19899.0
PPS_HAB,CY,2008-01-01,20867.0
PPS_HAB,CY,2009-01-01,19395.0
PPS_HAB,CY,2010-01-01,19044.0
PPS_HAB,CY,2011-01-01,18769.0
PPS_HAB,CY,2012-01-01,18116.0
PPS_HAB,CY,2013-01-01,17581.0
PPS_HAB,CY,2014-01-01,16663.0
PPS_HAB,CY,2015-01-01,17554.0
PPS_HAB,CY,2016-01-01,18010.0
PPS_HAB,CY,2017-01-01,
PPS_HAB,CZ,2000-01-01,10047.0
PPS_HAB,CZ,2001-01-01,10803.0
PPS_HAB,CZ,2002-01-01,11014.0
PPS_HAB,CZ,2003-01-01,11507.0
PPS_HAB,CZ,2004-01-01,11961.0
PPS_HAB,CZ,2005-01-01,12584.0
PPS_HAB,CZ,2006-01-01,13107.0
PPS_HAB,CZ,2007-01-01,13947.0
PPS_HAB,CZ,2008-01-01,14248.0
PPS_HAB,CZ,2009-01-01,14538.0
PPS_HAB,CZ,2010-01-01,14807.0
PPS_HAB,CZ,2011-01-01,14826.0
PPS_HAB,CZ,2012-01-01,15054.0
PPS_HAB,CZ,2013-01-01,15461.0
PPS_HAB,CZ,2014-01-01,16395.0
PPS_HAB,CZ,2015-01-01,17164.0
PPS_HAB,CZ,2016-01-01,17145.0
PPS_HAB,CZ,2017-01-01,17576.0
PPS_HAB,DE,2000-01-01,19201.0
PPS_HAB,DE,2001-01-01,19933.0
PPS_HAB,DE,2002-01-01,20173.0
PPS_HAB,DE,2003-01-01,20766.0
PPS_HAB,DE,2004-01-01,21405.0
PPS_HAB,DE,2005-01-01,22055.0
PPS_HAB,DE,2006-01-01,22676.0
PPS_HAB,DE,2007-01-01,23506.0
PPS_HAB,DE,2008-01-01,23690.0
PPS_HAB,DE,2009-01-01,23274.0
PPS_HAB,DE,2010-01-01,24273.0
PPS_HAB,DE,2011-01-01,25213.0
PPS_HAB,DE,2012-01-01,26071.0
PPS_HAB,DE,2013-01-01,26202.0
PPS_HAB,DE,2014-01-01,27141.0
PPS_HAB,DE,2015-01-01,28084.0
PPS_HAB,DE,2016-01-01,27997.0
PPS_HAB,DE,2017-01-01,28473.0
PPS_HAB,DK,2000-01-01,14920.0
PPS_HAB,DK,2001-01-01,15329.0
PPS_HAB,DK,2002-01-01,16133.0
PPS_HAB,DK,2003-01-01,16216.0
PPS_HAB,DK,2004-01-01,16916.0
PPS_HAB,DK,2005-01-01,17542.0
PPS_HAB,DK,2006-01-01,18660.0
PPS_HAB,DK,2007-01-01,19610.0
PPS_HAB,DK,2008-01-01,19701.0
PPS_HAB,DK,2009-01-01,19840.0
PPS_HAB,DK,2010-01-01,21035.0
PPS_HAB,DK,2011-01-01,21430.0
PPS_HAB,DK,2012-01-01,21780.0
PPS_HAB,DK,2013-01-01,22126.0
PPS_HAB,DK,2014-01-01,22515.0
PPS_HAB,DK,2015-01-01,23826.0
PPS_HAB,DK,2016-01-01,23579.0
PPS_HAB,DK,2017-01-01,24125.0
PPS_HAB,EA19,2000-01-01,17023.0
PPS_HAB,EA19,2001-01-01,17779.0
PPS_HAB,EA19,2002-01-01,18321.0
PPS_HAB,EA19,2003-01-01,18451.0
PPS_HAB,EA19,2004-01-01,19026.0
PPS_HAB,EA19,2005-01-01,19774.0
PPS_HAB,EA19,2006-01-01,20581.0
PPS_HAB,EA19,2007-01-01,21323.0
PPS_HAB,EA19,2008-01-01,21484.0
PPS_HAB,EA19,2009-01-01,20972.0
PPS_HAB,EA19,2010-01-01,21387.0
PPS_HAB,EA19,2011-01-01,21699.0
PPS_HAB,EA19,2012-01-01,21934.0
PPS_HAB,EA19,2013-01-01,21997.0
PPS_HAB,EA19,2014-01-01,22516.0
PPS_HAB,EA19,2015-01-01,23357.0
PPS_HAB,EA19,2016-01-01,23275.0
PPS_HAB,EA19,2017-01-01,23634.0
PPS_HAB,EE,2000-01-01,6221.0
PPS_HAB,EE,2001-01-01,6430.0
PPS_HAB,EE,2002-01-01,6865.0
PPS_HAB,EE,2003-01-01,7368.0
PPS_HAB,EE,2004-01-01,8063.0
PPS_HAB,EE,2005-01-01,9006.0
PPS_HAB,EE,2006-01-01,9860.0
PPS_HAB,EE,2007-01-01,11215.0
PPS_HAB,EE,2008-01-01,12099.0
PPS_HAB,EE,2009-01-01,11373.0
PPS_HAB,EE,2010-01-01,11552.0
PPS_HAB,EE,2011-01-01,12303.0
PPS_HAB,EE,2012-01-01,13124.0
PPS_HAB,EE,2013-01-01,13477.0
PPS_HAB,EE,2014-01-01,14258.0
PPS_HAB,EE,2015-01-01,15192.0
PPS_HAB,EE,2016-01-01,15399.0
PPS_HAB,EE,2017-01-01,15963.0
PPS_HAB,EL,2000-01-01,13281.0
PPS_HAB,EL,2001-01-01,14200.0
PPS_HAB,EL,2002-01-01,15275.0
PPS_HAB,EL,2003-01-01,15840.0
PPS_HAB,EL,2004-01-01,16655.0
PPS_HAB,EL,2005-01-01,17019.0
PPS_HAB,EL,2006-01-01,18359.0
PPS_HAB,EL,2007-01-01,18990.0
PPS_HAB,EL,2008-01-01,19525.0
PPS_HAB,EL,2009-01-01,19274.0
PPS_HAB,EL,2010-01-01,17366.0
PPS_HAB,EL,2011-01-01,15981.0
PPS_HAB,EL,2012-01-01,15118.0
PPS_HAB,EL,2013-01-01,14426.0
PPS_HAB,EL,2014-01-01,14972.0
PPS_HAB,EL,2015-01-01,15062.0
PPS_HAB,EL,2016-01-01,14539.0
PPS_HAB,EL,2017-01-01,
PPS_HAB,ES,2000-01-01,14351.0
PPS_HAB,ES,2001-01-01,15162.0
PPS_HAB,ES,2002-01-01,16012.0
PPS_HAB,ES,2003-01-01,16228.0
PPS_HAB,ES,2004-01-01,16808.0
PPS_HAB,ES,2005-01-01,17604.0
PPS_HAB,ES,2006-01-01,18366.0
PPS_HAB,ES,2007-01-01,18350.0
PPS_HAB,ES,2008-01-01,18527.0
PPS_HAB,ES,2009-01-01,18319.0
PPS_HAB,ES,2010-01-01,17759.0
PPS_HAB,ES,2011-01-01,17797.0
PPS_HAB,ES,2012-01-01,17563.0
PPS_HAB,ES,2013-01-01,17581.0
PPS_HAB,ES,2014-01-01,18254.0
PPS_HAB,ES,2015-01-01,19311.0
PPS_HAB,ES,2016-01-01,19205.0
PPS_HAB,ES,2017-01-01,19336.0
PPS_HAB,EU28,2000-01-01,15051.0
PPS_HAB,EU28,2001-01-01,15762.0
PPS_HAB,EU28,2002-01-01,16322.0
PPS_HAB,EU28,2003-01-01,16523.0
PPS_HAB,EU28,2004-01-01,17183.0
PPS_HAB,EU28,2005-01-01,17814.0
PPS_HAB,EU28,2006-01-01,18602.0
PPS_HAB,EU28,2007-01-01,19384.0
PPS_HAB,EU28,2008-01-01,19641.0
PPS_HAB,EU28,2009-01-01,19280.0
PPS_HAB,EU28,2010-01-01,19730.0
PPS_HAB,EU28,2011-01-01,20031.0
PPS_HAB,EU28,2012-01-01,20436.0
PPS_HAB,EU28,2013-01-01,20498.0
PPS_HAB,EU28,2014-01-01,20989.0
PPS_HAB,EU28,2015-01-01,21894.0
PPS_HAB,EU28,2016-01-01,21894.0
PPS_HAB,EU28,2017-01-01,22182.0
PPS_HAB,FI,2000-01-01,14592.0
PPS_HAB,FI,2001-01-01,14833.0
PPS_HAB,FI,2002-01-01,15482.0
PPS_HAB,FI,2003-01-01,15889.0
PPS_HAB,FI,2004-01-01,17029.0
PPS_HAB,FI,2005-01-01,17586.0
PPS_HAB,FI,2006-01-01,18608.0
PPS_HAB,FI,2007-01-01,20275.0
PPS_HAB,FI,2008-01-01,20989.0
PPS_HAB,FI,2009-01-01,20910.0
PPS_HAB,FI,2010-01-01,21698.0
PPS_HAB,FI,2011-01-01,22346.0
PPS_HAB,FI,2012-01-01,22953.0
PPS_HAB,FI,2013-01-01,23063.0
PPS_HAB,FI,2014-01-01,23337.0
PPS_HAB,FI,2015-01-01,24333.0
PPS_HAB,FI,2016-01-01,24093.0
PPS_HAB,FI,2017-01-01,24169.0
PPS_HAB,FR,2000-01-01,17938.0
PPS_HAB,FR,2001-01-01,18949.0
PPS_HAB,FR,2002-01-01,19738.0
PPS_HAB,FR,2003-01-01,19196.0
PPS_HAB,FR,2004-01-01,19619.0
PPS_HAB,FR,2005-01-01,20607.0
PPS_HAB,FR,2006-01-01,21321.0
PPS_HAB,FR,2007-01-01,22325.0
PPS_HAB,FR,2008-01-01,22203.0
PPS_HAB,FR,2009-01-01,21889.0
PPS_HAB,FR,2010-01-01,22669.0
PPS_HAB,FR,2011-01-01,23046.0
PPS_HAB,FR,2012-01-01,23433.0
PPS_HAB,FR,2013-01-01,23701.0
PPS_HAB,FR,2014-01-01,24159.0
PPS_HAB,FR,2015-01-01,24823.0
PPS_HAB,FR,2016-01-01,24625.0
PPS_HAB,FR,2017-01-01,25022.0
PPS_HAB,HR,2000-01-01,
PPS_HAB,HR,2001-01-01,
PPS_HAB,HR,2002-01-01,8422.0
PPS_HAB,HR,2003-01-01,8714.0
PPS_HAB,HR,2004-01-01,9130.0
PPS_HAB,HR,2005-01-01,9352.0
PPS_HAB,HR,2006-01-01,9945.0
PPS_HAB,HR,2007-01-01,10659.0
PPS_HAB,HR,2008-01-01,11278.0
PPS_HAB,HR,2009-01-01,11177.0
PPS_HAB,HR,2010-01-01,11368.0
PPS_HAB,HR,2011-01-01,11719.0
PPS_HAB,HR,2012-01-01,12109.0
PPS_HAB,HR,2013-01-01,
PPS_HAB,HR,2014-01-01,
PPS_HAB,HR,2015-01-01,
PPS_HAB,HR,2016-01-01,
PPS_HAB,HR,2017-01-01,
PPS_HAB,HU,2000-01-01,8068.0
PPS_HAB,HU,2001-01-01,8687.0
PPS_HAB,HU,2002-01-01,9343.0
PPS_HAB,HU,2003-01-01,9872.0
PPS_HAB,HU,2004-01-01,10419.0
PPS_HAB,HU,2005-01-01,11122.0
PPS_HAB,HU,2006-01-01,11484.0
PPS_HAB,HU,2007-01-01,11332.0
PPS_HAB,HU,2008-01-01,11418.0
PPS_HAB,HU,2009-01-01,11266.0
PPS_HAB,HU,2010-01-01,11809.0
PPS_HAB,HU,2011-01-01,12648.0
PPS_HAB,HU,2012-01-01,12820.0
PPS_HAB,HU,2013-01-01,13090.0
PPS_HAB,HU,2014-01-01,13488.0
PPS_HAB,HU,2015-01-01,13868.0
PPS_HAB,HU,2016-01-01,14026.0
PPS_HAB,HU,2017-01-01,14409.0
PPS_HAB,IE,2000-01-01,14713.0
PPS_HAB,IE,2001-01-01,16085.0
PPS_HAB,IE,2002-01-01,16520.0
PPS_HAB,IE,2003-01-01,17040.0
PPS_HAB,IE,2004-01-01,18003.0
PPS_HAB,IE,2005-01-01,19433.0
PPS_HAB,IE,2006-01-01,20245.0
PPS_HAB,IE,2007-01-01,20875.0
PPS_HAB,IE,2008-01-01,20726.0
PPS_HAB,IE,2009-01-01,19286.0
PPS_HAB,IE,2010-01-01,19427.0
PPS_HAB,IE,2011-01-01,18677.0
PPS_HAB,IE,2012-01-01,19485.0
PPS_HAB,IE,2013-01-01,18980.0
PPS_HAB,IE,2014-01-01,18925.0
PPS_HAB,IE,2015-01-01,19877.0
PPS_HAB,IE,2016-01-01,20001.0
PPS_HAB,IE,2017-01-01,
PPS_HAB,IS,2000-01-01,
PPS_HAB,IS,2001-01-01,
PPS_HAB,IS,2002-01-01,
PPS_HAB,IS,2003-01-01,16268.0
PPS_HAB,IS,2004-01-01,17528.0
PPS_HAB,IS,2005-01-01,18193.0
PPS_HAB,IS,2006-01-01,19143.0
PPS_HAB,IS,2007-01-01,21519.0
PPS_HAB,IS,2008-01-01,21524.0
PPS_HAB,IS,2009-01-01,18669.0
PPS_HAB,IS,2010-01-01,17099.0
PPS_HAB,IS,2011-01-01,18147.0
PPS_HAB,IS,2012-01-01,18889.0
PPS_HAB,IS,2013-01-01,19295.0
PPS_HAB,IS,2014-01-01,20219.0
PPS_HAB,IS,2015-01-01,
PPS_HAB,IS,2016-01-01,
PPS_HAB,IS,2017-01-01,
PPS_HAB,IT,2000-01-01,17923.0
PPS_HAB,IT,2001-01-01,18436.0
PPS_HAB,IT,2002-01-01,18768.0
PPS_HAB,IT,2003-01-01,18946.0
PPS_HAB,IT,2004-01-01,19335.0
PPS_HAB,IT,2005-01-01,19953.0
PPS_HAB,IT,2006-01-01,20830.0
PPS_HAB,IT,2007-01-01,21688.0
PPS_HAB,IT,2008-01-01,21863.0
PPS_HAB,IT,2009-01-01,20908.0
PPS_HAB,IT,2010-01-01,21472.0
PPS_HAB,IT,2011-01-01,21541.0
PPS_HAB,IT,2012-01-01,20982.0
PPS_HAB,IT,2013-01-01,20696.0
PPS_HAB,IT,2014-01-01,20714.0
PPS_HAB,IT,2015-01-01,21397.0
PPS_HAB,IT,2016-01-01,21577.0
PPS_HAB,IT,2017-01-01,21804.0
PPS_HAB,LT,2000-01-01,6287.0
PPS_HAB,LT,2001-01-01,6668.0
PPS_HAB,LT,2002-01-01,7341.0
PPS_HAB,LT,2003-01-01,8166.0
PPS_HAB,LT,2004-01-01,9349.0
PPS_HAB,LT,2005-01-01,10077.0
PPS_HAB,LT,2006-01-01,11111.0
PPS_HAB,LT,2007-01-01,11595.0
PPS_HAB,LT,2008-01-01,12697.0
PPS_HAB,LT,2009-01-01,11849.0
PPS_HAB,LT,2010-01-01,12592.0
PPS_HAB,LT,2011-01-01,13422.0
PPS_HAB,LT,2012-01-01,14061.0
PPS_HAB,LT,2013-01-01,14965.0
PPS_HAB,LT,2014-01-01,15634.0
PPS_HAB,LT,2015-01-01,16602.0
PPS_HAB,LT,2016-01-01,16963.0
PPS_HAB,LT,2017-01-01,17561.0
PPS_HAB,LU,2000-01-01,25229.0
PPS_HAB,LU,2001-01-01,25864.0
PPS_HAB,LU,2002-01-01,27749.0
PPS_HAB,LU,2003-01-01,28097.0
PPS_HAB,LU,2004-01-01,28204.0
PPS_HAB,LU,2005-01-01,29130.0
PPS_HAB,LU,2006-01-01,30133.0
PPS_HAB,LU,2007-01-01,30809.0
PPS_HAB,LU,2008-01-01,31094.0
PPS_HAB,LU,2009-01-01,30338.0
PPS_HAB,LU,2010-01-01,29505.0
PPS_HAB,LU,2011-01-01,29768.0
PPS_HAB,LU,2012-01-01,30899.0
PPS_HAB,LU,2013-01-01,31450.0
PPS_HAB,LU,2014-01-01,31690.0
PPS_HAB,LU,2015-01-01,32106.0
PPS_HAB,LU,2016-01-01,31412.0
PPS_HAB,LU,2017-01-01,
PPS_HAB,LV,2000-01-01,5268.0
PPS_HAB,LV,2001-01-01,5711.0
PPS_HAB,LV,2002-01-01,6405.0
PPS_HAB,LV,2003-01-01,6882.0
PPS_HAB,LV,2004-01-01,7401.0
PPS_HAB,LV,2005-01-01,8310.0
PPS_HAB,LV,2006-01-01,9501.0
PPS_HAB,LV,2007-01-01,10806.0
PPS_HAB,LV,2008-01-01,11655.0
PPS_HAB,LV,2009-01-01,9950.0
PPS_HAB,LV,2010-01-01,10359.0
PPS_HAB,LV,2011-01-01,10012.0
PPS_HAB,LV,2012-01-01,10843.0
PPS_HAB,LV,2013-01-01,11438.0
PPS_HAB,LV,2014-01-01,11981.0
PPS_HAB,LV,2015-01-01,13062.0
PPS_HAB,LV,2016-01-01,13492.0
PPS_HAB,LV,2017-01-01,14036.0
PPS_HAB,NL,2000-01-01,18801.0
PPS_HAB,NL,2001-01-01,19936.0
PPS_HAB,NL,2002-01-01,20687.0
PPS_HAB,NL,2003-01-01,19919.0
PPS_HAB,NL,2004-01-01,20602.0
PPS_HAB,NL,2005-01-01,21305.0
PPS_HAB,NL,2006-01-01,22853.0
PPS_HAB,NL,2007-01-01,24045.0
PPS_HAB,NL,2008-01-01,24208.0
PPS_HAB,NL,2009-01-01,23553.0
PPS_HAB,NL,2010-01-01,23177.0
PPS_HAB,NL,2011-01-01,23405.0
PPS_HAB,NL,2012-01-01,23854.0
PPS_HAB,NL,2013-01-01,23804.0
PPS_HAB,NL,2014-01-01,24208.0
PPS_HAB,NL,2015-01-01,24980.0
PPS_HAB,NL,2016-01-01,24589.0
PPS_HAB,NL,2017-01-01,24699.0
PPS_HAB,NO,2000-01-01,17278.0
PPS_HAB,NO,2001-01-01,17343.0
PPS_HAB,NO,2002-01-01,18865.0
PPS_HAB,NO,2003-01-01,19555.0
PPS_HAB,NO,2004-01-01,20566.0
PPS_HAB,NO,2005-01-01,22366.0
PPS_HAB,NO,2006-01-01,21907.0
PPS_HAB,NO,2007-01-01,23701.0
PPS_HAB,NO,2008-01-01,23995.0
PPS_HAB,NO,2009-01-01,24090.0
PPS_HAB,NO,2010-01-01,24372.0
PPS_HAB,NO,2011-01-01,25035.0
PPS_HAB,NO,2012-01-01,26058.0
PPS_HAB,NO,2013-01-01,26985.0
PPS_HAB,NO,2014-01-01,27907.0
PPS_HAB,NO,2015-01-01,29541.0
PPS_HAB,NO,2016-01-01,28430.0
PPS_HAB,NO,2017-01-01,28653.0
PPS_HAB,PL,2000-01-01,7862.0
PPS_HAB,PL,2001-01-01,8262.0
PPS_HAB,PL,2002-01-01,8562.0
PPS_HAB,PL,2003-01-01,8640.0
PPS_HAB,PL,2004-01-01,8846.0
PPS_HAB,PL,2005-01-01,8926.0
PPS_HAB,PL,2006-01-01,9500.0
PPS_HAB,PL,2007-01-01,10561.0
PPS_HAB,PL,2008-01-01,11008.0
PPS_HAB,PL,2009-01-01,11443.0
PPS_HAB,PL,2010-01-01,12404.0
PPS_HAB,PL,2011-01-01,12977.0
PPS_HAB,PL,2012-01-01,13753.0
PPS_HAB,PL,2013-01-01,13897.0
PPS_HAB,PL,2014-01-01,14314.0
PPS_HAB,PL,2015-01-01,15108.0
PPS_HAB,PL,2016-01-01,15400.0
PPS_HAB,PL,2017-01-01,
PPS_HAB,PT,2000-01-01,13125.0
PPS_HAB,PT,2001-01-01,13502.0
PPS_HAB,PT,2002-01-01,13797.0
PPS_HAB,PT,2003-01-01,13977.0
PPS_HAB,PT,2004-01-01,14579.0
PPS_HAB,PT,2005-01-01,15601.0
PPS_HAB,PT,2006-01-01,16188.0
PPS_HAB,PT,2007-01-01,16525.0
PPS_HAB,PT,2008-01-01,16713.0
PPS_HAB,PT,2009-01-01,16335.0
PPS_HAB,PT,2010-01-01,16734.0
PPS_HAB,PT,2011-01-01,15972.0
PPS_HAB,PT,2012-01-01,15786.0
PPS_HAB,PT,2013-01-01,16236.0
PPS_HAB,PT,2014-01-01,16393.0
PPS_HAB,PT,2015-01-01,17219.0
PPS_HAB,PT,2016-01-01,17315.0
PPS_HAB,PT,2017-01-01,17733.0
PPS_HAB,RO,2000-01-01,3955.0
PPS_HAB,RO,2001-01-01,4536.0
PPS_HAB,RO,2002-01-01,4883.0
PPS_HAB,RO,2003-01-01,4517.0
PPS_HAB,RO,2004-01-01,5496.0
PPS_HAB,RO,2005-01-01,5789.0
PPS_HAB,RO,2006-01-01,6500.0
PPS_HAB,RO,2007-01-01,7576.0
PPS_HAB,RO,2008-01-01,9268.0
PPS_HAB,RO,2009-01-01,8968.0
PPS_HAB,RO,2010-01-01,9811.0
PPS_HAB,RO,2011-01-01,9748.0
PPS_HAB,RO,2012-01-01,10041.0
PPS_HAB,RO,2013-01-01,10241.0
PPS_HAB,RO,2014-01-01,10651.0
PPS_HAB,RO,2015-01-01,11152.0
PPS_HAB,RO,2016-01-01,12241.0
PPS_HAB,RO,2017-01-01,
PPS_HAB,SE,2000-01-01,15864.0
PPS_HAB,SE,2001-01-01,16534.0
PPS_HAB,SE,2002-01-01,17157.0
PPS_HAB,SE,2003-01-01,17171.0
PPS_HAB,SE,2004-01-01,17682.0
PPS_HAB,SE,2005-01-01,18409.0
PPS_HAB,SE,2006-01-01,19705.0
PPS_HAB,SE,2007-01-01,21215.0
PPS_HAB,SE,2008-01-01,21809.0
PPS_HAB,SE,2009-01-01,21439.0
PPS_HAB,SE,2010-01-01,21590.0
PPS_HAB,SE,2011-01-01,22385.0
PPS_HAB,SE,2012-01-01,23471.0
PPS_HAB,SE,2013-01-01,23107.0
PPS_HAB,SE,2014-01-01,23785.0
PPS_HAB,SE,2015-01-01,24496.0
PPS_HAB,SE,2016-01-01,24319.0
PPS_HAB,SE,2017-01-01,24470.0
PPS_HAB,SI,2000-01-01,12054.0
PPS_HAB,SI,2001-01-01,12563.0
PPS_HAB,SI,2002-01-01,13180.0
PPS_HAB,SI,2003-01-01,13198.0
PPS_HAB,SI,2004-01-01,13802.0
PPS_HAB,SI,2005-01-01,14605.0
PPS_HAB,SI,2006-01-01,15174.0
PPS_HAB,SI,2007-01-01,15914.0
PPS_HAB,SI,2008-01-01,16481.0
PPS_HAB,SI,2009-01-01,15552.0
PPS_HAB,SI,2010-01-01,15866.0
PPS_HAB,SI,2011-01-01,16240.0
PPS_HAB,SI,2012-01-01,16159.0
PPS_HAB,SI,2013-01-01,16091.0
PPS_HAB,SI,2014-01-01,16360.0
PPS_HAB,SI,2015-01-01,16966.0
PPS_HAB,SI,2016-01-01,17042.0
PPS_HAB,SI,2017-01-01,17502.0
PPS_HAB,SK,2000-01-01,7799.0
PPS_HAB,SK,2001-01-01,8438.0
PPS_HAB,SK,2002-01-01,9022.0
PPS_HAB,SK,2003-01-01,8906.0
PPS_HAB,SK,2004-01-01,9290.0
PPS_HAB,SK,2005-01-01,10063.0
PPS_HAB,SK,2006-01-01,10613.0
PPS_HAB,SK,2007-01-01,11974.0
PPS_HAB,SK,2008-01-01,12894.0
PPS_HAB,SK,2009-01-01,12948.0
PPS_HAB,SK,2010-01-01,14002.0
PPS_HAB,SK,2011-01-01,14065.0
PPS_HAB,SK,2012-01-01,14470.0
PPS_HAB,SK,2013-01-01,14732.0
PPS_HAB,SK,2014-01-01,15456.0
PPS_HAB,SK,2015-01-01,16389.0
PPS_HAB,SK,2016-01-01,16279.0
PPS_HAB,SK,2017-01-01,16652.0
PPS_HAB,UK,2000-01-01,17427.0
PPS_HAB,UK,2001-01-01,18411.0
PPS_HAB,UK,2002-01-01,18994.0
PPS_HAB,UK,2003-01-01,19346.0
PPS_HAB,UK,2004-01-01,20612.0
PPS_HAB,UK,2005-01-01,20917.0
PPS_HAB,UK,2006-01-01,21826.0
PPS_HAB,UK,2007-01-01,22329.0
PPS_HAB,UK,2008-01-01,22102.0
PPS_HAB,UK,2009-01-01,21505.0
PPS_HAB,UK,2010-01-01,21693.0
PPS_HAB,UK,2011-01-01,21608.0
PPS_HAB,UK,2012-01-01,22535.0
PPS_HAB,UK,2013-01-01,22412.0
PPS_HAB,UK,2014-01-01,22898.0
PPS_HAB,UK,2015-01-01,24330.0
PPS_HAB,UK,2016-01-01,23903.0
PPS_HAB,UK,2017-01-01,23597.0
PPS_HAB_EU28,AT,2000-01-01,129.0
PPS_HAB_EU28,AT,2001-01-01,122.0
PPS_HAB_EU28,AT,2002-01-01,121.0
PPS_HAB_EU28,AT,2003-01-01,124.0
PPS_HAB_EU28,AT,2004-01-01,123.0
PPS_HAB_EU28,AT,2005-01-01,127.0
PPS_HAB_EU28,AT,2006-01-01,127.0
PPS_HAB_EU28,AT,2007-01-01,125.0
PPS_HAB_EU28,AT,2008-01-01,124.0
PPS_HAB_EU28,AT,2009-01-01,124.0
PPS_HAB_EU28,AT,2010-01-01,123.0
PPS_HAB_EU28,AT,2011-01-01,123.0
PPS_HAB_EU28,AT,2012-01-01,126.0
PPS_HAB_EU28,AT,2013-01-01,125.0
PPS_HAB_EU28,AT,2014-01-01,125.0
PPS_HAB_EU28,AT,2015-01-01,123.0
PPS_HAB_EU28,AT,2016-01-01,122.0
PPS_HAB_EU28,AT,2017-01-01,121.0
PPS_HAB_EU28,BE,2000-01-01,121.0
PPS_HAB_EU28,BE,2001-01-01,120.0
PPS_HAB_EU28,BE,2002-01-01,119.0
PPS_HAB_EU28,BE,2003-01-01,117.0
PPS_HAB_EU28,BE,2004-01-01,114.0
PPS_HAB_EU28,BE,2005-01-01,115.0
PPS_HAB_EU28,BE,2006-01-01,114.0
PPS_HAB_EU28,BE,2007-01-01,112.0
PPS_HAB_EU28,BE,2008-01-01,113.0
PPS_HAB_EU28,BE,2009-01-01,114.0
PPS_HAB_EU28,BE,2010-01-01,114.0
PPS_HAB_EU28,BE,2011-01-01,114.0
PPS_HAB_EU28,BE,2012-01-01,114.0
PPS_HAB_EU28,BE,2013-01-01,115.0
PPS_HAB_EU28,BE,2014-01-01,116.0
PPS_HAB_EU28,BE,2015-01-01,113.0
PPS_HAB_EU28,BE,2016-01-01,112.0
PPS_HAB_EU28,BE,2017-01-01,
PPS_HAB_EU28,BG,2000-01-01,27.0
PPS_HAB_EU28,BG,2001-01-01,26.0
PPS_HAB_EU28,BG,2002-01-01,29.0
PPS_HAB_EU28,BG,2003-01-01,31.0
PPS_HAB_EU28,BG,2004-01-01,31.0
PPS_HAB_EU28,BG,2005-01-01,32.0
PPS_HAB_EU28,BG,2006-01-01,33.0
PPS_HAB_EU28,BG,2007-01-01,34.0
PPS_HAB_EU28,BG,2008-01-01,39.0
PPS_HAB_EU28,BG,2009-01-01,38.0
PPS_HAB_EU28,BG,2010-01-01,39.0
PPS_HAB_EU28,BG,2011-01-01,42.0
PPS_HAB_EU28,BG,2012-01-01,42.0
PPS_HAB_EU28,BG,2013-01-01,44.0
PPS_HAB_EU28,BG,2014-01-01,44.0
PPS_HAB_EU28,BG,2015-01-01,47.0
PPS_HAB_EU28,BG,2016-01-01,50.0
PPS_HAB_EU28,BG,2017-01-01,
PPS_HAB_EU28,CH,2000-01-01,138.0
PPS_HAB_EU28,CH,2001-01-01,136.0
PPS_HAB_EU28,CH,2002-01-01,134.0
PPS_HAB_EU28,CH,2003-01-01,130.0
PPS_HAB_EU28,CH,2004-01-01,128.0
PPS_HAB_EU28,CH,2005-01-01,128.0
PPS_HAB_EU28,CH,2006-01-01,129.0
PPS_HAB_EU28,CH,2007-01-01,135.0
PPS_HAB_EU28,CH,2008-01-01,135.0
PPS_HAB_EU28,CH,2009-01-01,136.0
PPS_HAB_EU28,CH,2010-01-01,131.0
PPS_HAB_EU28,CH,2011-01-01,132.0
PPS_HAB_EU28,CH,2012-01-01,135.0
PPS_HAB_EU28,CH,2013-01-01,138.0
PPS_HAB_EU28,CH,2014-01-01,138.0
PPS_HAB_EU28,CH,2015-01-01,134.0
PPS_HAB_EU28,CH,2016-01-01,135.0
PPS_HAB_EU28,CH,2017-01-01,
PPS_HAB_EU28,CY,2000-01-01,89.0
PPS_HAB_EU28,CY,2001-01-01,88.0
PPS_HAB_EU28,CY,2002-01-01,85.0
PPS_HAB_EU28,CY,2003-01-01,88.0
PPS_HAB_EU28,CY,2004-01-01,92.0
PPS_HAB_EU28,CY,2005-01-01,97.0
PPS_HAB_EU28,CY,2006-01-01,99.0
PPS_HAB_EU28,CY,2007-01-01,103.0
PPS_HAB_EU28,CY,2008-01-01,106.0
PPS_HAB_EU28,CY,2009-01-01,101.0
PPS_HAB_EU28,CY,2010-01-01,97.0
PPS_HAB_EU28,CY,2011-01-01,94.0
PPS_HAB_EU28,CY,2012-01-01,89.0
PPS_HAB_EU28,CY,2013-01-01,86.0
PPS_HAB_EU28,CY,2014-01-01,79.0
PPS_HAB_EU28,CY,2015-01-01,80.0
PPS_HAB_EU28,CY,2016-01-01,82.0
PPS_HAB_EU28,CY,2017-01-01,
PPS_HAB_EU28,CZ,2000-01-01,67.0
PPS_HAB_EU28,CZ,2001-01-01,69.0
PPS_HAB_EU28,CZ,2002-01-01,67.0
PPS_HAB_EU28,CZ,2003-01-01,70.0
PPS_HAB_EU28,CZ,2004-01-01,70.0
PPS_HAB_EU28,CZ,2005-01-01,71.0
PPS_HAB_EU28,CZ,2006-01-01,70.0
PPS_HAB_EU28,CZ,2007-01-01,72.0
PPS_HAB_EU28,CZ,2008-01-01,73.0
PPS_HAB_EU28,CZ,2009-01-01,75.0
PPS_HAB_EU28,CZ,2010-01-01,75.0
PPS_HAB_EU28,CZ,2011-01-01,74.0
PPS_HAB_EU28,CZ,2012-01-01,74.0
PPS_HAB_EU28,CZ,2013-01-01,75.0
PPS_HAB_EU28,CZ,2014-01-01,78.0
PPS_HAB_EU28,CZ,2015-01-01,78.0
PPS_HAB_EU28,CZ,2016-01-01,78.0
PPS_HAB_EU28,CZ,2017-01-01,79.0
PPS_HAB_EU28,DE,2000-01-01,128.0
PPS_HAB_EU28,DE,2001-01-01,126.0
PPS_HAB_EU28,DE,2002-01-01,124.0
PPS_HAB_EU28,DE,2003-01-01,126.0
PPS_HAB_EU28,DE,2004-01-01,125.0
PPS_HAB_EU28,DE,2005-01-01,124.0
PPS_HAB_EU28,DE,2006-01-01,122.0
PPS_HAB_EU28,DE,2007-01-01,121.0
PPS_HAB_EU28,DE,2008-01-01,121.0
PPS_HAB_EU28,DE,2009-01-01,121.0
PPS_HAB_EU28,DE,2010-01-01,123.0
PPS_HAB_EU28,DE,2011-01-01,126.0
PPS_HAB_EU28,DE,2012-01-01,128.0
PPS_HAB_EU28,DE,2013-01-01,128.0
PPS_HAB_EU28,DE,2014-01-01,129.0
PPS_HAB_EU28,DE,2015-01-01,128.0
PPS_HAB_EU28,DE,2016-01-01,128.0
PPS_HAB_EU28,DE,2017-01-01,128.0
PPS_HAB_EU28,DK,2000-01-01,99.0
PPS_HAB_EU28,DK,2001-01-01,97.0
PPS_HAB_EU28,DK,2002-01-01,99.0
PPS_HAB_EU28,DK,2003-01-01,98.0
PPS_HAB_EU28,DK,2004-01-01,98.0
PPS_HAB_EU28,DK,2005-01-01,98.0
PPS_HAB_EU28,DK,2006-01-01,100.0
PPS_HAB_EU28,DK,2007-01-01,101.0
PPS_HAB_EU28,DK,2008-01-01,100.0
PPS_HAB_EU28,DK,2009-01-01,103.0
PPS_HAB_EU28,DK,2010-01-01,107.0
PPS_HAB_EU28,DK,2011-01-01,107.0
PPS_HAB_EU28,DK,2012-01-01,107.0
PPS_HAB_EU28,DK,2013-01-01,108.0
PPS_HAB_EU28,DK,2014-01-01,107.0
PPS_HAB_EU28,DK,2015-01-01,109.0
PPS_HAB_EU28,DK,2016-01-01,108.0
PPS_HAB_EU28,DK,2017-01-01,109.0
PPS_HAB_EU28,EA19,2000-01-01,113.0
PPS_HAB_EU28,EA19,2001-01-01,113.0
PPS_HAB_EU28,EA19,2002-01-01,112.0
PPS_HAB_EU28,EA19,2003-01-01,112.0
PPS_HAB_EU28,EA19,2004-01-01,111.0
PPS_HAB_EU28,EA19,2005-01-01,111.0
PPS_HAB_EU28,EA19,2006-01-01,111.0
PPS_HAB_EU28,EA19,2007-01-01,110.0
PPS_HAB_EU28,EA19,2008-01-01,109.0
PPS_HAB_EU28,EA19,2009-01-01,109.0
PPS_HAB_EU28,EA19,2010-01-01,108.0
PPS_HAB_EU28,EA19,2011-01-01,108.0
PPS_HAB_EU28,EA19,2012-01-01,107.0
PPS_HAB_EU28,EA19,2013-01-01,107.0
PPS_HAB_EU28,EA19,2014-01-01,107.0
PPS_HAB_EU28,EA19,2015-01-01,107.0
PPS_HAB_EU28,EA19,2016-01-01,106.0
PPS_HAB_EU28,EA19,2017-01-01,107.0
PPS_HAB_EU28,EE,2000-01-01,41.0
PPS_HAB_EU28,EE,2001-01-01,41.0
PPS_HAB_EU28,EE,2002-01-01,42.0
PPS_HAB_EU28,EE,2003-01-01,45.0
PPS_HAB_EU28,EE,2004-01-01,47.0
PPS_HAB_EU28,EE,2005-01-01,51.0
PPS_HAB_EU28,EE,2006-01-01,53.0
PPS_HAB_EU28,EE,2007-01-01,58.0
PPS_HAB_EU28,EE,2008-01-01,62.0
PPS_HAB_EU28,EE,2009-01-01,59.0
PPS_HAB_EU28,EE,2010-01-01,59.0
PPS_HAB_EU28,EE,2011-01-01,61.0
PPS_HAB_EU28,EE,2012-01-01,64.0
PPS_HAB_EU28,EE,2013-01-01,66.0
PPS_HAB_EU28,EE,2014-01-01,68.0
PPS_HAB_EU28,EE,2015-01-01,69.0
PPS_HAB_EU28,EE,2016-01-01,70.0
PPS_HAB_EU28,EE,2017-01-01,72.0
PPS_HAB_EU28,EL,2000-01-01,88.0
PPS_HAB_EU28,EL,2001-01-01,90.0
PPS_HAB_EU28,EL,2002-01-01,94.0
PPS_HAB_EU28,EL,2003-01-01,96.0
PPS_HAB_EU28,EL,2004-01-01,97.0
PPS_HAB_EU28,EL,2005-01-01,96.0
PPS_HAB_EU28,EL,2006-01-01,99.0
PPS_HAB_EU28,EL,2007-01-01,98.0
PPS_HAB_EU28,EL,2008-01-01,99.0
PPS_HAB_EU28,EL,2009-01-01,100.0
PPS_HAB_EU28,EL,2010-01-01,88.0
PPS_HAB_EU28,EL,2011-01-01,80.0
PPS_HAB_EU28,EL,2012-01-01,74.0
PPS_HAB_EU28,EL,2013-01-01,70.0
PPS_HAB_EU28,EL,2014-01-01,71.0
PPS_HAB_EU28,EL,2015-01-01,69.0
PPS_HAB_EU28,EL,2016-01-01,66.0
PPS_HAB_EU28,EL,2017-01-01,
PPS_HAB_EU28,ES,2000-01-01,95.0
PPS_HAB_EU28,ES,2001-01-01,96.0
PPS_HAB_EU28,ES,2002-01-01,98.0
PPS_HAB_EU28,ES,2003-01-01,98.0
PPS_HAB_EU28,ES,2004-01-01,98.0
PPS_HAB_EU28,ES,2005-01-01,99.0
PPS_HAB_EU28,ES,2006-01-01,99.0
PPS_HAB_EU28,ES,2007-01-01,95.0
PPS_HAB_EU28,ES,2008-01-01,94.0
PPS_HAB_EU28,ES,2009-01-01,95.0
PPS_HAB_EU28,ES,2010-01-01,90.0
PPS_HAB_EU28,ES,2011-01-01,89.0
PPS_HAB_EU28,ES,2012-01-01,86.0
PPS_HAB_EU28,ES,2013-01-01,86.0
PPS_HAB_EU28,ES,2014-01-01,87.0
PPS_HAB_EU28,ES,2015-01-01,88.0
PPS_HAB_EU28,ES,2016-01-01,88.0
PPS_HAB_EU28,ES,2017-01-01,87.0
PPS_HAB_EU28,EU28,2000-01-01,100.0
PPS_HAB_EU28,EU28,2001-01-01,100.0
PPS_HAB_EU28,EU28,2002-01-01,100.0
PPS_HAB_EU28,EU28,2003-01-01,100.0
PPS_HAB_EU28,EU28,2004-01-01,100.0
PPS_HAB_EU28,EU28,2005-01-01,100.0
PPS_HAB_EU28,EU28,2006-01-01,100.0
PPS_HAB_EU28,EU28,2007-01-01,100.0
PPS_HAB_EU28,EU28,2008-01-01,100.0
PPS_HAB_EU28,EU28,2009-01-01,100.0
PPS_HAB_EU28,EU28,2010-01-01,100.0
PPS_HAB_EU28,EU28,2011-01-01,100.0
PPS_HAB_EU28,EU28,2012-01-01,100.0
PPS_HAB_EU28,EU28,2013-01-01,100.0
PPS_HAB_EU28,EU28,2014-01-01,100.0
PPS_HAB_EU28,EU28,2015-01-01,100.0
PPS_HAB_EU28,EU28,2016-01-01,100.0
PPS_HAB_EU28,EU28,2017-01-01,100.0
PPS_HAB_EU28,FI,2000-01-01,97.0
PPS_HAB_EU28,FI,2001-01-01,94.0
PPS_HAB_EU28,FI,2002-01-01,95.0
PPS_HAB_EU28,FI,2003-01-01,96.0
PPS_HAB_EU28,FI,2004-01-01,99.0
PPS_HAB_EU28,FI,2005-01-01,99.0
PPS_HAB_EU28,FI,2006-01-01,100.0
PPS_HAB_EU28,FI,2007-01-01,105.0
PPS_HAB_EU28,FI,2008-01-01,107.0
PPS_HAB_EU28,FI,2009-01-01,108.0
PPS_HAB_EU28,FI,2010-01-01,110.0
PPS_HAB_EU28,FI,2011-01-01,112.0
PPS_HAB_EU28,FI,2012-01-01,112.0
PPS_HAB_EU28,FI,2013-01-01,113.0
PPS_HAB_EU28,FI,2014-01-01,111.0
PPS_HAB_EU28,FI,2015-01-01,111.0
PPS_HAB_EU28,FI,2016-01-01,110.0
PPS_HAB_EU28,FI,2017-01-01,109.0
PPS_HAB_EU28,FR,2000-01-01,119.0
PPS_HAB_EU28,FR,2001-01-01,120.0
PPS_HAB_EU28,FR,2002-01-01,121.0
PPS_HAB_EU28,FR,2003-01-01,116.0
PPS_HAB_EU28,FR,2004-01-01,114.0
PPS_HAB_EU28,FR,2005-01-01,116.0
PPS_HAB_EU28,FR,2006-01-01,115.0
PPS_HAB_EU28,FR,2007-01-01,115.0
PPS_HAB_EU28,FR,2008-01-01,113.0
PPS_HAB_EU28,FR,2009-01-01,114.0
PPS_HAB_EU28,FR,2010-01-01,115.0
PPS_HAB_EU28,FR,2011-01-01,115.0
PPS_HAB_EU28,FR,2012-01-01,115.0
PPS_HAB_EU28,FR,2013-01-01,116.0
PPS_HAB_EU28,FR,2014-01-01,115.0
PPS_HAB_EU28,FR,2015-01-01,113.0
PPS_HAB_EU28,FR,2016-01-01,112.0
PPS_HAB_EU28,FR,2017-01-01,113.0
PPS_HAB_EU28,HR,2000-01-01,
PPS_HAB_EU28,HR,2001-01-01,
PPS_HAB_EU28,HR,2002-01-01,52.0
PPS_HAB_EU28,HR,2003-01-01,53.0
PPS_HAB_EU28,HR,2004-01-01,53.0
PPS_HAB_EU28,HR,2005-01-01,52.0
PPS_HAB_EU28,HR,2006-01-01,53.0
PPS_HAB_EU28,HR,2007-01-01,55.0
PPS_HAB_EU28,HR,2008-01-01,57.0
PPS_HAB_EU28,HR,2009-01-01,58.0
PPS_HAB_EU28,HR,2010-01-01,58.0
PPS_HAB_EU28,HR,2011-01-01,59.0
PPS_HAB_EU28,HR,2012-01-01,59.0
PPS_HAB_EU28,HR,2013-01-01,
PPS_HAB_EU28,HR,2014-01-01,
PPS_HAB_EU28,HR,2015-01-01,
PPS_HAB_EU28,HR,2016-01-01,
PPS_HAB_EU28,HR,2017-01-01,
PPS_HAB_EU28,HU,2000-01-01,54.0
PPS_HAB_EU28,HU,2001-01-01,55.0
PPS_HAB_EU28,HU,2002-01-01,57.0
PPS_HAB_EU28,HU,2003-01-01,60.0
PPS_HAB_EU28,HU,2004-01-01,61.0
PPS_HAB_EU28,HU,2005-01-01,62.0
PPS_HAB_EU28,HU,2006-01-01,62.0
PPS_HAB_EU28,HU,2007-01-01,58.0
PPS_HAB_EU28,HU,2008-01-01,58.0
PPS_HAB_EU28,HU,2009-01-01,58.0
PPS_HAB_EU28,HU,2010-01-01,60.0
PPS_HAB_EU28,HU,2011-01-01,63.0
PPS_HAB_EU28,HU,2012-01-01,63.0
PPS_HAB_EU28,HU,2013-01-01,64.0
PPS_HAB_EU28,HU,2014-01-01,64.0
PPS_HAB_EU28,HU,2015-01-01,63.0
PPS_HAB_EU28,HU,2016-01-01,64.0
PPS_HAB_EU28,HU,2017-01-01,65.0
PPS_HAB_EU28,IE,2000-01-01,98.0
PPS_HAB_EU28,IE,2001-01-01,102.0
PPS_HAB_EU28,IE,2002-01-01,101.0
PPS_HAB_EU28,IE,2003-01-01,103.0
PPS_HAB_EU28,IE,2004-01-01,105.0
PPS_HAB_EU28,IE,2005-01-01,109.0
PPS_HAB_EU28,IE,2006-01-01,109.0
PPS_HAB_EU28,IE,2007-01-01,108.0
PPS_HAB_EU28,IE,2008-01-01,106.0
PPS_HAB_EU28,IE,2009-01-01,100.0
PPS_HAB_EU28,IE,2010-01-01,98.0
PPS_HAB_EU28,IE,2011-01-01,93.0
PPS_HAB_EU28,IE,2012-01-01,95.0
PPS_HAB_EU28,IE,2013-01-01,93.0
PPS_HAB_EU28,IE,2014-01-01,90.0
PPS_HAB_EU28,IE,2015-01-01,91.0
PPS_HAB_EU28,IE,2016-01-01,91.0
PPS_HAB_EU28,IE,2017-01-01,
PPS_HAB_EU28,IS,2000-01-01,
PPS_HAB_EU28,IS,2001-01-01,
PPS_HAB_EU28,IS,2002-01-01,
PPS_HAB_EU28,IS,2003-01-01,98.0
PPS_HAB_EU28,IS,2004-01-01,102.0
PPS_HAB_EU28,IS,2005-01-01,102.0
PPS_HAB_EU28,IS,2006-01-01,103.0
PPS_HAB_EU28,IS,2007-01-01,111.0
PPS_HAB_EU28,IS,2008-01-01,110.0
PPS_HAB_EU28,IS,2009-01-01,97.0
PPS_HAB_EU28,IS,2010-01-01,87.0
PPS_HAB_EU28,IS,2011-01-01,91.0
PPS_HAB_EU28,IS,2012-01-01,92.0
PPS_HAB_EU28,IS,2013-01-01,94.0
PPS_HAB_EU28,IS,2014-01-01,96.0
PPS_HAB_EU28,IS,2015-01-01,
PPS_HAB_EU28,IS,2016-01-01,
PPS_HAB_EU28,IS,2017-01-01,
PPS_HAB_EU28,IT,2000-01-01,119.0
PPS_HAB_EU28,IT,2001-01-01,117.0
PPS_HAB_EU28,IT,2002-01-01,115.0
PPS_HAB_EU28,IT,2003-01-01,115.0
PPS_HAB_EU28,IT,2004-01-01,113.0
PPS_HAB_EU28,IT,2005-01-01,112.0
PPS_HAB_EU28,IT,2006-01-01,112.0
PPS_HAB_EU28,IT,2007-01-01,112.0
PPS_HAB_EU28,IT,2008-01-01,111.0
PPS_HAB_EU28,IT,2009-01-01,108.0
PPS_HAB_EU28,IT,2010-01-01,109.0
PPS_HAB_EU28,IT,2011-01-01,108.0
PPS_HAB_EU28,IT,2012-01-01,103.0
PPS_HAB_EU28,IT,2013-01-01,101.0
PPS_HAB_EU28,IT,2014-01-01,99.0
PPS_HAB_EU28,IT,2015-01-01,98.0
PPS_HAB_EU28,IT,2016-01-01,99.0
PPS_HAB_EU28,IT,2017-01-01,98.0
PPS_HAB_EU28,LT,2000-01-01,42.0
PPS_HAB_EU28,LT,2001-01-01,42.0
PPS_HAB_EU28,LT,2002-01-01,45.0
PPS_HAB_EU28,LT,2003-01-01,49.0
PPS_HAB_EU28,LT,2004-01-01,54.0
PPS_HAB_EU28,LT,2005-01-01,57.0
PPS_HAB_EU28,LT,2006-01-01,60.0
PPS_HAB_EU28,LT,2007-01-01,60.0
PPS_HAB_EU28,LT,2008-01-01,65.0
PPS_HAB_EU28,LT,2009-01-01,61.0
PPS_HAB_EU28,LT,2010-01-01,64.0
PPS_HAB_EU28,LT,2011-01-01,67.0
PPS_HAB_EU28,LT,2012-01-01,69.0
PPS_HAB_EU28,LT,2013-01-01,73.0
PPS_HAB_EU28,LT,2014-01-01,74.0
PPS_HAB_EU28,LT,2015-01-01,76.0
PPS_HAB_EU28,LT,2016-01-01,77.0
PPS_HAB_EU28,LT,2017-01-01,79.0
PPS_HAB_EU28,LU,2000-01-01,168.0
PPS_HAB_EU28,LU,2001-01-01,164.0
PPS_HAB_EU28,LU,2002-01-01,170.0
PPS_HAB_EU28,LU,2003-01-01,170.0
PPS_HAB_EU28,LU,2004-01-01,164.0
PPS_HAB_EU28,LU,2005-01-01,164.0
PPS_HAB_EU28,LU,2006-01-01,162.0
PPS_HAB_EU28,LU,2007-01-01,159.0
PPS_HAB_EU28,LU,2008-01-01,158.0
PPS_HAB_EU28,LU,2009-01-01,157.0
PPS_HAB_EU28,LU,2010-01-01,150.0
PPS_HAB_EU28,LU,2011-01-01,149.0
PPS_HAB_EU28,LU,2012-01-01,151.0
PPS_HAB_EU28,LU,2013-01-01,153.0
PPS_HAB_EU28,LU,2014-01-01,151.0
PPS_HAB_EU28,LU,2015-01-01,147.0
PPS_HAB_EU28,LU,2016-01-01,143.0
PPS_HAB_EU28,LU,2017-01-01,
PPS_HAB_EU28,LV,2000-01-01,35.0
PPS_HAB_EU28,LV,2001-01-01,36.0
PPS_HAB_EU28,LV,2002-01-01,39.0
PPS_HAB_EU28,LV,2003-01-01,42.0
PPS_HAB_EU28,LV,2004-01-01,43.0
PPS_HAB_EU28,LV,2005-01-01,47.0
PPS_HAB_EU28,LV,2006-01-01,51.0
PPS_HAB_EU28,LV,2007-01-01,56.0
PPS_HAB_EU28,LV,2008-01-01,59.0
PPS_HAB_EU28,LV,2009-01-01,52.0
PPS_HAB_EU28,LV,2010-01-01,53.0
PPS_HAB_EU28,LV,2011-01-01,50.0
PPS_HAB_EU28,LV,2012-01-01,53.0
PPS_HAB_EU28,LV,2013-01-01,56.0
PPS_HAB_EU28,LV,2014-01-01,57.0
PPS_HAB_EU28,LV,2015-01-01,60.0
PPS_HAB_EU28,LV,2016-01-01,62.0
PPS_HAB_EU28,LV,2017-01-01,63.0
PPS_HAB_EU28,NL,2000-01-01,125.0
PPS_HAB_EU28,NL,2001-01-01,126.0
PPS_HAB_EU28,NL,2002-01-01,127.0
PPS_HAB_EU28,NL,2003-01-01,121.0
PPS_HAB_EU28,NL,2004-01-01,120.0
PPS_HAB_EU28,NL,2005-01-01,120.0
PPS_HAB_EU28,NL,2006-01-01,123.0
PPS_HAB_EU28,NL,2007-01-01,124.0
PPS_HAB_EU28,NL,2008-01-01,123.0
PPS_HAB_EU28,NL,2009-01-01,122.0
PPS_HAB_EU28,NL,2010-01-01,117.0
PPS_HAB_EU28,NL,2011-01-01,117.0
PPS_HAB_EU28,NL,2012-01-01,117.0
PPS_HAB_EU28,NL,2013-01-01,116.0
PPS_HAB_EU28,NL,2014-01-01,115.0
PPS_HAB_EU28,NL,2015-01-01,114.0
PPS_HAB_EU28,NL,2016-01-01,112.0
PPS_HAB_EU28,NL,2017-01-01,111.0
PPS_HAB_EU28,NO,2000-01-01,115.0
PPS_HAB_EU28,NO,2001-01-01,110.0
PPS_HAB_EU28,NO,2002-01-01,116.0
PPS_HAB_EU28,NO,2003-01-01,118.0
PPS_HAB_EU28,NO,2004-01-01,120.0
PPS_HAB_EU28,NO,2005-01-01,126.0
PPS_HAB_EU28,NO,2006-01-01,118.0
PPS_HAB_EU28,NO,2007-01-01,122.0
PPS_HAB_EU28,NO,2008-01-01,122.0
PPS_HAB_EU28,NO,2009-01-01,125.0
PPS_HAB_EU28,NO,2010-01-01,124.0
PPS_HAB_EU28,NO,2011-01-01,125.0
PPS_HAB_EU28,NO,2012-01-01,128.0
PPS_HAB_EU28,NO,2013-01-01,132.0
PPS_HAB_EU28,NO,2014-01-01,133.0
PPS_HAB_EU28,NO,2015-01-01,135.0
PPS_HAB_EU28,NO,2016-01-01,130.0
PPS_HAB_EU28,NO,2017-01-01,129.0
PPS_HAB_EU28,PL,2000-01-01,52.0
PPS_HAB_EU28,PL,2001-01-01,52.0
PPS_HAB_EU28,PL,2002-01-01,52.0
PPS_HAB_EU28,PL,2003-01-01,52.0
PPS_HAB_EU28,PL,2004-01-01,51.0
PPS_HAB_EU28,PL,2005-01-01,50.0
PPS_HAB_EU28,PL,2006-01-01,51.0
PPS_HAB_EU28,PL,2007-01-01,54.0
PPS_HAB_EU28,PL,2008-01-01,56.0
PPS_HAB_EU28,PL,2009-01-01,59.0
PPS_HAB_EU28,PL,2010-01-01,63.0
PPS_HAB_EU28,PL,2011-01-01,65.0
PPS_HAB_EU28,PL,2012-01-01,67.0
PPS_HAB_EU28,PL,2013-01-01,68.0
PPS_HAB_EU28,PL,2014-01-01,68.0
PPS_HAB_EU28,PL,2015-01-01,69.0
PPS_HAB_EU28,PL,2016-01-01,70.0
PPS_HAB_EU28,PL,2017-01-01,
PPS_HAB_EU28,PT,2000-01-01,87.0
PPS_HAB_EU28,PT,2001-01-01,86.0
PPS_HAB_EU28,PT,2002-01-01,85.0
PPS_HAB_EU28,PT,2003-01-01,85.0
PPS_HAB_EU28,PT,2004-01-01,85.0
PPS_HAB_EU28,PT,2005-01-01,88.0
PPS_HAB_EU28,PT,2006-01-01,87.0
PPS_HAB_EU28,PT,2007-01-01,85.0
PPS_HAB_EU28,PT,2008-01-01,85.0
PPS_HAB_EU28,PT,2009-01-01,85.0
PPS_HAB_EU28,PT,2010-01-01,85.0
PPS_HAB_EU28,PT,2011-01-01,80.0
PPS_HAB_EU28,PT,2012-01-01,77.0
PPS_HAB_EU28,PT,2013-01-01,79.0
PPS_HAB_EU28,PT,2014-01-01,78.0
PPS_HAB_EU28,PT,2015-01-01,79.0
PPS_HAB_EU28,PT,2016-01-01,79.0
PPS_HAB_EU28,PT,2017-01-01,80.0
PPS_HAB_EU28,RO,2000-01-01,26.0
PPS_HAB_EU28,RO,2001-01-01,29.0
PPS_HAB_EU28,RO,2002-01-01,30.0
PPS_HAB_EU28,RO,2003-01-01,27.0
PPS_HAB_EU28,RO,2004-01-01,32.0
PPS_HAB_EU28,RO,2005-01-01,32.0
PPS_HAB_EU28,RO,2006-01-01,35.0
PPS_HAB_EU28,RO,2007-01-01,39.0
PPS_HAB_EU28,RO,2008-01-01,47.0
PPS_HAB_EU28,RO,2009-01-01,47.0
PPS_HAB_EU28,RO,2010-01-01,50.0
PPS_HAB_EU28,RO,2011-01-01,49.0
PPS_HAB_EU28,RO,2012-01-01,49.0
PPS_HAB_EU28,RO,2013-01-01,50.0
PPS_HAB_EU28,RO,2014-01-01,51.0
PPS_HAB_EU28,RO,2015-01-01,51.0
PPS_HAB_EU28,RO,2016-01-01,56.0
PPS_HAB_EU28,RO,2017-01-01,
PPS_HAB_EU28,SE,2000-01-01,105.0
PPS_HAB_EU28,SE,2001-01-01,105.0
PPS_HAB_EU28,SE,2002-01-01,105.0
PPS_HAB_EU28,SE,2003-01-01,104.0
PPS_HAB_EU28,SE,2004-01-01,103.0
PPS_HAB_EU28,SE,2005-01-01,103.0
PPS_HAB_EU28,SE,2006-01-01,106.0
PPS_HAB_EU28,SE,2007-01-01,109.0
PPS_HAB_EU28,SE,2008-01-01,111.0
PPS_HAB_EU28,SE,2009-01-01,111.0
PPS_HAB_EU28,SE,2010-01-01,109.0
PPS_HAB_EU28,SE,2011-01-01,112.0
PPS_HAB_EU28,SE,2012-01-01,115.0
PPS_HAB_EU28,SE,2013-01-01,113.0
PPS_HAB_EU28,SE,2014-01-01,113.0
PPS_HAB_EU28,SE,2015-01-01,112.0
PPS_HAB_EU28,SE,2016-01-01,111.0
PPS_HAB_EU28,SE,2017-01-01,110.0
PPS_HAB_EU28,SI,2000-01-01,80.0
PPS_HAB_EU28,SI,2001-01-01,80.0
PPS_HAB_EU28,SI,2002-01-01,81.0
PPS_HAB_EU28,SI,2003-01-01,80.0
PPS_HAB_EU28,SI,2004-01-01,80.0
PPS_HAB_EU28,SI,2005-01-01,82.0
PPS_HAB_EU28,SI,2006-01-01,82.0
PPS_HAB_EU28,SI,2007-01-01,82.0
PPS_HAB_EU28,SI,2008-01-01,84.0
PPS_HAB_EU28,SI,2009-01-01,81.0
PPS_HAB_EU28,SI,2010-01-01,80.0
PPS_HAB_EU28,SI,2011-01-01,81.0
PPS_HAB_EU28,SI,2012-01-01,79.0
PPS_HAB_EU28,SI,2013-01-01,79.0
PPS_HAB_EU28,SI,2014-01-01,78.0
PPS_HAB_EU28,SI,2015-01-01,77.0
PPS_HAB_EU28,SI,2016-01-01,78.0
PPS_HAB_EU28,SI,2017-01-01,79.0
PPS_HAB_EU28,SK,2000-01-01,52.0
PPS_HAB_EU28,SK,2001-01-01,54.0
PPS_HAB_EU28,SK,2002-01-01,55.0
PPS_HAB_EU28,SK,2003-01-01,54.0
PPS_HAB_EU28,SK,2004-01-01,54.0
PPS_HAB_EU28,SK,2005-01-01,56.0
PPS_HAB_EU28,SK,2006-01-01,57.0
PPS_HAB_EU28,SK,2007-01-01,62.0
PPS_HAB_EU28,SK,2008-01-01,66.0
PPS_HAB_EU28,SK,2009-01-01,67.0
PPS_HAB_EU28,SK,2010-01-01,71.0
PPS_HAB_EU28,SK,2011-01-01,70.0
PPS_HAB_EU28,SK,2012-01-01,71.0
PPS_HAB_EU28,SK,2013-01-01,72.0
PPS_HAB_EU28,SK,2014-01-01,74.0
PPS_HAB_EU28,SK,2015-01-01,75.0
PPS_HAB_EU28,SK,2016-01-01,74.0
PPS_HAB_EU28,SK,2017-01-01,75.0
PPS_HAB_EU28,UK,2000-01-01,116.0
PPS_HAB_EU28,UK,2001-01-01,117.0
PPS_HAB_EU28,UK,2002-01-01,116.0
PPS_HAB_EU28,UK,2003-01-01,117.0
PPS_HAB_EU28,UK,2004-01-01,120.0
PPS_HAB_EU28,UK,2005-01-01,117.0
PPS_HAB_EU28,UK,2006-01-01,117.0
PPS_HAB_EU28,UK,2007-01-01,115.0
PPS_HAB_EU28,UK,2008-01-01,113.0
PPS_HAB_EU28,UK,2009-01-01,112.0
PPS_HAB_EU28,UK,2010-01-01,110.0
PPS_HAB_EU28,UK,2011-01-01,108.0
PPS_HAB_EU28,UK,2012-01-01,110.0
PPS_HAB_EU28,UK,2013-01-01,109.0
PPS_HAB_EU28,UK,2014-01-01,109.0
PPS_HAB_EU28,UK,2015-01-01,111.0
PPS_HAB_EU28,UK,2016-01-01,109.0
PPS_HAB_EU28,UK,2017-01-01,106.0
