na_item,nace_r2,unit,geo\time,date,value
B1G,O-Q,MIO_EUR_NSA,AL,2015-07-01,276.4 
B1G,O-Q,MIO_EUR_NSA,AL,2015-10-01,311.9 
B1G,O-Q,MIO_EUR_NSA,AL,2016-01-01,283.0 p
B1G,O-Q,MIO_EUR_NSA,AL,2016-04-01,287.5 p
B1G,O-Q,MIO_EUR_NSA,AL,2016-07-01,281.2 p
B1G,O-Q,MIO_EUR_NSA,AL,2016-10-01,324.9 p
B1G,O-Q,MIO_EUR_NSA,AL,2017-01-01,305.6 p
B1G,O-Q,MIO_EUR_NSA,AL,2017-04-01,327.9 p
B1G,O-Q,MIO_EUR_NSA,AL,2017-07-01,329.7 p
B1G,O-Q,MIO_EUR_NSA,AL,2017-10-01,365.7 p
B1G,O-Q,MIO_EUR_NSA,AL,2018-01-01,335.5 p
B1G,O-Q,MIO_EUR_NSA,AL,2018-04-01,349.8 p
B1G,O-Q,MIO_EUR_NSA,AT,2015-07-01,13419.4 
B1G,O-Q,MIO_EUR_NSA,AT,2015-10-01,13682.2 
B1G,O-Q,MIO_EUR_NSA,AT,2016-01-01,13925.4 
B1G,O-Q,MIO_EUR_NSA,AT,2016-04-01,13896.2 
B1G,O-Q,MIO_EUR_NSA,AT,2016-07-01,13854.5 
B1G,O-Q,MIO_EUR_NSA,AT,2016-10-01,14104.6 
B1G,O-Q,MIO_EUR_NSA,AT,2017-01-01,14343.7 
B1G,O-Q,MIO_EUR_NSA,AT,2017-04-01,14344.0 
B1G,O-Q,MIO_EUR_NSA,AT,2017-07-01,14294.0 
B1G,O-Q,MIO_EUR_NSA,AT,2017-10-01,14529.4 
B1G,O-Q,MIO_EUR_NSA,AT,2018-01-01,14943.3 
B1G,O-Q,MIO_EUR_NSA,AT,2018-04-01,14879.7 
B1G,O-Q,MIO_EUR_NSA,BE,2015-07-01,19063.0 
B1G,O-Q,MIO_EUR_NSA,BE,2015-10-01,21709.0 
B1G,O-Q,MIO_EUR_NSA,BE,2016-01-01,20023.0 
B1G,O-Q,MIO_EUR_NSA,BE,2016-04-01,21658.0 
B1G,O-Q,MIO_EUR_NSA,BE,2016-07-01,19766.0 
B1G,O-Q,MIO_EUR_NSA,BE,2016-10-01,22493.0 
B1G,O-Q,MIO_EUR_NSA,BE,2017-01-01,20685.0 
B1G,O-Q,MIO_EUR_NSA,BE,2017-04-01,22393.0 
B1G,O-Q,MIO_EUR_NSA,BE,2017-07-01,20374.0 
B1G,O-Q,MIO_EUR_NSA,BE,2017-10-01,23217.0 
B1G,O-Q,MIO_EUR_NSA,BE,2018-01-01,21272.0 
B1G,O-Q,MIO_EUR_NSA,BE,2018-04-01,22993.0 
B1G,O-Q,MIO_EUR_NSA,BG,2015-07-01,1297.0 
B1G,O-Q,MIO_EUR_NSA,BG,2015-10-01,1630.5 
B1G,O-Q,MIO_EUR_NSA,BG,2016-01-01,1274.7 
B1G,O-Q,MIO_EUR_NSA,BG,2016-04-01,1248.0 
B1G,O-Q,MIO_EUR_NSA,BG,2016-07-01,1291.1 
B1G,O-Q,MIO_EUR_NSA,BG,2016-10-01,1727.1 
B1G,O-Q,MIO_EUR_NSA,BG,2017-01-01,1483.6 
B1G,O-Q,MIO_EUR_NSA,BG,2017-04-01,1514.1 
B1G,O-Q,MIO_EUR_NSA,BG,2017-07-01,1382.7 
B1G,O-Q,MIO_EUR_NSA,BG,2017-10-01,1736.4 
B1G,O-Q,MIO_EUR_NSA,BG,2018-01-01,1636.3 p
B1G,O-Q,MIO_EUR_NSA,BG,2018-04-01,1599.4 p
B1G,O-Q,MIO_EUR_NSA,CH,2015-07-01,28251.9 
B1G,O-Q,MIO_EUR_NSA,CH,2015-10-01,28133.9 
B1G,O-Q,MIO_EUR_NSA,CH,2016-01-01,28041.1 
B1G,O-Q,MIO_EUR_NSA,CH,2016-04-01,28115.2 
B1G,O-Q,MIO_EUR_NSA,CH,2016-07-01,28481.7 
B1G,O-Q,MIO_EUR_NSA,CH,2016-10-01,28952.1 
B1G,O-Q,MIO_EUR_NSA,CH,2017-01-01,29261.4 
B1G,O-Q,MIO_EUR_NSA,CH,2017-04-01,28900.2 
B1G,O-Q,MIO_EUR_NSA,CH,2017-07-01,27937.1 
B1G,O-Q,MIO_EUR_NSA,CH,2017-10-01,27489.4 
B1G,O-Q,MIO_EUR_NSA,CH,2018-01-01,27453.5 
B1G,O-Q,MIO_EUR_NSA,CH,2018-04-01,27351.8 
B1G,O-Q,MIO_EUR_NSA,CY,2015-07-01,730.2 
B1G,O-Q,MIO_EUR_NSA,CY,2015-10-01,817.8 
B1G,O-Q,MIO_EUR_NSA,CY,2016-01-01,811.8 
B1G,O-Q,MIO_EUR_NSA,CY,2016-04-01,812.8 
B1G,O-Q,MIO_EUR_NSA,CY,2016-07-01,723.1 
B1G,O-Q,MIO_EUR_NSA,CY,2016-10-01,833.4 
B1G,O-Q,MIO_EUR_NSA,CY,2017-01-01,836.4 
B1G,O-Q,MIO_EUR_NSA,CY,2017-04-01,841.5 
B1G,O-Q,MIO_EUR_NSA,CY,2017-07-01,750.0 
B1G,O-Q,MIO_EUR_NSA,CY,2017-10-01,860.1 
B1G,O-Q,MIO_EUR_NSA,CY,2018-01-01,867.1 
B1G,O-Q,MIO_EUR_NSA,CY,2018-04-01,868.2 
B1G,O-Q,MIO_EUR_NSA,CZ,2015-07-01,5608.5 
B1G,O-Q,MIO_EUR_NSA,CZ,2015-10-01,5826.2 
B1G,O-Q,MIO_EUR_NSA,CZ,2016-01-01,5668.4 
B1G,O-Q,MIO_EUR_NSA,CZ,2016-04-01,5755.5 
B1G,O-Q,MIO_EUR_NSA,CZ,2016-07-01,5848.3 
B1G,O-Q,MIO_EUR_NSA,CZ,2016-10-01,6164.6 
B1G,O-Q,MIO_EUR_NSA,CZ,2017-01-01,6028.0 
B1G,O-Q,MIO_EUR_NSA,CZ,2017-04-01,6218.5 
B1G,O-Q,MIO_EUR_NSA,CZ,2017-07-01,6465.8 
B1G,O-Q,MIO_EUR_NSA,CZ,2017-10-01,7062.6 
B1G,O-Q,MIO_EUR_NSA,CZ,2018-01-01,7087.6 
B1G,O-Q,MIO_EUR_NSA,CZ,2018-04-01,7070.9 
B1G,O-Q,MIO_EUR_NSA,DE,2015-07-01,122378.0 
B1G,O-Q,MIO_EUR_NSA,DE,2015-10-01,129928.0 
B1G,O-Q,MIO_EUR_NSA,DE,2016-01-01,126700.0 
B1G,O-Q,MIO_EUR_NSA,DE,2016-04-01,124079.0 
B1G,O-Q,MIO_EUR_NSA,DE,2016-07-01,127176.0 
B1G,O-Q,MIO_EUR_NSA,DE,2016-10-01,134362.0 
B1G,O-Q,MIO_EUR_NSA,DE,2017-01-01,131423.0 
B1G,O-Q,MIO_EUR_NSA,DE,2017-04-01,128159.0 
B1G,O-Q,MIO_EUR_NSA,DE,2017-07-01,132356.0 
B1G,O-Q,MIO_EUR_NSA,DE,2017-10-01,139359.0 
B1G,O-Q,MIO_EUR_NSA,DE,2018-01-01,137417.0 
B1G,O-Q,MIO_EUR_NSA,DE,2018-04-01,134096.0 
B1G,O-Q,MIO_EUR_NSA,DK,2015-07-01,13271.9 
B1G,O-Q,MIO_EUR_NSA,DK,2015-10-01,13270.7 
B1G,O-Q,MIO_EUR_NSA,DK,2016-01-01,13359.0 
B1G,O-Q,MIO_EUR_NSA,DK,2016-04-01,13548.0 
B1G,O-Q,MIO_EUR_NSA,DK,2016-07-01,13355.2 
B1G,O-Q,MIO_EUR_NSA,DK,2016-10-01,13335.1 
B1G,O-Q,MIO_EUR_NSA,DK,2017-01-01,13493.5 
B1G,O-Q,MIO_EUR_NSA,DK,2017-04-01,13613.0 
B1G,O-Q,MIO_EUR_NSA,DK,2017-07-01,13674.0 
B1G,O-Q,MIO_EUR_NSA,DK,2017-10-01,13916.1 
B1G,O-Q,MIO_EUR_NSA,DK,2018-01-01,13828.1 
B1G,O-Q,MIO_EUR_NSA,DK,2018-04-01,13881.5 
B1G,O-Q,MIO_EUR_NSA,EA,2015-07-01,439030.4 
B1G,O-Q,MIO_EUR_NSA,EA,2015-10-01,479458.8 
B1G,O-Q,MIO_EUR_NSA,EA,2016-01-01,449459.3 
B1G,O-Q,MIO_EUR_NSA,EA,2016-04-01,459746.0 
B1G,O-Q,MIO_EUR_NSA,EA,2016-07-01,450760.4 
B1G,O-Q,MIO_EUR_NSA,EA,2016-10-01,489874.9 
B1G,O-Q,MIO_EUR_NSA,EA,2017-01-01,460418.1 
B1G,O-Q,MIO_EUR_NSA,EA,2017-04-01,470586.3 
B1G,O-Q,MIO_EUR_NSA,EA,2017-07-01,462932.4 
B1G,O-Q,MIO_EUR_NSA,EA,2017-10-01,503192.1 
B1G,O-Q,MIO_EUR_NSA,EA,2018-01-01,473812.9 
B1G,O-Q,MIO_EUR_NSA,EA,2018-04-01,485920.7 
B1G,O-Q,MIO_EUR_NSA,EA19,2015-07-01,439030.4 
B1G,O-Q,MIO_EUR_NSA,EA19,2015-10-01,479458.8 
B1G,O-Q,MIO_EUR_NSA,EA19,2016-01-01,449459.3 
B1G,O-Q,MIO_EUR_NSA,EA19,2016-04-01,459746.0 
B1G,O-Q,MIO_EUR_NSA,EA19,2016-07-01,450760.4 
B1G,O-Q,MIO_EUR_NSA,EA19,2016-10-01,489874.9 
B1G,O-Q,MIO_EUR_NSA,EA19,2017-01-01,460418.1 
B1G,O-Q,MIO_EUR_NSA,EA19,2017-04-01,470586.3 
B1G,O-Q,MIO_EUR_NSA,EA19,2017-07-01,462932.4 
B1G,O-Q,MIO_EUR_NSA,EA19,2017-10-01,503192.1 
B1G,O-Q,MIO_EUR_NSA,EA19,2018-01-01,473812.9 
B1G,O-Q,MIO_EUR_NSA,EA19,2018-04-01,485920.7 
B1G,O-Q,MIO_EUR_NSA,EE,2015-07-01,665.6 
B1G,O-Q,MIO_EUR_NSA,EE,2015-10-01,772.2 
B1G,O-Q,MIO_EUR_NSA,EE,2016-01-01,699.9 
B1G,O-Q,MIO_EUR_NSA,EE,2016-04-01,752.3 
B1G,O-Q,MIO_EUR_NSA,EE,2016-07-01,701.7 
B1G,O-Q,MIO_EUR_NSA,EE,2016-10-01,827.5 
B1G,O-Q,MIO_EUR_NSA,EE,2017-01-01,737.3 
B1G,O-Q,MIO_EUR_NSA,EE,2017-04-01,799.8 
B1G,O-Q,MIO_EUR_NSA,EE,2017-07-01,761.0 
B1G,O-Q,MIO_EUR_NSA,EE,2017-10-01,911.2 
B1G,O-Q,MIO_EUR_NSA,EE,2018-01-01,793.5 
B1G,O-Q,MIO_EUR_NSA,EE,2018-04-01,865.0 
B1G,O-Q,MIO_EUR_NSA,EL,2015-07-01,8008.6 p
B1G,O-Q,MIO_EUR_NSA,EL,2015-10-01,8337.4 p
B1G,O-Q,MIO_EUR_NSA,EL,2016-01-01,7790.6 p
B1G,O-Q,MIO_EUR_NSA,EL,2016-04-01,8000.2 p
B1G,O-Q,MIO_EUR_NSA,EL,2016-07-01,7994.7 p
B1G,O-Q,MIO_EUR_NSA,EL,2016-10-01,8234.1 p
B1G,O-Q,MIO_EUR_NSA,EL,2017-01-01,7828.6 p
B1G,O-Q,MIO_EUR_NSA,EL,2017-04-01,7932.2 p
B1G,O-Q,MIO_EUR_NSA,EL,2017-07-01,8129.2 p
B1G,O-Q,MIO_EUR_NSA,EL,2017-10-01,8369.6 p
B1G,O-Q,MIO_EUR_NSA,EL,2018-01-01,8149.0 p
B1G,O-Q,MIO_EUR_NSA,EL,2018-04-01,8283.8 p
B1G,O-Q,MIO_EUR_NSA,ES,2015-07-01,44053.0 
B1G,O-Q,MIO_EUR_NSA,ES,2015-10-01,49643.0 
B1G,O-Q,MIO_EUR_NSA,ES,2016-01-01,42988.0 p
B1G,O-Q,MIO_EUR_NSA,ES,2016-04-01,48231.0 p
B1G,O-Q,MIO_EUR_NSA,ES,2016-07-01,45614.0 p
B1G,O-Q,MIO_EUR_NSA,ES,2016-10-01,50244.0 p
B1G,O-Q,MIO_EUR_NSA,ES,2017-01-01,43518.0 p
B1G,O-Q,MIO_EUR_NSA,ES,2017-04-01,48758.0 p
B1G,O-Q,MIO_EUR_NSA,ES,2017-07-01,46598.0 p
B1G,O-Q,MIO_EUR_NSA,ES,2017-10-01,51538.0 p
B1G,O-Q,MIO_EUR_NSA,ES,2018-01-01,44542.0 p
B1G,O-Q,MIO_EUR_NSA,ES,2018-04-01,49827.0 p
B1G,O-Q,MIO_EUR_NSA,EU28,2015-07-01,610569.4 
B1G,O-Q,MIO_EUR_NSA,EU28,2015-10-01,655036.3 
B1G,O-Q,MIO_EUR_NSA,EU28,2016-01-01,619766.1 
B1G,O-Q,MIO_EUR_NSA,EU28,2016-04-01,625050.8 
B1G,O-Q,MIO_EUR_NSA,EU28,2016-07-01,610167.5 
B1G,O-Q,MIO_EUR_NSA,EU28,2016-10-01,651765.1 
B1G,O-Q,MIO_EUR_NSA,EU28,2017-01-01,623801.7 
B1G,O-Q,MIO_EUR_NSA,EU28,2017-04-01,631259.5 
B1G,O-Q,MIO_EUR_NSA,EU28,2017-07-01,622181.2 
B1G,O-Q,MIO_EUR_NSA,EU28,2017-10-01,670031.0 
B1G,O-Q,MIO_EUR_NSA,EU28,2018-01-01,640620.9 
B1G,O-Q,MIO_EUR_NSA,EU28,2018-04-01,647829.6 
B1G,O-Q,MIO_EUR_NSA,FI,2015-07-01,9850.0 
B1G,O-Q,MIO_EUR_NSA,FI,2015-10-01,9892.0 
B1G,O-Q,MIO_EUR_NSA,FI,2016-01-01,9829.0 
B1G,O-Q,MIO_EUR_NSA,FI,2016-04-01,10069.0 
B1G,O-Q,MIO_EUR_NSA,FI,2016-07-01,9919.0 
B1G,O-Q,MIO_EUR_NSA,FI,2016-10-01,9800.0 
B1G,O-Q,MIO_EUR_NSA,FI,2017-01-01,9687.0 
B1G,O-Q,MIO_EUR_NSA,FI,2017-04-01,9988.0 
B1G,O-Q,MIO_EUR_NSA,FI,2017-07-01,9775.0 
B1G,O-Q,MIO_EUR_NSA,FI,2017-10-01,9741.0 
B1G,O-Q,MIO_EUR_NSA,FI,2018-01-01,9743.0 
B1G,O-Q,MIO_EUR_NSA,FI,2018-04-01,10178.0 
B1G,O-Q,MIO_EUR_NSA,FR,2015-07-01,108311.0 
B1G,O-Q,MIO_EUR_NSA,FR,2015-10-01,114387.0 
B1G,O-Q,MIO_EUR_NSA,FR,2016-01-01,111473.0 
B1G,O-Q,MIO_EUR_NSA,FR,2016-04-01,112486.0 
B1G,O-Q,MIO_EUR_NSA,FR,2016-07-01,110040.0 
B1G,O-Q,MIO_EUR_NSA,FR,2016-10-01,116319.0 
B1G,O-Q,MIO_EUR_NSA,FR,2017-01-01,113837.0 
B1G,O-Q,MIO_EUR_NSA,FR,2017-04-01,114763.0 
B1G,O-Q,MIO_EUR_NSA,FR,2017-07-01,112246.0 
B1G,O-Q,MIO_EUR_NSA,FR,2017-10-01,118795.0 
B1G,O-Q,MIO_EUR_NSA,FR,2018-01-01,116012.0 
B1G,O-Q,MIO_EUR_NSA,FR,2018-04-01,116398.0 
B1G,O-Q,MIO_EUR_NSA,HR,2015-07-01,1403.5 
B1G,O-Q,MIO_EUR_NSA,HR,2015-10-01,1395.8 
B1G,O-Q,MIO_EUR_NSA,HR,2016-01-01,1416.9 
B1G,O-Q,MIO_EUR_NSA,HR,2016-04-01,1476.8 
B1G,O-Q,MIO_EUR_NSA,HR,2016-07-01,1499.0 
B1G,O-Q,MIO_EUR_NSA,HR,2016-10-01,1456.6 
B1G,O-Q,MIO_EUR_NSA,HR,2017-01-01,1495.0 
B1G,O-Q,MIO_EUR_NSA,HR,2017-04-01,1563.6 
B1G,O-Q,MIO_EUR_NSA,HR,2017-07-01,1575.8 
B1G,O-Q,MIO_EUR_NSA,HR,2017-10-01,1519.2 
B1G,O-Q,MIO_EUR_NSA,HR,2018-01-01,1584.7 
B1G,O-Q,MIO_EUR_NSA,HR,2018-04-01,1651.5 
B1G,O-Q,MIO_EUR_NSA,HU,2015-07-01,3916.7 
B1G,O-Q,MIO_EUR_NSA,HU,2015-10-01,4265.6 
B1G,O-Q,MIO_EUR_NSA,HU,2016-01-01,3996.2 
B1G,O-Q,MIO_EUR_NSA,HU,2016-04-01,4204.3 
B1G,O-Q,MIO_EUR_NSA,HU,2016-07-01,4226.3 
B1G,O-Q,MIO_EUR_NSA,HU,2016-10-01,4753.7 
B1G,O-Q,MIO_EUR_NSA,HU,2017-01-01,4294.0 
B1G,O-Q,MIO_EUR_NSA,HU,2017-04-01,4510.9 
B1G,O-Q,MIO_EUR_NSA,HU,2017-07-01,4574.7 
B1G,O-Q,MIO_EUR_NSA,HU,2017-10-01,5000.5 
B1G,O-Q,MIO_EUR_NSA,HU,2018-01-01,4702.5 
B1G,O-Q,MIO_EUR_NSA,HU,2018-04-01,4596.2 
B1G,O-Q,MIO_EUR_NSA,IE,2015-07-01,7192.8 d
B1G,O-Q,MIO_EUR_NSA,IE,2015-10-01,7318.3 d
B1G,O-Q,MIO_EUR_NSA,IE,2016-01-01,7119.7 d
B1G,O-Q,MIO_EUR_NSA,IE,2016-04-01,7440.8 d
B1G,O-Q,MIO_EUR_NSA,IE,2016-07-01,7440.3 d
B1G,O-Q,MIO_EUR_NSA,IE,2016-10-01,7598.5 d
B1G,O-Q,MIO_EUR_NSA,IE,2017-01-01,7247.1 d
B1G,O-Q,MIO_EUR_NSA,IE,2017-04-01,7623.2 d
B1G,O-Q,MIO_EUR_NSA,IE,2017-07-01,7881.1 d
B1G,O-Q,MIO_EUR_NSA,IE,2017-10-01,7985.5 d
B1G,O-Q,MIO_EUR_NSA,IE,2018-01-01,7620.4 d
B1G,O-Q,MIO_EUR_NSA,IE,2018-04-01,7975.1 d
B1G,O-Q,MIO_EUR_NSA,IT,2015-07-01,58405.6 
B1G,O-Q,MIO_EUR_NSA,IT,2015-10-01,72189.8 
B1G,O-Q,MIO_EUR_NSA,IT,2016-01-01,60798.6 
B1G,O-Q,MIO_EUR_NSA,IT,2016-04-01,60352.3 
B1G,O-Q,MIO_EUR_NSA,IT,2016-07-01,58726.2 
B1G,O-Q,MIO_EUR_NSA,IT,2016-10-01,72522.5 
B1G,O-Q,MIO_EUR_NSA,IT,2017-01-01,61902.8 
B1G,O-Q,MIO_EUR_NSA,IT,2017-04-01,61171.2 
B1G,O-Q,MIO_EUR_NSA,IT,2017-07-01,59766.2 
B1G,O-Q,MIO_EUR_NSA,IT,2017-10-01,73260.7 
B1G,O-Q,MIO_EUR_NSA,IT,2018-01-01,61666.1 
B1G,O-Q,MIO_EUR_NSA,IT,2018-04-01,64414.5 
B1G,O-Q,MIO_EUR_NSA,LT,2015-07-01,1101.0 
B1G,O-Q,MIO_EUR_NSA,LT,2015-10-01,1255.6 
B1G,O-Q,MIO_EUR_NSA,LT,2016-01-01,1213.1 
B1G,O-Q,MIO_EUR_NSA,LT,2016-04-01,1325.0 
B1G,O-Q,MIO_EUR_NSA,LT,2016-07-01,1155.2 
B1G,O-Q,MIO_EUR_NSA,LT,2016-10-01,1355.2 
B1G,O-Q,MIO_EUR_NSA,LT,2017-01-01,1299.8 
B1G,O-Q,MIO_EUR_NSA,LT,2017-04-01,1424.0 
B1G,O-Q,MIO_EUR_NSA,LT,2017-07-01,1210.7 
B1G,O-Q,MIO_EUR_NSA,LT,2017-10-01,1406.6 
B1G,O-Q,MIO_EUR_NSA,LT,2018-01-01,1392.1 
B1G,O-Q,MIO_EUR_NSA,LT,2018-04-01,1514.6 
B1G,O-Q,MIO_EUR_NSA,LU,2015-07-01,1707.0 
B1G,O-Q,MIO_EUR_NSA,LU,2015-10-01,2113.5 
B1G,O-Q,MIO_EUR_NSA,LU,2016-01-01,1786.5 
B1G,O-Q,MIO_EUR_NSA,LU,2016-04-01,1818.4 
B1G,O-Q,MIO_EUR_NSA,LU,2016-07-01,1784.8 
B1G,O-Q,MIO_EUR_NSA,LU,2016-10-01,2158.2 
B1G,O-Q,MIO_EUR_NSA,LU,2017-01-01,1924.6 
B1G,O-Q,MIO_EUR_NSA,LU,2017-04-01,1970.5 
B1G,O-Q,MIO_EUR_NSA,LU,2017-07-01,1910.5 
B1G,O-Q,MIO_EUR_NSA,LU,2017-10-01,2401.7 
B1G,O-Q,MIO_EUR_NSA,LU,2018-01-01,2073.9 
B1G,O-Q,MIO_EUR_NSA,LU,2018-04-01,2108.7 
B1G,O-Q,MIO_EUR_NSA,LV,2015-07-01,794.0 
B1G,O-Q,MIO_EUR_NSA,LV,2015-10-01,924.6 
B1G,O-Q,MIO_EUR_NSA,LV,2016-01-01,799.2 
B1G,O-Q,MIO_EUR_NSA,LV,2016-04-01,927.5 
B1G,O-Q,MIO_EUR_NSA,LV,2016-07-01,826.4 
B1G,O-Q,MIO_EUR_NSA,LV,2016-10-01,982.1 
B1G,O-Q,MIO_EUR_NSA,LV,2017-01-01,850.8 
B1G,O-Q,MIO_EUR_NSA,LV,2017-04-01,1003.7 
B1G,O-Q,MIO_EUR_NSA,LV,2017-07-01,883.8 
B1G,O-Q,MIO_EUR_NSA,LV,2017-10-01,1047.3 
B1G,O-Q,MIO_EUR_NSA,LV,2018-01-01,894.3 
B1G,O-Q,MIO_EUR_NSA,LV,2018-04-01,1058.5 
B1G,O-Q,MIO_EUR_NSA,ME,2015-07-01,: c
B1G,O-Q,MIO_EUR_NSA,ME,2015-10-01,: c
B1G,O-Q,MIO_EUR_NSA,ME,2016-01-01,: c
B1G,O-Q,MIO_EUR_NSA,ME,2016-04-01,: c
B1G,O-Q,MIO_EUR_NSA,ME,2016-07-01,: c
B1G,O-Q,MIO_EUR_NSA,ME,2016-10-01,: c
B1G,O-Q,MIO_EUR_NSA,ME,2017-01-01,: 
B1G,O-Q,MIO_EUR_NSA,ME,2017-04-01,: 
B1G,O-Q,MIO_EUR_NSA,ME,2017-07-01,: 
B1G,O-Q,MIO_EUR_NSA,ME,2017-10-01,: 
B1G,O-Q,MIO_EUR_NSA,ME,2018-01-01,: 
B1G,O-Q,MIO_EUR_NSA,ME,2018-04-01,: 
B1G,O-Q,MIO_EUR_NSA,MK,2015-07-01,281.4 
B1G,O-Q,MIO_EUR_NSA,MK,2015-10-01,285.6 
B1G,O-Q,MIO_EUR_NSA,MK,2016-01-01,293.6 p
B1G,O-Q,MIO_EUR_NSA,MK,2016-04-01,297.6 p
B1G,O-Q,MIO_EUR_NSA,MK,2016-07-01,299.0 p
B1G,O-Q,MIO_EUR_NSA,MK,2016-10-01,302.7 p
B1G,O-Q,MIO_EUR_NSA,MK,2017-01-01,301.3 e
B1G,O-Q,MIO_EUR_NSA,MK,2017-04-01,298.8 e
B1G,O-Q,MIO_EUR_NSA,MK,2017-07-01,298.7 e
B1G,O-Q,MIO_EUR_NSA,MK,2017-10-01,302.9 e
B1G,O-Q,MIO_EUR_NSA,MK,2018-01-01,310.8 e
B1G,O-Q,MIO_EUR_NSA,MK,2018-04-01,301.4 e
B1G,O-Q,MIO_EUR_NSA,MT,2015-07-01,365.3 
B1G,O-Q,MIO_EUR_NSA,MT,2015-10-01,364.0 
B1G,O-Q,MIO_EUR_NSA,MT,2016-01-01,381.6 
B1G,O-Q,MIO_EUR_NSA,MT,2016-04-01,391.6 
B1G,O-Q,MIO_EUR_NSA,MT,2016-07-01,392.0 
B1G,O-Q,MIO_EUR_NSA,MT,2016-10-01,381.8 
B1G,O-Q,MIO_EUR_NSA,MT,2017-01-01,410.0 
B1G,O-Q,MIO_EUR_NSA,MT,2017-04-01,419.8 
B1G,O-Q,MIO_EUR_NSA,MT,2017-07-01,424.2 
B1G,O-Q,MIO_EUR_NSA,MT,2017-10-01,417.4 
B1G,O-Q,MIO_EUR_NSA,MT,2018-01-01,451.9 
B1G,O-Q,MIO_EUR_NSA,MT,2018-04-01,456.6 
B1G,O-Q,MIO_EUR_NSA,NL,2015-07-01,31637.0 
B1G,O-Q,MIO_EUR_NSA,NL,2015-10-01,34451.0 
B1G,O-Q,MIO_EUR_NSA,NL,2016-01-01,31974.0 p
B1G,O-Q,MIO_EUR_NSA,NL,2016-04-01,35194.0 p
B1G,O-Q,MIO_EUR_NSA,NL,2016-07-01,32738.0 p
B1G,O-Q,MIO_EUR_NSA,NL,2016-10-01,35508.0 p
B1G,O-Q,MIO_EUR_NSA,NL,2017-01-01,32709.0 p
B1G,O-Q,MIO_EUR_NSA,NL,2017-04-01,36025.0 p
B1G,O-Q,MIO_EUR_NSA,NL,2017-07-01,33383.0 p
B1G,O-Q,MIO_EUR_NSA,NL,2017-10-01,36693.0 p
B1G,O-Q,MIO_EUR_NSA,NL,2018-01-01,34155.0 p
B1G,O-Q,MIO_EUR_NSA,NL,2018-04-01,36715.0 p
B1G,O-Q,MIO_EUR_NSA,NO,2015-07-01,17188.4 
B1G,O-Q,MIO_EUR_NSA,NO,2015-10-01,16757.6 
B1G,O-Q,MIO_EUR_NSA,NO,2016-01-01,16588.6 
B1G,O-Q,MIO_EUR_NSA,NO,2016-04-01,18273.8 
B1G,O-Q,MIO_EUR_NSA,NO,2016-07-01,17359.8 
B1G,O-Q,MIO_EUR_NSA,NO,2016-10-01,18302.8 
B1G,O-Q,MIO_EUR_NSA,NO,2017-01-01,18509.0 
B1G,O-Q,MIO_EUR_NSA,NO,2017-04-01,18885.6 
B1G,O-Q,MIO_EUR_NSA,NO,2017-07-01,18073.0 
B1G,O-Q,MIO_EUR_NSA,NO,2017-10-01,17936.3 
B1G,O-Q,MIO_EUR_NSA,NO,2018-01-01,18025.8 
B1G,O-Q,MIO_EUR_NSA,NO,2018-04-01,19446.7 
B1G,O-Q,MIO_EUR_NSA,PL,2015-07-01,13073.1 
B1G,O-Q,MIO_EUR_NSA,PL,2015-10-01,15658.5 
B1G,O-Q,MIO_EUR_NSA,PL,2016-01-01,14476.2 
B1G,O-Q,MIO_EUR_NSA,PL,2016-04-01,12715.3 
B1G,O-Q,MIO_EUR_NSA,PL,2016-07-01,13057.9 
B1G,O-Q,MIO_EUR_NSA,PL,2016-10-01,15451.8 
B1G,O-Q,MIO_EUR_NSA,PL,2017-01-01,14913.3 
B1G,O-Q,MIO_EUR_NSA,PL,2017-04-01,13399.2 
B1G,O-Q,MIO_EUR_NSA,PL,2017-07-01,13513.0 
B1G,O-Q,MIO_EUR_NSA,PL,2017-10-01,16457.1 
B1G,O-Q,MIO_EUR_NSA,PL,2018-01-01,15825.3 
B1G,O-Q,MIO_EUR_NSA,PL,2018-04-01,13538.3 
B1G,O-Q,MIO_EUR_NSA,PT,2015-07-01,7506.7 
B1G,O-Q,MIO_EUR_NSA,PT,2015-10-01,7624.2 
B1G,O-Q,MIO_EUR_NSA,PT,2016-01-01,7597.3 
B1G,O-Q,MIO_EUR_NSA,PT,2016-04-01,8454.4 
B1G,O-Q,MIO_EUR_NSA,PT,2016-07-01,7709.5 
B1G,O-Q,MIO_EUR_NSA,PT,2016-10-01,7869.7 
B1G,O-Q,MIO_EUR_NSA,PT,2017-01-01,7662.6 
B1G,O-Q,MIO_EUR_NSA,PT,2017-04-01,8592.4 
B1G,O-Q,MIO_EUR_NSA,PT,2017-07-01,7807.9 
B1G,O-Q,MIO_EUR_NSA,PT,2017-10-01,8398.0 
B1G,O-Q,MIO_EUR_NSA,PT,2018-01-01,7690.2 
B1G,O-Q,MIO_EUR_NSA,PT,2018-04-01,8586.5 
B1G,O-Q,MIO_EUR_NSA,RO,2015-07-01,4288.8 
B1G,O-Q,MIO_EUR_NSA,RO,2015-10-01,4082.3 
B1G,O-Q,MIO_EUR_NSA,RO,2016-01-01,4494.3 p
B1G,O-Q,MIO_EUR_NSA,RO,2016-04-01,4570.5 p
B1G,O-Q,MIO_EUR_NSA,RO,2016-07-01,4925.9 p
B1G,O-Q,MIO_EUR_NSA,RO,2016-10-01,5061.9 p
B1G,O-Q,MIO_EUR_NSA,RO,2017-01-01,5187.9 p
B1G,O-Q,MIO_EUR_NSA,RO,2017-04-01,5457.7 p
B1G,O-Q,MIO_EUR_NSA,RO,2017-07-01,5663.7 p
B1G,O-Q,MIO_EUR_NSA,RO,2017-10-01,6026.2 p
B1G,O-Q,MIO_EUR_NSA,RO,2018-01-01,5983.7 p
B1G,O-Q,MIO_EUR_NSA,RO,2018-04-01,6361.9 p
B1G,O-Q,MIO_EUR_NSA,RS,2015-07-01,921.0 
B1G,O-Q,MIO_EUR_NSA,RS,2015-10-01,1020.9 
B1G,O-Q,MIO_EUR_NSA,RS,2016-01-01,828.1 
B1G,O-Q,MIO_EUR_NSA,RS,2016-04-01,875.7 
B1G,O-Q,MIO_EUR_NSA,RS,2016-07-01,912.4 
B1G,O-Q,MIO_EUR_NSA,RS,2016-10-01,1020.5 
B1G,O-Q,MIO_EUR_NSA,RS,2017-01-01,858.2 p
B1G,O-Q,MIO_EUR_NSA,RS,2017-04-01,929.1 p
B1G,O-Q,MIO_EUR_NSA,RS,2017-07-01,986.4 p
B1G,O-Q,MIO_EUR_NSA,RS,2017-10-01,1105.0 p
B1G,O-Q,MIO_EUR_NSA,RS,2018-01-01,975.5 p
B1G,O-Q,MIO_EUR_NSA,RS,2018-04-01,1065.2 p
B1G,O-Q,MIO_EUR_NSA,SE,2015-07-01,21029.1 
B1G,O-Q,MIO_EUR_NSA,SE,2015-10-01,21920.0 
B1G,O-Q,MIO_EUR_NSA,SE,2016-01-01,21475.5 
B1G,O-Q,MIO_EUR_NSA,SE,2016-04-01,22710.3 
B1G,O-Q,MIO_EUR_NSA,SE,2016-07-01,22245.2 
B1G,O-Q,MIO_EUR_NSA,SE,2016-10-01,22458.5 
B1G,O-Q,MIO_EUR_NSA,SE,2017-01-01,22240.2 
B1G,O-Q,MIO_EUR_NSA,SE,2017-04-01,22671.0 
B1G,O-Q,MIO_EUR_NSA,SE,2017-07-01,23008.2 
B1G,O-Q,MIO_EUR_NSA,SE,2017-10-01,23185.6 
B1G,O-Q,MIO_EUR_NSA,SE,2018-01-01,21987.6 
B1G,O-Q,MIO_EUR_NSA,SE,2018-04-01,22168.0 
B1G,O-Q,MIO_EUR_NSA,SI,2015-07-01,1356.7 
B1G,O-Q,MIO_EUR_NSA,SI,2015-10-01,1430.0 
B1G,O-Q,MIO_EUR_NSA,SI,2016-01-01,1417.0 
B1G,O-Q,MIO_EUR_NSA,SI,2016-04-01,1447.5 
B1G,O-Q,MIO_EUR_NSA,SI,2016-07-01,1438.6 
B1G,O-Q,MIO_EUR_NSA,SI,2016-10-01,1513.4 
B1G,O-Q,MIO_EUR_NSA,SI,2017-01-01,1470.2 
B1G,O-Q,MIO_EUR_NSA,SI,2017-04-01,1518.5 
B1G,O-Q,MIO_EUR_NSA,SI,2017-07-01,1505.3 
B1G,O-Q,MIO_EUR_NSA,SI,2017-10-01,1600.0 
B1G,O-Q,MIO_EUR_NSA,SI,2018-01-01,1537.7 
B1G,O-Q,MIO_EUR_NSA,SI,2018-04-01,1595.3 
B1G,O-Q,MIO_EUR_NSA,SK,2015-07-01,2443.5 
B1G,O-Q,MIO_EUR_NSA,SK,2015-10-01,2459.6 
B1G,O-Q,MIO_EUR_NSA,SK,2016-01-01,2522.5 
B1G,O-Q,MIO_EUR_NSA,SK,2016-04-01,2738.3 
B1G,O-Q,MIO_EUR_NSA,SK,2016-07-01,2750.1 
B1G,O-Q,MIO_EUR_NSA,SK,2016-10-01,2752.9 
B1G,O-Q,MIO_EUR_NSA,SK,2017-01-01,2601.6 
B1G,O-Q,MIO_EUR_NSA,SK,2017-04-01,2840.7 
B1G,O-Q,MIO_EUR_NSA,SK,2017-07-01,2903.2 
B1G,O-Q,MIO_EUR_NSA,SK,2017-10-01,2907.0 
B1G,O-Q,MIO_EUR_NSA,SK,2018-01-01,2797.5 
B1G,O-Q,MIO_EUR_NSA,SK,2018-04-01,3033.6 
B1G,O-Q,MIO_EUR_NSA,TR,2015-07-01,19681.8 
B1G,O-Q,MIO_EUR_NSA,TR,2015-10-01,21113.4 
B1G,O-Q,MIO_EUR_NSA,TR,2016-01-01,23089.9 
B1G,O-Q,MIO_EUR_NSA,TR,2016-04-01,23072.4 
B1G,O-Q,MIO_EUR_NSA,TR,2016-07-01,21647.8 
B1G,O-Q,MIO_EUR_NSA,TR,2016-10-01,22439.5 
B1G,O-Q,MIO_EUR_NSA,TR,2017-01-01,21207.5 
B1G,O-Q,MIO_EUR_NSA,TR,2017-04-01,21018.2 
B1G,O-Q,MIO_EUR_NSA,TR,2017-07-01,19955.9 
B1G,O-Q,MIO_EUR_NSA,TR,2017-10-01,20013.3 
B1G,O-Q,MIO_EUR_NSA,TR,2018-01-01,20768.1 
B1G,O-Q,MIO_EUR_NSA,TR,2018-04-01,19920.1 
B1G,O-Q,MIO_EUR_NSA,UK,2015-07-01,107667.1 
B1G,O-Q,MIO_EUR_NSA,UK,2015-10-01,107649.3 
B1G,O-Q,MIO_EUR_NSA,UK,2016-01-01,104387.5 
B1G,O-Q,MIO_EUR_NSA,UK,2016-04-01,99383.6 
B1G,O-Q,MIO_EUR_NSA,UK,2016-07-01,93280.2 
B1G,O-Q,MIO_EUR_NSA,UK,2016-10-01,91667.1 
B1G,O-Q,MIO_EUR_NSA,UK,2017-01-01,94150.6 
B1G,O-Q,MIO_EUR_NSA,UK,2017-04-01,91472.7 
B1G,O-Q,MIO_EUR_NSA,UK,2017-07-01,89073.2 
B1G,O-Q,MIO_EUR_NSA,UK,2017-10-01,91549.7 
B1G,O-Q,MIO_EUR_NSA,UK,2018-01-01,93747.8 
B1G,O-Q,MIO_EUR_NSA,UK,2018-04-01,90655.8 
B1G,O-Q,MIO_EUR_NSA,XK,2015-07-01,187.2 
B1G,O-Q,MIO_EUR_NSA,XK,2015-10-01,191.6 
B1G,O-Q,MIO_EUR_NSA,XK,2016-01-01,194.0 
B1G,O-Q,MIO_EUR_NSA,XK,2016-04-01,194.4 
B1G,O-Q,MIO_EUR_NSA,XK,2016-07-01,193.6 
B1G,O-Q,MIO_EUR_NSA,XK,2016-10-01,194.6 
B1G,O-Q,MIO_EUR_NSA,XK,2017-01-01,183.8 p
B1G,O-Q,MIO_EUR_NSA,XK,2017-04-01,192.2 p
B1G,O-Q,MIO_EUR_NSA,XK,2017-07-01,192.5 p
B1G,O-Q,MIO_EUR_NSA,XK,2017-10-01,204.7 p
B1G,O-Q,MIO_EUR_NSA,XK,2018-01-01,198.7 p
B1G,O-Q,MIO_EUR_NSA,XK,2018-04-01,: 
B1G,O-Q,MIO_EUR_SCA,AT,2015-07-01,13541.0 
B1G,O-Q,MIO_EUR_SCA,AT,2015-10-01,13713.8 
B1G,O-Q,MIO_EUR_SCA,AT,2016-01-01,13787.5 
B1G,O-Q,MIO_EUR_SCA,AT,2016-04-01,13878.9 
B1G,O-Q,MIO_EUR_SCA,AT,2016-07-01,13977.5 
B1G,O-Q,MIO_EUR_SCA,AT,2016-10-01,14139.1 
B1G,O-Q,MIO_EUR_SCA,AT,2017-01-01,14203.2 
B1G,O-Q,MIO_EUR_SCA,AT,2017-04-01,14321.8 
B1G,O-Q,MIO_EUR_SCA,AT,2017-07-01,14418.0 
B1G,O-Q,MIO_EUR_SCA,AT,2017-10-01,14567.7 
B1G,O-Q,MIO_EUR_SCA,AT,2018-01-01,14792.3 
B1G,O-Q,MIO_EUR_SCA,AT,2018-04-01,14857.6 
B1G,O-Q,MIO_EUR_SCA,BE,2015-07-01,20361.0 
B1G,O-Q,MIO_EUR_SCA,BE,2015-10-01,20507.0 
B1G,O-Q,MIO_EUR_SCA,BE,2016-01-01,20700.0 
B1G,O-Q,MIO_EUR_SCA,BE,2016-04-01,20882.0 
B1G,O-Q,MIO_EUR_SCA,BE,2016-07-01,21109.0 
B1G,O-Q,MIO_EUR_SCA,BE,2016-10-01,21250.0 
B1G,O-Q,MIO_EUR_SCA,BE,2017-01-01,21398.0 
B1G,O-Q,MIO_EUR_SCA,BE,2017-04-01,21590.0 
B1G,O-Q,MIO_EUR_SCA,BE,2017-07-01,21758.0 
B1G,O-Q,MIO_EUR_SCA,BE,2017-10-01,21924.0 
B1G,O-Q,MIO_EUR_SCA,BE,2018-01-01,22012.0 
B1G,O-Q,MIO_EUR_SCA,BE,2018-04-01,22163.0 
B1G,O-Q,MIO_EUR_SCA,BG,2015-07-01,1426.3 
B1G,O-Q,MIO_EUR_SCA,BG,2015-10-01,1387.9 
B1G,O-Q,MIO_EUR_SCA,BG,2016-01-01,1329.5 
B1G,O-Q,MIO_EUR_SCA,BG,2016-04-01,1303.8 
B1G,O-Q,MIO_EUR_SCA,BG,2016-07-01,1421.2 
B1G,O-Q,MIO_EUR_SCA,BG,2016-10-01,1474.7 
B1G,O-Q,MIO_EUR_SCA,BG,2017-01-01,1541.6 
B1G,O-Q,MIO_EUR_SCA,BG,2017-04-01,1579.2 
B1G,O-Q,MIO_EUR_SCA,BG,2017-07-01,1524.2 
B1G,O-Q,MIO_EUR_SCA,BG,2017-10-01,1487.5 
B1G,O-Q,MIO_EUR_SCA,BG,2018-01-01,1696.2 p
B1G,O-Q,MIO_EUR_SCA,BG,2018-04-01,1666.8 p
B1G,O-Q,MIO_EUR_SCA,CH,2015-07-01,28253.8 
B1G,O-Q,MIO_EUR_SCA,CH,2015-10-01,28049.5 
B1G,O-Q,MIO_EUR_SCA,CH,2016-01-01,28052.5 
B1G,O-Q,MIO_EUR_SCA,CH,2016-04-01,28185.2 
B1G,O-Q,MIO_EUR_SCA,CH,2016-07-01,28485.0 
B1G,O-Q,MIO_EUR_SCA,CH,2016-10-01,28865.0 
B1G,O-Q,MIO_EUR_SCA,CH,2017-01-01,29273.3 
B1G,O-Q,MIO_EUR_SCA,CH,2017-04-01,28972.6 
B1G,O-Q,MIO_EUR_SCA,CH,2017-07-01,27941.5 
B1G,O-Q,MIO_EUR_SCA,CH,2017-10-01,27406.2 
B1G,O-Q,MIO_EUR_SCA,CH,2018-01-01,27464.2 
B1G,O-Q,MIO_EUR_SCA,CH,2018-04-01,27419.2 
B1G,O-Q,MIO_EUR_SCA,CY,2015-07-01,795.0 
B1G,O-Q,MIO_EUR_SCA,CY,2015-10-01,793.1 
B1G,O-Q,MIO_EUR_SCA,CY,2016-01-01,790.0 
B1G,O-Q,MIO_EUR_SCA,CY,2016-04-01,791.7 
B1G,O-Q,MIO_EUR_SCA,CY,2016-07-01,792.7 
B1G,O-Q,MIO_EUR_SCA,CY,2016-10-01,806.7 
B1G,O-Q,MIO_EUR_SCA,CY,2017-01-01,815.1 
B1G,O-Q,MIO_EUR_SCA,CY,2017-04-01,818.3 
B1G,O-Q,MIO_EUR_SCA,CY,2017-07-01,823.8 
B1G,O-Q,MIO_EUR_SCA,CY,2017-10-01,830.9 
B1G,O-Q,MIO_EUR_SCA,CY,2018-01-01,839.7 
B1G,O-Q,MIO_EUR_SCA,CY,2018-04-01,844.8 
B1G,O-Q,MIO_EUR_SCA,CZ,2015-07-01,5641.9 
B1G,O-Q,MIO_EUR_SCA,CZ,2015-10-01,5679.8 
B1G,O-Q,MIO_EUR_SCA,CZ,2016-01-01,5728.0 
B1G,O-Q,MIO_EUR_SCA,CZ,2016-04-01,5820.4 
B1G,O-Q,MIO_EUR_SCA,CZ,2016-07-01,5902.9 
B1G,O-Q,MIO_EUR_SCA,CZ,2016-10-01,5985.4 
B1G,O-Q,MIO_EUR_SCA,CZ,2017-01-01,6071.6 
B1G,O-Q,MIO_EUR_SCA,CZ,2017-04-01,6305.5 
B1G,O-Q,MIO_EUR_SCA,CZ,2017-07-01,6542.0 
B1G,O-Q,MIO_EUR_SCA,CZ,2017-10-01,6849.2 
B1G,O-Q,MIO_EUR_SCA,CZ,2018-01-01,7106.3 
B1G,O-Q,MIO_EUR_SCA,CZ,2018-04-01,7169.0 
B1G,O-Q,MIO_EUR_SCA,DE,2015-07-01,123455.0 
B1G,O-Q,MIO_EUR_SCA,DE,2015-10-01,125121.0 
B1G,O-Q,MIO_EUR_SCA,DE,2016-01-01,126417.0 
B1G,O-Q,MIO_EUR_SCA,DE,2016-04-01,127597.0 
B1G,O-Q,MIO_EUR_SCA,DE,2016-07-01,128393.0 
B1G,O-Q,MIO_EUR_SCA,DE,2016-10-01,129746.0 
B1G,O-Q,MIO_EUR_SCA,DE,2017-01-01,130559.0 
B1G,O-Q,MIO_EUR_SCA,DE,2017-04-01,132203.0 
B1G,O-Q,MIO_EUR_SCA,DE,2017-07-01,133779.0 
B1G,O-Q,MIO_EUR_SCA,DE,2017-10-01,135056.0 
B1G,O-Q,MIO_EUR_SCA,DE,2018-01-01,136770.0 
B1G,O-Q,MIO_EUR_SCA,DE,2018-04-01,138051.0 
B1G,O-Q,MIO_EUR_SCA,DK,2015-07-01,13310.8 
B1G,O-Q,MIO_EUR_SCA,DK,2015-10-01,13274.2 
B1G,O-Q,MIO_EUR_SCA,DK,2016-01-01,13345.4 
B1G,O-Q,MIO_EUR_SCA,DK,2016-04-01,13525.6 
B1G,O-Q,MIO_EUR_SCA,DK,2016-07-01,13386.9 
B1G,O-Q,MIO_EUR_SCA,DK,2016-10-01,13339.6 
B1G,O-Q,MIO_EUR_SCA,DK,2017-01-01,13486.3 
B1G,O-Q,MIO_EUR_SCA,DK,2017-04-01,13588.0 
B1G,O-Q,MIO_EUR_SCA,DK,2017-07-01,13700.2 
B1G,O-Q,MIO_EUR_SCA,DK,2017-10-01,13922.0 
B1G,O-Q,MIO_EUR_SCA,DK,2018-01-01,13826.7 
B1G,O-Q,MIO_EUR_SCA,DK,2018-04-01,13853.3 
B1G,O-Q,MIO_EUR_SCA,EA,2015-07-01,451897.2 
B1G,O-Q,MIO_EUR_SCA,EA,2015-10-01,455037.4 
B1G,O-Q,MIO_EUR_SCA,EA,2016-01-01,458434.7 
B1G,O-Q,MIO_EUR_SCA,EA,2016-04-01,460961.2 
B1G,O-Q,MIO_EUR_SCA,EA,2016-07-01,463890.6 
B1G,O-Q,MIO_EUR_SCA,EA,2016-10-01,466450.2 
B1G,O-Q,MIO_EUR_SCA,EA,2017-01-01,468608.2 
B1G,O-Q,MIO_EUR_SCA,EA,2017-04-01,472723.6 
B1G,O-Q,MIO_EUR_SCA,EA,2017-07-01,476421.3 
B1G,O-Q,MIO_EUR_SCA,EA,2017-10-01,479628.5 
B1G,O-Q,MIO_EUR_SCA,EA,2018-01-01,483089.6 
B1G,O-Q,MIO_EUR_SCA,EA,2018-04-01,488520.0 
B1G,O-Q,MIO_EUR_SCA,EA19,2015-07-01,451897.2 
B1G,O-Q,MIO_EUR_SCA,EA19,2015-10-01,455037.4 
B1G,O-Q,MIO_EUR_SCA,EA19,2016-01-01,458434.7 
B1G,O-Q,MIO_EUR_SCA,EA19,2016-04-01,460961.2 
B1G,O-Q,MIO_EUR_SCA,EA19,2016-07-01,463890.6 
B1G,O-Q,MIO_EUR_SCA,EA19,2016-10-01,466450.2 
B1G,O-Q,MIO_EUR_SCA,EA19,2017-01-01,468608.2 
B1G,O-Q,MIO_EUR_SCA,EA19,2017-04-01,472723.6 
B1G,O-Q,MIO_EUR_SCA,EA19,2017-07-01,476421.3 
B1G,O-Q,MIO_EUR_SCA,EA19,2017-10-01,479628.5 
B1G,O-Q,MIO_EUR_SCA,EA19,2018-01-01,483089.6 
B1G,O-Q,MIO_EUR_SCA,EA19,2018-04-01,488520.0 
B1G,O-Q,MIO_EUR_SCA,EE,2015-07-01,709.5 
B1G,O-Q,MIO_EUR_SCA,EE,2015-10-01,718.8 
B1G,O-Q,MIO_EUR_SCA,EE,2016-01-01,730.3 
B1G,O-Q,MIO_EUR_SCA,EE,2016-04-01,741.9 
B1G,O-Q,MIO_EUR_SCA,EE,2016-07-01,750.5 
B1G,O-Q,MIO_EUR_SCA,EE,2016-10-01,761.7 
B1G,O-Q,MIO_EUR_SCA,EE,2017-01-01,775.5 
B1G,O-Q,MIO_EUR_SCA,EE,2017-04-01,792.1 
B1G,O-Q,MIO_EUR_SCA,EE,2017-07-01,812.7 
B1G,O-Q,MIO_EUR_SCA,EE,2017-10-01,830.4 
B1G,O-Q,MIO_EUR_SCA,EE,2018-01-01,842.0 
B1G,O-Q,MIO_EUR_SCA,EE,2018-04-01,855.0 
B1G,O-Q,MIO_EUR_SCA,EL,2015-07-01,8097.4 p
B1G,O-Q,MIO_EUR_SCA,EL,2015-10-01,8049.6 p
B1G,O-Q,MIO_EUR_SCA,EL,2016-01-01,7971.8 p
B1G,O-Q,MIO_EUR_SCA,EL,2016-04-01,8054.5 p
B1G,O-Q,MIO_EUR_SCA,EL,2016-07-01,8034.8 p
B1G,O-Q,MIO_EUR_SCA,EL,2016-10-01,7986.2 p
B1G,O-Q,MIO_EUR_SCA,EL,2017-01-01,8001.6 p
B1G,O-Q,MIO_EUR_SCA,EL,2017-04-01,7998.2 p
B1G,O-Q,MIO_EUR_SCA,EL,2017-07-01,8148.4 p
B1G,O-Q,MIO_EUR_SCA,EL,2017-10-01,8145.0 p
B1G,O-Q,MIO_EUR_SCA,EL,2018-01-01,8309.5 p
B1G,O-Q,MIO_EUR_SCA,EL,2018-04-01,8353.2 p
B1G,O-Q,MIO_EUR_SCA,ES,2015-07-01,45646.0 
B1G,O-Q,MIO_EUR_SCA,ES,2015-10-01,46164.0 
B1G,O-Q,MIO_EUR_SCA,ES,2016-01-01,46420.0 p
B1G,O-Q,MIO_EUR_SCA,ES,2016-04-01,46746.0 p
B1G,O-Q,MIO_EUR_SCA,ES,2016-07-01,46951.0 p
B1G,O-Q,MIO_EUR_SCA,ES,2016-10-01,46960.0 p
B1G,O-Q,MIO_EUR_SCA,ES,2017-01-01,47047.0 p
B1G,O-Q,MIO_EUR_SCA,ES,2017-04-01,47516.0 p
B1G,O-Q,MIO_EUR_SCA,ES,2017-07-01,47727.0 p
B1G,O-Q,MIO_EUR_SCA,ES,2017-10-01,48122.0 p
B1G,O-Q,MIO_EUR_SCA,ES,2018-01-01,48202.0 p
B1G,O-Q,MIO_EUR_SCA,ES,2018-04-01,48657.0 p
B1G,O-Q,MIO_EUR_SCA,EU28,2015-07-01,625127.7 
B1G,O-Q,MIO_EUR_SCA,EU28,2015-10-01,627694.8 
B1G,O-Q,MIO_EUR_SCA,EU28,2016-01-01,627401.4 
B1G,O-Q,MIO_EUR_SCA,EU28,2016-04-01,629320.8 
B1G,O-Q,MIO_EUR_SCA,EU28,2016-07-01,624523.4 
B1G,O-Q,MIO_EUR_SCA,EU28,2016-10-01,625815.1 
B1G,O-Q,MIO_EUR_SCA,EU28,2017-01-01,630675.5 
B1G,O-Q,MIO_EUR_SCA,EU28,2017-04-01,636631.3 
B1G,O-Q,MIO_EUR_SCA,EU28,2017-07-01,637019.1 
B1G,O-Q,MIO_EUR_SCA,EU28,2017-10-01,643307.3 
B1G,O-Q,MIO_EUR_SCA,EU28,2018-01-01,648316.7 
B1G,O-Q,MIO_EUR_SCA,EU28,2018-04-01,654214.3 
B1G,O-Q,MIO_EUR_SCA,FI,2015-07-01,9857.0 
B1G,O-Q,MIO_EUR_SCA,FI,2015-10-01,9909.0 
B1G,O-Q,MIO_EUR_SCA,FI,2016-01-01,9938.0 
B1G,O-Q,MIO_EUR_SCA,FI,2016-04-01,9919.0 
B1G,O-Q,MIO_EUR_SCA,FI,2016-07-01,9917.0 
B1G,O-Q,MIO_EUR_SCA,FI,2016-10-01,9843.0 
B1G,O-Q,MIO_EUR_SCA,FI,2017-01-01,9801.0 
B1G,O-Q,MIO_EUR_SCA,FI,2017-04-01,9811.0 
B1G,O-Q,MIO_EUR_SCA,FI,2017-07-01,9780.0 
B1G,O-Q,MIO_EUR_SCA,FI,2017-10-01,9799.0 
B1G,O-Q,MIO_EUR_SCA,FI,2018-01-01,9880.0 
B1G,O-Q,MIO_EUR_SCA,FI,2018-04-01,9970.0 
B1G,O-Q,MIO_EUR_SCA,FR,2015-07-01,110974.0 
B1G,O-Q,MIO_EUR_SCA,FR,2015-10-01,111328.0 
B1G,O-Q,MIO_EUR_SCA,FR,2016-01-01,111893.0 
B1G,O-Q,MIO_EUR_SCA,FR,2016-04-01,112204.0 
B1G,O-Q,MIO_EUR_SCA,FR,2016-07-01,112891.0 
B1G,O-Q,MIO_EUR_SCA,FR,2016-10-01,113309.0 
B1G,O-Q,MIO_EUR_SCA,FR,2017-01-01,114061.0 
B1G,O-Q,MIO_EUR_SCA,FR,2017-04-01,114659.0 
B1G,O-Q,MIO_EUR_SCA,FR,2017-07-01,115332.0 
B1G,O-Q,MIO_EUR_SCA,FR,2017-10-01,115741.0 
B1G,O-Q,MIO_EUR_SCA,FR,2018-01-01,116166.0 
B1G,O-Q,MIO_EUR_SCA,FR,2018-04-01,116535.0 
B1G,O-Q,MIO_EUR_SCA,HR,2015-07-01,1400.8 
B1G,O-Q,MIO_EUR_SCA,HR,2015-10-01,1412.1 
B1G,O-Q,MIO_EUR_SCA,HR,2016-01-01,1424.6 
B1G,O-Q,MIO_EUR_SCA,HR,2016-04-01,1456.4 
B1G,O-Q,MIO_EUR_SCA,HR,2016-07-01,1489.6 
B1G,O-Q,MIO_EUR_SCA,HR,2016-10-01,1479.4 
B1G,O-Q,MIO_EUR_SCA,HR,2017-01-01,1504.9 
B1G,O-Q,MIO_EUR_SCA,HR,2017-04-01,1540.9 
B1G,O-Q,MIO_EUR_SCA,HR,2017-07-01,1561.4 
B1G,O-Q,MIO_EUR_SCA,HR,2017-10-01,1547.0 
B1G,O-Q,MIO_EUR_SCA,HR,2018-01-01,1595.2 
B1G,O-Q,MIO_EUR_SCA,HR,2018-04-01,1627.5 
B1G,O-Q,MIO_EUR_SCA,HU,2015-07-01,3989.9 
B1G,O-Q,MIO_EUR_SCA,HU,2015-10-01,4042.4 
B1G,O-Q,MIO_EUR_SCA,HU,2016-01-01,4155.8 
B1G,O-Q,MIO_EUR_SCA,HU,2016-04-01,4226.1 
B1G,O-Q,MIO_EUR_SCA,HU,2016-07-01,4313.6 
B1G,O-Q,MIO_EUR_SCA,HU,2016-10-01,4483.0 
B1G,O-Q,MIO_EUR_SCA,HU,2017-01-01,4462.1 
B1G,O-Q,MIO_EUR_SCA,HU,2017-04-01,4551.2 
B1G,O-Q,MIO_EUR_SCA,HU,2017-07-01,4662.8 
B1G,O-Q,MIO_EUR_SCA,HU,2017-10-01,4707.1 
B1G,O-Q,MIO_EUR_SCA,HU,2018-01-01,4869.9 
B1G,O-Q,MIO_EUR_SCA,HU,2018-04-01,4658.3 
B1G,O-Q,MIO_EUR_SCA,IE,2015-07-01,7144.1 d
B1G,O-Q,MIO_EUR_SCA,IE,2015-10-01,7227.9 d
B1G,O-Q,MIO_EUR_SCA,IE,2016-01-01,7268.6 d
B1G,O-Q,MIO_EUR_SCA,IE,2016-04-01,7411.6 d
B1G,O-Q,MIO_EUR_SCA,IE,2016-07-01,7381.6 d
B1G,O-Q,MIO_EUR_SCA,IE,2016-10-01,7449.1 d
B1G,O-Q,MIO_EUR_SCA,IE,2017-01-01,7515.4 d
B1G,O-Q,MIO_EUR_SCA,IE,2017-04-01,7609.6 d
B1G,O-Q,MIO_EUR_SCA,IE,2017-07-01,7746.6 d
B1G,O-Q,MIO_EUR_SCA,IE,2017-10-01,7829.9 d
B1G,O-Q,MIO_EUR_SCA,IE,2018-01-01,7898.1 d
B1G,O-Q,MIO_EUR_SCA,IE,2018-04-01,7973.1 d
B1G,O-Q,MIO_EUR_SCA,IT,2015-07-01,62715.1 
B1G,O-Q,MIO_EUR_SCA,IT,2015-10-01,62568.8 
B1G,O-Q,MIO_EUR_SCA,IT,2016-01-01,62943.9 
B1G,O-Q,MIO_EUR_SCA,IT,2016-04-01,62963.9 
B1G,O-Q,MIO_EUR_SCA,IT,2016-07-01,63069.7 
B1G,O-Q,MIO_EUR_SCA,IT,2016-10-01,63422.2 
B1G,O-Q,MIO_EUR_SCA,IT,2017-01-01,63852.7 
B1G,O-Q,MIO_EUR_SCA,IT,2017-04-01,63829.5 
B1G,O-Q,MIO_EUR_SCA,IT,2017-07-01,64124.6 
B1G,O-Q,MIO_EUR_SCA,IT,2017-10-01,64294.0 
B1G,O-Q,MIO_EUR_SCA,IT,2018-01-01,64234.1 
B1G,O-Q,MIO_EUR_SCA,IT,2018-04-01,67140.2 
B1G,O-Q,MIO_EUR_SCA,LT,2015-07-01,1211.9 
B1G,O-Q,MIO_EUR_SCA,LT,2015-10-01,1224.4 
B1G,O-Q,MIO_EUR_SCA,LT,2016-01-01,1234.7 
B1G,O-Q,MIO_EUR_SCA,LT,2016-04-01,1231.0 
B1G,O-Q,MIO_EUR_SCA,LT,2016-07-01,1274.3 
B1G,O-Q,MIO_EUR_SCA,LT,2016-10-01,1307.0 
B1G,O-Q,MIO_EUR_SCA,LT,2017-01-01,1302.2 
B1G,O-Q,MIO_EUR_SCA,LT,2017-04-01,1330.1 
B1G,O-Q,MIO_EUR_SCA,LT,2017-07-01,1343.5 
B1G,O-Q,MIO_EUR_SCA,LT,2017-10-01,1363.3 
B1G,O-Q,MIO_EUR_SCA,LT,2018-01-01,1397.1 
B1G,O-Q,MIO_EUR_SCA,LT,2018-04-01,1414.2 
B1G,O-Q,MIO_EUR_SCA,LU,2015-07-01,1833.2 
B1G,O-Q,MIO_EUR_SCA,LU,2015-10-01,1865.6 
B1G,O-Q,MIO_EUR_SCA,LU,2016-01-01,1851.7 
B1G,O-Q,MIO_EUR_SCA,LU,2016-04-01,1871.9 
B1G,O-Q,MIO_EUR_SCA,LU,2016-07-01,1918.1 
B1G,O-Q,MIO_EUR_SCA,LU,2016-10-01,1903.7 
B1G,O-Q,MIO_EUR_SCA,LU,2017-01-01,1996.0 
B1G,O-Q,MIO_EUR_SCA,LU,2017-04-01,2027.9 
B1G,O-Q,MIO_EUR_SCA,LU,2017-07-01,2054.6 
B1G,O-Q,MIO_EUR_SCA,LU,2017-10-01,2117.3 
B1G,O-Q,MIO_EUR_SCA,LU,2018-01-01,2150.4 
B1G,O-Q,MIO_EUR_SCA,LU,2018-04-01,2170.9 
B1G,O-Q,MIO_EUR_SCA,LV,2015-07-01,849.3 
B1G,O-Q,MIO_EUR_SCA,LV,2015-10-01,852.8 
B1G,O-Q,MIO_EUR_SCA,LV,2016-01-01,865.2 
B1G,O-Q,MIO_EUR_SCA,LV,2016-04-01,876.5 
B1G,O-Q,MIO_EUR_SCA,LV,2016-07-01,889.6 
B1G,O-Q,MIO_EUR_SCA,LV,2016-10-01,906.8 
B1G,O-Q,MIO_EUR_SCA,LV,2017-01-01,923.9 
B1G,O-Q,MIO_EUR_SCA,LV,2017-04-01,940.3 
B1G,O-Q,MIO_EUR_SCA,LV,2017-07-01,952.6 
B1G,O-Q,MIO_EUR_SCA,LV,2017-10-01,965.8 
B1G,O-Q,MIO_EUR_SCA,LV,2018-01-01,977.2 
B1G,O-Q,MIO_EUR_SCA,LV,2018-04-01,991.0 
B1G,O-Q,MIO_EUR_SCA,MT,2015-07-01,371.0 
B1G,O-Q,MIO_EUR_SCA,MT,2015-10-01,379.0 
B1G,O-Q,MIO_EUR_SCA,MT,2016-01-01,370.6 
B1G,O-Q,MIO_EUR_SCA,MT,2016-04-01,381.6 
B1G,O-Q,MIO_EUR_SCA,MT,2016-07-01,394.1 
B1G,O-Q,MIO_EUR_SCA,MT,2016-10-01,401.5 
B1G,O-Q,MIO_EUR_SCA,MT,2017-01-01,398.4 
B1G,O-Q,MIO_EUR_SCA,MT,2017-04-01,408.9 
B1G,O-Q,MIO_EUR_SCA,MT,2017-07-01,426.1 
B1G,O-Q,MIO_EUR_SCA,MT,2017-10-01,438.2 
B1G,O-Q,MIO_EUR_SCA,MT,2018-01-01,436.5 
B1G,O-Q,MIO_EUR_SCA,MT,2018-04-01,446.0 
B1G,O-Q,MIO_EUR_SCA,NL,2015-07-01,33016.6 
B1G,O-Q,MIO_EUR_SCA,NL,2015-10-01,33062.1 
B1G,O-Q,MIO_EUR_SCA,NL,2016-01-01,33350.3 p
B1G,O-Q,MIO_EUR_SCA,NL,2016-04-01,33826.7 p
B1G,O-Q,MIO_EUR_SCA,NL,2016-07-01,34140.4 p
B1G,O-Q,MIO_EUR_SCA,NL,2016-10-01,34101.1 p
B1G,O-Q,MIO_EUR_SCA,NL,2017-01-01,34031.8 p
B1G,O-Q,MIO_EUR_SCA,NL,2017-04-01,34693.3 p
B1G,O-Q,MIO_EUR_SCA,NL,2017-07-01,34847.6 p
B1G,O-Q,MIO_EUR_SCA,NL,2017-10-01,35214.9 p
B1G,O-Q,MIO_EUR_SCA,NL,2018-01-01,35436.4 p
B1G,O-Q,MIO_EUR_SCA,NL,2018-04-01,35439.1 p
B1G,O-Q,MIO_EUR_SCA,NO,2015-07-01,17282.5 
B1G,O-Q,MIO_EUR_SCA,NO,2015-10-01,16998.1 
B1G,O-Q,MIO_EUR_SCA,NO,2016-01-01,16860.5 
B1G,O-Q,MIO_EUR_SCA,NO,2016-04-01,17481.8 
B1G,O-Q,MIO_EUR_SCA,NO,2016-07-01,17644.7 
B1G,O-Q,MIO_EUR_SCA,NO,2016-10-01,18497.7 
B1G,O-Q,MIO_EUR_SCA,NO,2017-01-01,18708.8 
B1G,O-Q,MIO_EUR_SCA,NO,2017-04-01,18152.2 
B1G,O-Q,MIO_EUR_SCA,NO,2017-07-01,18391.2 
B1G,O-Q,MIO_EUR_SCA,NO,2017-10-01,18152.7 
B1G,O-Q,MIO_EUR_SCA,NO,2018-01-01,18298.6 
B1G,O-Q,MIO_EUR_SCA,NO,2018-04-01,18643.2 
B1G,O-Q,MIO_EUR_SCA,PL,2015-07-01,14132.7 
B1G,O-Q,MIO_EUR_SCA,PL,2015-10-01,14117.1 
B1G,O-Q,MIO_EUR_SCA,PL,2016-01-01,13829.2 
B1G,O-Q,MIO_EUR_SCA,PL,2016-04-01,13914.8 
B1G,O-Q,MIO_EUR_SCA,PL,2016-07-01,14112.2 
B1G,O-Q,MIO_EUR_SCA,PL,2016-10-01,13953.1 
B1G,O-Q,MIO_EUR_SCA,PL,2017-01-01,14253.8 
B1G,O-Q,MIO_EUR_SCA,PL,2017-04-01,14694.4 
B1G,O-Q,MIO_EUR_SCA,PL,2017-07-01,14598.3 
B1G,O-Q,MIO_EUR_SCA,PL,2017-10-01,14812.9 
B1G,O-Q,MIO_EUR_SCA,PL,2018-01-01,15095.3 
B1G,O-Q,MIO_EUR_SCA,PL,2018-04-01,14914.1 
B1G,O-Q,MIO_EUR_SCA,PT,2015-07-01,7774.2 
B1G,O-Q,MIO_EUR_SCA,PT,2015-10-01,7809.1 
B1G,O-Q,MIO_EUR_SCA,PT,2016-01-01,7836.1 
B1G,O-Q,MIO_EUR_SCA,PT,2016-04-01,7866.2 
B1G,O-Q,MIO_EUR_SCA,PT,2016-07-01,7921.1 
B1G,O-Q,MIO_EUR_SCA,PT,2016-10-01,8007.5 
B1G,O-Q,MIO_EUR_SCA,PT,2017-01-01,7993.5 
B1G,O-Q,MIO_EUR_SCA,PT,2017-04-01,8083.0 
B1G,O-Q,MIO_EUR_SCA,PT,2017-07-01,8161.9 
B1G,O-Q,MIO_EUR_SCA,PT,2017-10-01,8222.6 
B1G,O-Q,MIO_EUR_SCA,PT,2018-01-01,8265.5 
B1G,O-Q,MIO_EUR_SCA,PT,2018-04-01,8297.5 
B1G,O-Q,MIO_EUR_SCA,RO,2015-07-01,4185.3 
B1G,O-Q,MIO_EUR_SCA,RO,2015-10-01,4021.2 
B1G,O-Q,MIO_EUR_SCA,RO,2016-01-01,4559.5 p
B1G,O-Q,MIO_EUR_SCA,RO,2016-04-01,4690.8 p
B1G,O-Q,MIO_EUR_SCA,RO,2016-07-01,4807.8 p
B1G,O-Q,MIO_EUR_SCA,RO,2016-10-01,4987.7 p
B1G,O-Q,MIO_EUR_SCA,RO,2017-01-01,5255.2 p
B1G,O-Q,MIO_EUR_SCA,RO,2017-04-01,5602.4 p
B1G,O-Q,MIO_EUR_SCA,RO,2017-07-01,5541.4 p
B1G,O-Q,MIO_EUR_SCA,RO,2017-10-01,5926.9 p
B1G,O-Q,MIO_EUR_SCA,RO,2018-01-01,6060.6 p
B1G,O-Q,MIO_EUR_SCA,RO,2018-04-01,6528.3 p
B1G,O-Q,MIO_EUR_SCA,SE,2015-07-01,21064.3 
B1G,O-Q,MIO_EUR_SCA,SE,2015-10-01,21585.6 
B1G,O-Q,MIO_EUR_SCA,SE,2016-01-01,21952.2 
B1G,O-Q,MIO_EUR_SCA,SE,2016-04-01,22551.6 
B1G,O-Q,MIO_EUR_SCA,SE,2016-07-01,22282.0 
B1G,O-Q,MIO_EUR_SCA,SE,2016-10-01,22090.0 
B1G,O-Q,MIO_EUR_SCA,SE,2017-01-01,22749.8 
B1G,O-Q,MIO_EUR_SCA,SE,2017-04-01,22519.4 
B1G,O-Q,MIO_EUR_SCA,SE,2017-07-01,23050.5 
B1G,O-Q,MIO_EUR_SCA,SE,2017-10-01,22791.2 
B1G,O-Q,MIO_EUR_SCA,SE,2018-01-01,22501.5 
B1G,O-Q,MIO_EUR_SCA,SE,2018-04-01,22019.6 
B1G,O-Q,MIO_EUR_SCA,SI,2015-07-01,1376.8 
B1G,O-Q,MIO_EUR_SCA,SI,2015-10-01,1399.3 
B1G,O-Q,MIO_EUR_SCA,SI,2016-01-01,1428.8 
B1G,O-Q,MIO_EUR_SCA,SI,2016-04-01,1444.4 
B1G,O-Q,MIO_EUR_SCA,SI,2016-07-01,1462.6 
B1G,O-Q,MIO_EUR_SCA,SI,2016-10-01,1477.5 
B1G,O-Q,MIO_EUR_SCA,SI,2017-01-01,1492.8 
B1G,O-Q,MIO_EUR_SCA,SI,2017-04-01,1513.3 
B1G,O-Q,MIO_EUR_SCA,SI,2017-07-01,1530.6 
B1G,O-Q,MIO_EUR_SCA,SI,2017-10-01,1552.9 
B1G,O-Q,MIO_EUR_SCA,SI,2018-01-01,1568.2 
B1G,O-Q,MIO_EUR_SCA,SI,2018-04-01,1589.2 
B1G,O-Q,MIO_EUR_SCA,UK,2015-07-01,108029.6 
B1G,O-Q,MIO_EUR_SCA,UK,2015-10-01,106987.2 
B1G,O-Q,MIO_EUR_SCA,UK,2016-01-01,102775.3 
B1G,O-Q,MIO_EUR_SCA,UK,2016-04-01,101114.7 
B1G,O-Q,MIO_EUR_SCA,UK,2016-07-01,93223.7 
B1G,O-Q,MIO_EUR_SCA,UK,2016-10-01,91584.2 
B1G,O-Q,MIO_EUR_SCA,UK,2017-01-01,92624.0 
B1G,O-Q,MIO_EUR_SCA,UK,2017-04-01,93255.3 
B1G,O-Q,MIO_EUR_SCA,UK,2017-07-01,89066.5 
B1G,O-Q,MIO_EUR_SCA,UK,2017-10-01,91306.3 
B1G,O-Q,MIO_EUR_SCA,UK,2018-01-01,92028.3 
B1G,O-Q,MIO_EUR_SCA,UK,2018-04-01,92954.5 
