age,unit,indic_em,sex,geotime,date,value
Y20-64,PC_POP,EMP_LFS,F,AT,2005-01-01,64
Y20-64,PC_POP,EMP_LFS,F,AT,2006-01-01,65
Y20-64,PC_POP,EMP_LFS,F,AT,2007-01-01,66
Y20-64,PC_POP,EMP_LFS,F,AT,2008-01-01,67
Y20-64,PC_POP,EMP_LFS,F,AT,2009-01-01,68
Y20-64,PC_POP,EMP_LFS,F,AT,2010-01-01,68
Y20-64,PC_POP,EMP_LFS,F,AT,2011-01-01,69
Y20-64,PC_POP,EMP_LFS,F,AT,2012-01-01,69
Y20-64,PC_POP,EMP_LFS,F,AT,2013-01-01,70
Y20-64,PC_POP,EMP_LFS,F,AT,2014-01-01,70
Y20-64,PC_POP,EMP_LFS,F,AT,2015-01-01,70
Y20-64,PC_POP,EMP_LFS,F,AT,2016-01-01,70
Y20-64,PC_POP,EMP_LFS,F,AT,2017-01-01,71
Y20-64,PC_POP,EMP_LFS,F,BE,2005-01-01,58
Y20-64,PC_POP,EMP_LFS,F,BE,2006-01-01,58
Y20-64,PC_POP,EMP_LFS,F,BE,2007-01-01,60
Y20-64,PC_POP,EMP_LFS,F,BE,2008-01-01,61
Y20-64,PC_POP,EMP_LFS,F,BE,2009-01-01,61
Y20-64,PC_POP,EMP_LFS,F,BE,2010-01-01,61
Y20-64,PC_POP,EMP_LFS,F,BE,2011-01-01,61
Y20-64,PC_POP,EMP_LFS,F,BE,2012-01-01,61
Y20-64,PC_POP,EMP_LFS,F,BE,2013-01-01,62
Y20-64,PC_POP,EMP_LFS,F,BE,2014-01-01,62
Y20-64,PC_POP,EMP_LFS,F,BE,2015-01-01,63
Y20-64,PC_POP,EMP_LFS,F,BE,2016-01-01,63
Y20-64,PC_POP,EMP_LFS,F,BE,2017-01-01,63
Y20-64,PC_POP,EMP_LFS,F,BG,2005-01-01,57
Y20-64,PC_POP,EMP_LFS,F,BG,2006-01-01,60
Y20-64,PC_POP,EMP_LFS,F,BG,2007-01-01,63
Y20-64,PC_POP,EMP_LFS,F,BG,2008-01-01,65
Y20-64,PC_POP,EMP_LFS,F,BG,2009-01-01,64
Y20-64,PC_POP,EMP_LFS,F,BG,2010-01-01,60
Y20-64,PC_POP,EMP_LFS,F,BG,2011-01-01,59
Y20-64,PC_POP,EMP_LFS,F,BG,2012-01-01,60
Y20-64,PC_POP,EMP_LFS,F,BG,2013-01-01,60
Y20-64,PC_POP,EMP_LFS,F,BG,2014-01-01,62
Y20-64,PC_POP,EMP_LFS,F,BG,2015-01-01,63
Y20-64,PC_POP,EMP_LFS,F,BG,2016-01-01,64
Y20-64,PC_POP,EMP_LFS,F,BG,2017-01-01,67
Y20-64,PC_POP,EMP_LFS,F,CH,2005-01-01,
Y20-64,PC_POP,EMP_LFS,F,CH,2006-01-01,
Y20-64,PC_POP,EMP_LFS,F,CH,2007-01-01,
Y20-64,PC_POP,EMP_LFS,F,CH,2008-01-01,
Y20-64,PC_POP,EMP_LFS,F,CH,2009-01-01,
Y20-64,PC_POP,EMP_LFS,F,CH,2010-01-01,73
Y20-64,PC_POP,EMP_LFS,F,CH,2011-01-01,74
Y20-64,PC_POP,EMP_LFS,F,CH,2012-01-01,75
Y20-64,PC_POP,EMP_LFS,F,CH,2013-01-01,75
Y20-64,PC_POP,EMP_LFS,F,CH,2014-01-01,76
Y20-64,PC_POP,EMP_LFS,F,CH,2015-01-01,76
Y20-64,PC_POP,EMP_LFS,F,CH,2016-01-01,77
Y20-64,PC_POP,EMP_LFS,F,CH,2017-01-01,77
Y20-64,PC_POP,EMP_LFS,F,CY,2005-01-01,63
Y20-64,PC_POP,EMP_LFS,F,CY,2006-01-01,65
Y20-64,PC_POP,EMP_LFS,F,CY,2007-01-01,67
Y20-64,PC_POP,EMP_LFS,F,CY,2008-01-01,68
Y20-64,PC_POP,EMP_LFS,F,CY,2009-01-01,68
Y20-64,PC_POP,EMP_LFS,F,CY,2010-01-01,68
Y20-64,PC_POP,EMP_LFS,F,CY,2011-01-01,67
Y20-64,PC_POP,EMP_LFS,F,CY,2012-01-01,64
Y20-64,PC_POP,EMP_LFS,F,CY,2013-01-01,62
Y20-64,PC_POP,EMP_LFS,F,CY,2014-01-01,63
Y20-64,PC_POP,EMP_LFS,F,CY,2015-01-01,64
Y20-64,PC_POP,EMP_LFS,F,CY,2016-01-01,64
Y20-64,PC_POP,EMP_LFS,F,CY,2017-01-01,66
Y20-64,PC_POP,EMP_LFS,F,CZ,2005-01-01,61
Y20-64,PC_POP,EMP_LFS,F,CZ,2006-01-01,61
Y20-64,PC_POP,EMP_LFS,F,CZ,2007-01-01,62
Y20-64,PC_POP,EMP_LFS,F,CZ,2008-01-01,62
Y20-64,PC_POP,EMP_LFS,F,CZ,2009-01-01,61
Y20-64,PC_POP,EMP_LFS,F,CZ,2010-01-01,60
Y20-64,PC_POP,EMP_LFS,F,CZ,2011-01-01,61
Y20-64,PC_POP,EMP_LFS,F,CZ,2012-01-01,62
Y20-64,PC_POP,EMP_LFS,F,CZ,2013-01-01,63
Y20-64,PC_POP,EMP_LFS,F,CZ,2014-01-01,64
Y20-64,PC_POP,EMP_LFS,F,CZ,2015-01-01,66
Y20-64,PC_POP,EMP_LFS,F,CZ,2016-01-01,68
Y20-64,PC_POP,EMP_LFS,F,CZ,2017-01-01,70
Y20-64,PC_POP,EMP_LFS,F,DE,2005-01-01,63
Y20-64,PC_POP,EMP_LFS,F,DE,2006-01-01,65
Y20-64,PC_POP,EMP_LFS,F,DE,2007-01-01,66
Y20-64,PC_POP,EMP_LFS,F,DE,2008-01-01,67
Y20-64,PC_POP,EMP_LFS,F,DE,2009-01-01,68
Y20-64,PC_POP,EMP_LFS,F,DE,2010-01-01,69
Y20-64,PC_POP,EMP_LFS,F,DE,2011-01-01,71
Y20-64,PC_POP,EMP_LFS,F,DE,2012-01-01,71
Y20-64,PC_POP,EMP_LFS,F,DE,2013-01-01,72
Y20-64,PC_POP,EMP_LFS,F,DE,2014-01-01,73
Y20-64,PC_POP,EMP_LFS,F,DE,2015-01-01,73
Y20-64,PC_POP,EMP_LFS,F,DE,2016-01-01,74
Y20-64,PC_POP,EMP_LFS,F,DE,2017-01-01,75
Y20-64,PC_POP,EMP_LFS,F,DK,2005-01-01,73
Y20-64,PC_POP,EMP_LFS,F,DK,2006-01-01,74
Y20-64,PC_POP,EMP_LFS,F,DK,2007-01-01,74
Y20-64,PC_POP,EMP_LFS,F,DK,2008-01-01,75
Y20-64,PC_POP,EMP_LFS,F,DK,2009-01-01,74
Y20-64,PC_POP,EMP_LFS,F,DK,2010-01-01,73
Y20-64,PC_POP,EMP_LFS,F,DK,2011-01-01,72
Y20-64,PC_POP,EMP_LFS,F,DK,2012-01-01,72
Y20-64,PC_POP,EMP_LFS,F,DK,2013-01-01,72
Y20-64,PC_POP,EMP_LFS,F,DK,2014-01-01,72
Y20-64,PC_POP,EMP_LFS,F,DK,2015-01-01,72
Y20-64,PC_POP,EMP_LFS,F,DK,2016-01-01,74
Y20-64,PC_POP,EMP_LFS,F,DK,2017-01-01,73
Y20-64,PC_POP,EMP_LFS,F,EA18,2005-01-01,59
Y20-64,PC_POP,EMP_LFS,F,EA18,2006-01-01,60
Y20-64,PC_POP,EMP_LFS,F,EA18,2007-01-01,61
Y20-64,PC_POP,EMP_LFS,F,EA18,2008-01-01,62
Y20-64,PC_POP,EMP_LFS,F,EA18,2009-01-01,61
Y20-64,PC_POP,EMP_LFS,F,EA18,2010-01-01,61
Y20-64,PC_POP,EMP_LFS,F,EA18,2011-01-01,62
Y20-64,PC_POP,EMP_LFS,F,EA18,2012-01-01,62
Y20-64,PC_POP,EMP_LFS,F,EA18,2013-01-01,62
Y20-64,PC_POP,EMP_LFS,F,EA18,2014-01-01,62
Y20-64,PC_POP,EMP_LFS,F,EA18,2015-01-01,63
Y20-64,PC_POP,EMP_LFS,F,EA18,2016-01-01,64
Y20-64,PC_POP,EMP_LFS,F,EA18,2017-01-01,65
Y20-64,PC_POP,EMP_LFS,F,EA19,2005-01-01,59
Y20-64,PC_POP,EMP_LFS,F,EA19,2006-01-01,60
Y20-64,PC_POP,EMP_LFS,F,EA19,2007-01-01,61
Y20-64,PC_POP,EMP_LFS,F,EA19,2008-01-01,62
Y20-64,PC_POP,EMP_LFS,F,EA19,2009-01-01,61
Y20-64,PC_POP,EMP_LFS,F,EA19,2010-01-01,61
Y20-64,PC_POP,EMP_LFS,F,EA19,2011-01-01,62
Y20-64,PC_POP,EMP_LFS,F,EA19,2012-01-01,62
Y20-64,PC_POP,EMP_LFS,F,EA19,2013-01-01,62
Y20-64,PC_POP,EMP_LFS,F,EA19,2014-01-01,62
Y20-64,PC_POP,EMP_LFS,F,EA19,2015-01-01,63
Y20-64,PC_POP,EMP_LFS,F,EA19,2016-01-01,64
Y20-64,PC_POP,EMP_LFS,F,EA19,2017-01-01,65
Y20-64,PC_POP,EMP_LFS,F,EE,2005-01-01,69
Y20-64,PC_POP,EMP_LFS,F,EE,2006-01-01,72
Y20-64,PC_POP,EMP_LFS,F,EE,2007-01-01,72
Y20-64,PC_POP,EMP_LFS,F,EE,2008-01-01,72
Y20-64,PC_POP,EMP_LFS,F,EE,2009-01-01,69
Y20-64,PC_POP,EMP_LFS,F,EE,2010-01-01,65
Y20-64,PC_POP,EMP_LFS,F,EE,2011-01-01,67
Y20-64,PC_POP,EMP_LFS,F,EE,2012-01-01,69
Y20-64,PC_POP,EMP_LFS,F,EE,2013-01-01,70
Y20-64,PC_POP,EMP_LFS,F,EE,2014-01-01,70
Y20-64,PC_POP,EMP_LFS,F,EE,2015-01-01,72
Y20-64,PC_POP,EMP_LFS,F,EE,2016-01-01,72
Y20-64,PC_POP,EMP_LFS,F,EE,2017-01-01,75
Y20-64,PC_POP,EMP_LFS,F,EL,2005-01-01,49
Y20-64,PC_POP,EMP_LFS,F,EL,2006-01-01,51
Y20-64,PC_POP,EMP_LFS,F,EL,2007-01-01,51
Y20-64,PC_POP,EMP_LFS,F,EL,2008-01-01,52
Y20-64,PC_POP,EMP_LFS,F,EL,2009-01-01,52
Y20-64,PC_POP,EMP_LFS,F,EL,2010-01-01,51
Y20-64,PC_POP,EMP_LFS,F,EL,2011-01-01,48
Y20-64,PC_POP,EMP_LFS,F,EL,2012-01-01,45
Y20-64,PC_POP,EMP_LFS,F,EL,2013-01-01,43
Y20-64,PC_POP,EMP_LFS,F,EL,2014-01-01,44
Y20-64,PC_POP,EMP_LFS,F,EL,2015-01-01,46
Y20-64,PC_POP,EMP_LFS,F,EL,2016-01-01,46
Y20-64,PC_POP,EMP_LFS,F,EL,2017-01-01,48
Y20-64,PC_POP,EMP_LFS,F,ES,2005-01-01,55
Y20-64,PC_POP,EMP_LFS,F,ES,2006-01-01,57
Y20-64,PC_POP,EMP_LFS,F,ES,2007-01-01,58
Y20-64,PC_POP,EMP_LFS,F,ES,2008-01-01,58
Y20-64,PC_POP,EMP_LFS,F,ES,2009-01-01,56
Y20-64,PC_POP,EMP_LFS,F,ES,2010-01-01,56
Y20-64,PC_POP,EMP_LFS,F,ES,2011-01-01,56
Y20-64,PC_POP,EMP_LFS,F,ES,2012-01-01,54
Y20-64,PC_POP,EMP_LFS,F,ES,2013-01-01,53
Y20-64,PC_POP,EMP_LFS,F,ES,2014-01-01,54
Y20-64,PC_POP,EMP_LFS,F,ES,2015-01-01,56
Y20-64,PC_POP,EMP_LFS,F,ES,2016-01-01,58
Y20-64,PC_POP,EMP_LFS,F,ES,2017-01-01,59
Y20-64,PC_POP,EMP_LFS,F,EU27,2005-01-01,60
Y20-64,PC_POP,EMP_LFS,F,EU27,2006-01-01,61
Y20-64,PC_POP,EMP_LFS,F,EU27,2007-01-01,62
Y20-64,PC_POP,EMP_LFS,F,EU27,2008-01-01,62
Y20-64,PC_POP,EMP_LFS,F,EU27,2009-01-01,62
Y20-64,PC_POP,EMP_LFS,F,EU27,2010-01-01,62
Y20-64,PC_POP,EMP_LFS,F,EU27,2011-01-01,62
Y20-64,PC_POP,EMP_LFS,F,EU27,2012-01-01,62
Y20-64,PC_POP,EMP_LFS,F,EU27,2013-01-01,62
Y20-64,PC_POP,EMP_LFS,F,EU27,2014-01-01,63
Y20-64,PC_POP,EMP_LFS,F,EU27,2015-01-01,64
Y20-64,PC_POP,EMP_LFS,F,EU27,2016-01-01,65
Y20-64,PC_POP,EMP_LFS,F,EU27,2017-01-01,66
Y20-64,PC_POP,EMP_LFS,F,EU28,2005-01-01,60
Y20-64,PC_POP,EMP_LFS,F,EU28,2006-01-01,61
Y20-64,PC_POP,EMP_LFS,F,EU28,2007-01-01,62
Y20-64,PC_POP,EMP_LFS,F,EU28,2008-01-01,62
Y20-64,PC_POP,EMP_LFS,F,EU28,2009-01-01,62
Y20-64,PC_POP,EMP_LFS,F,EU28,2010-01-01,62
Y20-64,PC_POP,EMP_LFS,F,EU28,2011-01-01,62
Y20-64,PC_POP,EMP_LFS,F,EU28,2012-01-01,62
Y20-64,PC_POP,EMP_LFS,F,EU28,2013-01-01,62
Y20-64,PC_POP,EMP_LFS,F,EU28,2014-01-01,63
Y20-64,PC_POP,EMP_LFS,F,EU28,2015-01-01,64
Y20-64,PC_POP,EMP_LFS,F,EU28,2016-01-01,65
Y20-64,PC_POP,EMP_LFS,F,EU28,2017-01-01,66
Y20-64,PC_POP,EMP_LFS,F,FI,2005-01-01,70
Y20-64,PC_POP,EMP_LFS,F,FI,2006-01-01,71
Y20-64,PC_POP,EMP_LFS,F,FI,2007-01-01,72
Y20-64,PC_POP,EMP_LFS,F,FI,2008-01-01,73
Y20-64,PC_POP,EMP_LFS,F,FI,2009-01-01,72
Y20-64,PC_POP,EMP_LFS,F,FI,2010-01-01,71
Y20-64,PC_POP,EMP_LFS,F,FI,2011-01-01,71
Y20-64,PC_POP,EMP_LFS,F,FI,2012-01-01,72
Y20-64,PC_POP,EMP_LFS,F,FI,2013-01-01,71
Y20-64,PC_POP,EMP_LFS,F,FI,2014-01-01,72
Y20-64,PC_POP,EMP_LFS,F,FI,2015-01-01,71
Y20-64,PC_POP,EMP_LFS,F,FI,2016-01-01,71
Y20-64,PC_POP,EMP_LFS,F,FI,2017-01-01,72
Y20-64,PC_POP,EMP_LFS,F,FR,2005-01-01,
Y20-64,PC_POP,EMP_LFS,F,FR,2006-01-01,
Y20-64,PC_POP,EMP_LFS,F,FR,2007-01-01,
Y20-64,PC_POP,EMP_LFS,F,FR,2008-01-01,
Y20-64,PC_POP,EMP_LFS,F,FR,2009-01-01,
Y20-64,PC_POP,EMP_LFS,F,FR,2010-01-01,
Y20-64,PC_POP,EMP_LFS,F,FR,2011-01-01,
Y20-64,PC_POP,EMP_LFS,F,FR,2012-01-01,
Y20-64,PC_POP,EMP_LFS,F,FR,2013-01-01,
Y20-64,PC_POP,EMP_LFS,F,FR,2014-01-01,65
Y20-64,PC_POP,EMP_LFS,F,FR,2015-01-01,66
Y20-64,PC_POP,EMP_LFS,F,FR,2016-01-01,66
Y20-64,PC_POP,EMP_LFS,F,FR,2017-01-01,66
Y20-64,PC_POP,EMP_LFS,F,FX,2005-01-01,63
Y20-64,PC_POP,EMP_LFS,F,FX,2006-01-01,63
Y20-64,PC_POP,EMP_LFS,F,FX,2007-01-01,64
Y20-64,PC_POP,EMP_LFS,F,FX,2008-01-01,65
Y20-64,PC_POP,EMP_LFS,F,FX,2009-01-01,65
Y20-64,PC_POP,EMP_LFS,F,FX,2010-01-01,64
Y20-64,PC_POP,EMP_LFS,F,FX,2011-01-01,64
Y20-64,PC_POP,EMP_LFS,F,FX,2012-01-01,65
Y20-64,PC_POP,EMP_LFS,F,FX,2013-01-01,65
Y20-64,PC_POP,EMP_LFS,F,FX,2014-01-01,66
Y20-64,PC_POP,EMP_LFS,F,FX,2015-01-01,66
Y20-64,PC_POP,EMP_LFS,F,FX,2016-01-01,66
Y20-64,PC_POP,EMP_LFS,F,FX,2017-01-01,67
Y20-64,PC_POP,EMP_LFS,F,HR,2005-01-01,52
Y20-64,PC_POP,EMP_LFS,F,HR,2006-01-01,53
Y20-64,PC_POP,EMP_LFS,F,HR,2007-01-01,55
Y20-64,PC_POP,EMP_LFS,F,HR,2008-01-01,57
Y20-64,PC_POP,EMP_LFS,F,HR,2009-01-01,58
Y20-64,PC_POP,EMP_LFS,F,HR,2010-01-01,56
Y20-64,PC_POP,EMP_LFS,F,HR,2011-01-01,53
Y20-64,PC_POP,EMP_LFS,F,HR,2012-01-01,52
Y20-64,PC_POP,EMP_LFS,F,HR,2013-01-01,52
Y20-64,PC_POP,EMP_LFS,F,HR,2014-01-01,54
Y20-64,PC_POP,EMP_LFS,F,HR,2015-01-01,55
Y20-64,PC_POP,EMP_LFS,F,HR,2016-01-01,56
Y20-64,PC_POP,EMP_LFS,F,HR,2017-01-01,58
Y20-64,PC_POP,EMP_LFS,F,HU,2005-01-01,55
Y20-64,PC_POP,EMP_LFS,F,HU,2006-01-01,55
Y20-64,PC_POP,EMP_LFS,F,HU,2007-01-01,55
Y20-64,PC_POP,EMP_LFS,F,HU,2008-01-01,54
Y20-64,PC_POP,EMP_LFS,F,HU,2009-01-01,54
Y20-64,PC_POP,EMP_LFS,F,HU,2010-01-01,54
Y20-64,PC_POP,EMP_LFS,F,HU,2011-01-01,54
Y20-64,PC_POP,EMP_LFS,F,HU,2012-01-01,56
Y20-64,PC_POP,EMP_LFS,F,HU,2013-01-01,56
Y20-64,PC_POP,EMP_LFS,F,HU,2014-01-01,60
Y20-64,PC_POP,EMP_LFS,F,HU,2015-01-01,62
Y20-64,PC_POP,EMP_LFS,F,HU,2016-01-01,64
Y20-64,PC_POP,EMP_LFS,F,HU,2017-01-01,65
Y20-64,PC_POP,EMP_LFS,F,IE,2005-01-01,63
Y20-64,PC_POP,EMP_LFS,F,IE,2006-01-01,64
Y20-64,PC_POP,EMP_LFS,F,IE,2007-01-01,65
Y20-64,PC_POP,EMP_LFS,F,IE,2008-01-01,65
Y20-64,PC_POP,EMP_LFS,F,IE,2009-01-01,62
Y20-64,PC_POP,EMP_LFS,F,IE,2010-01-01,61
Y20-64,PC_POP,EMP_LFS,F,IE,2011-01-01,60
Y20-64,PC_POP,EMP_LFS,F,IE,2012-01-01,60
Y20-64,PC_POP,EMP_LFS,F,IE,2013-01-01,61
Y20-64,PC_POP,EMP_LFS,F,IE,2014-01-01,62
Y20-64,PC_POP,EMP_LFS,F,IE,2015-01-01,63
Y20-64,PC_POP,EMP_LFS,F,IE,2016-01-01,65
Y20-64,PC_POP,EMP_LFS,F,IE,2017-01-01,67
Y20-64,PC_POP,EMP_LFS,F,IS,2005-01-01,81
Y20-64,PC_POP,EMP_LFS,F,IS,2006-01-01,81
Y20-64,PC_POP,EMP_LFS,F,IS,2007-01-01,81
Y20-64,PC_POP,EMP_LFS,F,IS,2008-01-01,80
Y20-64,PC_POP,EMP_LFS,F,IS,2009-01-01,77
Y20-64,PC_POP,EMP_LFS,F,IS,2010-01-01,77
Y20-64,PC_POP,EMP_LFS,F,IS,2011-01-01,77
Y20-64,PC_POP,EMP_LFS,F,IS,2012-01-01,79
Y20-64,PC_POP,EMP_LFS,F,IS,2013-01-01,79
Y20-64,PC_POP,EMP_LFS,F,IS,2014-01-01,81
Y20-64,PC_POP,EMP_LFS,F,IS,2015-01-01,83
Y20-64,PC_POP,EMP_LFS,F,IS,2016-01-01,84
Y20-64,PC_POP,EMP_LFS,F,IS,2017-01-01,84
Y20-64,PC_POP,EMP_LFS,F,IT,2005-01-01,48
Y20-64,PC_POP,EMP_LFS,F,IT,2006-01-01,49
Y20-64,PC_POP,EMP_LFS,F,IT,2007-01-01,49
Y20-64,PC_POP,EMP_LFS,F,IT,2008-01-01,50
Y20-64,PC_POP,EMP_LFS,F,IT,2009-01-01,49
Y20-64,PC_POP,EMP_LFS,F,IT,2010-01-01,49
Y20-64,PC_POP,EMP_LFS,F,IT,2011-01-01,49
Y20-64,PC_POP,EMP_LFS,F,IT,2012-01-01,50
Y20-64,PC_POP,EMP_LFS,F,IT,2013-01-01,49
Y20-64,PC_POP,EMP_LFS,F,IT,2014-01-01,50
Y20-64,PC_POP,EMP_LFS,F,IT,2015-01-01,50
Y20-64,PC_POP,EMP_LFS,F,IT,2016-01-01,51
Y20-64,PC_POP,EMP_LFS,F,IT,2017-01-01,52
Y20-64,PC_POP,EMP_LFS,F,LT,2005-01-01,66
Y20-64,PC_POP,EMP_LFS,F,LT,2006-01-01,68
Y20-64,PC_POP,EMP_LFS,F,LT,2007-01-01,69
Y20-64,PC_POP,EMP_LFS,F,LT,2008-01-01,68
Y20-64,PC_POP,EMP_LFS,F,LT,2009-01-01,67
Y20-64,PC_POP,EMP_LFS,F,LT,2010-01-01,65
Y20-64,PC_POP,EMP_LFS,F,LT,2011-01-01,66
Y20-64,PC_POP,EMP_LFS,F,LT,2012-01-01,67
Y20-64,PC_POP,EMP_LFS,F,LT,2013-01-01,68
Y20-64,PC_POP,EMP_LFS,F,LT,2014-01-01,70
Y20-64,PC_POP,EMP_LFS,F,LT,2015-01-01,72
Y20-64,PC_POP,EMP_LFS,F,LT,2016-01-01,74
Y20-64,PC_POP,EMP_LFS,F,LT,2017-01-01,75
Y20-64,PC_POP,EMP_LFS,F,LU,2005-01-01,58
Y20-64,PC_POP,EMP_LFS,F,LU,2006-01-01,59
Y20-64,PC_POP,EMP_LFS,F,LU,2007-01-01,61
Y20-64,PC_POP,EMP_LFS,F,LU,2008-01-01,60
Y20-64,PC_POP,EMP_LFS,F,LU,2009-01-01,61
Y20-64,PC_POP,EMP_LFS,F,LU,2010-01-01,62
Y20-64,PC_POP,EMP_LFS,F,LU,2011-01-01,61
Y20-64,PC_POP,EMP_LFS,F,LU,2012-01-01,64
Y20-64,PC_POP,EMP_LFS,F,LU,2013-01-01,63
Y20-64,PC_POP,EMP_LFS,F,LU,2014-01-01,65
Y20-64,PC_POP,EMP_LFS,F,LU,2015-01-01,65
Y20-64,PC_POP,EMP_LFS,F,LU,2016-01-01,65
Y20-64,PC_POP,EMP_LFS,F,LU,2017-01-01,67
Y20-64,PC_POP,EMP_LFS,F,LV,2005-01-01,64
Y20-64,PC_POP,EMP_LFS,F,LV,2006-01-01,68
Y20-64,PC_POP,EMP_LFS,F,LV,2007-01-01,70
Y20-64,PC_POP,EMP_LFS,F,LV,2008-01-01,71
Y20-64,PC_POP,EMP_LFS,F,LV,2009-01-01,66
Y20-64,PC_POP,EMP_LFS,F,LV,2010-01-01,64
Y20-64,PC_POP,EMP_LFS,F,LV,2011-01-01,65
Y20-64,PC_POP,EMP_LFS,F,LV,2012-01-01,66
Y20-64,PC_POP,EMP_LFS,F,LV,2013-01-01,67
Y20-64,PC_POP,EMP_LFS,F,LV,2014-01-01,68
Y20-64,PC_POP,EMP_LFS,F,LV,2015-01-01,70
Y20-64,PC_POP,EMP_LFS,F,LV,2016-01-01,71
Y20-64,PC_POP,EMP_LFS,F,LV,2017-01-01,72
Y20-64,PC_POP,EMP_LFS,F,ME,2005-01-01,
Y20-64,PC_POP,EMP_LFS,F,ME,2006-01-01,
Y20-64,PC_POP,EMP_LFS,F,ME,2007-01-01,
Y20-64,PC_POP,EMP_LFS,F,ME,2008-01-01,
Y20-64,PC_POP,EMP_LFS,F,ME,2009-01-01,
Y20-64,PC_POP,EMP_LFS,F,ME,2010-01-01,
Y20-64,PC_POP,EMP_LFS,F,ME,2011-01-01,44
Y20-64,PC_POP,EMP_LFS,F,ME,2012-01-01,46
Y20-64,PC_POP,EMP_LFS,F,ME,2013-01-01,47
Y20-64,PC_POP,EMP_LFS,F,ME,2014-01-01,49
Y20-64,PC_POP,EMP_LFS,F,ME,2015-01-01,51
Y20-64,PC_POP,EMP_LFS,F,ME,2016-01-01,51
Y20-64,PC_POP,EMP_LFS,F,ME,2017-01-01,51
Y20-64,PC_POP,EMP_LFS,F,MK,2005-01-01,
Y20-64,PC_POP,EMP_LFS,F,MK,2006-01-01,34
Y20-64,PC_POP,EMP_LFS,F,MK,2007-01-01,35
Y20-64,PC_POP,EMP_LFS,F,MK,2008-01-01,36
Y20-64,PC_POP,EMP_LFS,F,MK,2009-01-01,37
Y20-64,PC_POP,EMP_LFS,F,MK,2010-01-01,37
Y20-64,PC_POP,EMP_LFS,F,MK,2011-01-01,38
Y20-64,PC_POP,EMP_LFS,F,MK,2012-01-01,38
Y20-64,PC_POP,EMP_LFS,F,MK,2013-01-01,40
Y20-64,PC_POP,EMP_LFS,F,MK,2014-01-01,40
Y20-64,PC_POP,EMP_LFS,F,MK,2015-01-01,42
Y20-64,PC_POP,EMP_LFS,F,MK,2016-01-01,42
Y20-64,PC_POP,EMP_LFS,F,MK,2017-01-01,43
Y20-64,PC_POP,EMP_LFS,F,MT,2005-01-01,34
Y20-64,PC_POP,EMP_LFS,F,MT,2006-01-01,35
Y20-64,PC_POP,EMP_LFS,F,MT,2007-01-01,37
Y20-64,PC_POP,EMP_LFS,F,MT,2008-01-01,39
Y20-64,PC_POP,EMP_LFS,F,MT,2009-01-01,40
Y20-64,PC_POP,EMP_LFS,F,MT,2010-01-01,41
Y20-64,PC_POP,EMP_LFS,F,MT,2011-01-01,43
Y20-64,PC_POP,EMP_LFS,F,MT,2012-01-01,48
Y20-64,PC_POP,EMP_LFS,F,MT,2013-01-01,51
Y20-64,PC_POP,EMP_LFS,F,MT,2014-01-01,54
Y20-64,PC_POP,EMP_LFS,F,MT,2015-01-01,55
Y20-64,PC_POP,EMP_LFS,F,MT,2016-01-01,58
Y20-64,PC_POP,EMP_LFS,F,MT,2017-01-01,60
Y20-64,PC_POP,EMP_LFS,F,NL,2005-01-01,67
Y20-64,PC_POP,EMP_LFS,F,NL,2006-01-01,69
Y20-64,PC_POP,EMP_LFS,F,NL,2007-01-01,70
Y20-64,PC_POP,EMP_LFS,F,NL,2008-01-01,72
Y20-64,PC_POP,EMP_LFS,F,NL,2009-01-01,72
Y20-64,PC_POP,EMP_LFS,F,NL,2010-01-01,70
Y20-64,PC_POP,EMP_LFS,F,NL,2011-01-01,70
Y20-64,PC_POP,EMP_LFS,F,NL,2012-01-01,71
Y20-64,PC_POP,EMP_LFS,F,NL,2013-01-01,70
Y20-64,PC_POP,EMP_LFS,F,NL,2014-01-01,69
Y20-64,PC_POP,EMP_LFS,F,NL,2015-01-01,70
Y20-64,PC_POP,EMP_LFS,F,NL,2016-01-01,71
Y20-64,PC_POP,EMP_LFS,F,NL,2017-01-01,72
Y20-64,PC_POP,EMP_LFS,F,NO,2005-01-01,74
Y20-64,PC_POP,EMP_LFS,F,NO,2006-01-01,75
Y20-64,PC_POP,EMP_LFS,F,NO,2007-01-01,77
Y20-64,PC_POP,EMP_LFS,F,NO,2008-01-01,78
Y20-64,PC_POP,EMP_LFS,F,NO,2009-01-01,77
Y20-64,PC_POP,EMP_LFS,F,NO,2010-01-01,76
Y20-64,PC_POP,EMP_LFS,F,NO,2011-01-01,77
Y20-64,PC_POP,EMP_LFS,F,NO,2012-01-01,77
Y20-64,PC_POP,EMP_LFS,F,NO,2013-01-01,77
Y20-64,PC_POP,EMP_LFS,F,NO,2014-01-01,77
Y20-64,PC_POP,EMP_LFS,F,NO,2015-01-01,76
Y20-64,PC_POP,EMP_LFS,F,NO,2016-01-01,76
Y20-64,PC_POP,EMP_LFS,F,NO,2017-01-01,76
Y20-64,PC_POP,EMP_LFS,F,PL,2005-01-01,51
Y20-64,PC_POP,EMP_LFS,F,PL,2006-01-01,53
Y20-64,PC_POP,EMP_LFS,F,PL,2007-01-01,55
Y20-64,PC_POP,EMP_LFS,F,PL,2008-01-01,57
Y20-64,PC_POP,EMP_LFS,F,PL,2009-01-01,57
Y20-64,PC_POP,EMP_LFS,F,PL,2010-01-01,57
Y20-64,PC_POP,EMP_LFS,F,PL,2011-01-01,57
Y20-64,PC_POP,EMP_LFS,F,PL,2012-01-01,57
Y20-64,PC_POP,EMP_LFS,F,PL,2013-01-01,57
Y20-64,PC_POP,EMP_LFS,F,PL,2014-01-01,59
Y20-64,PC_POP,EMP_LFS,F,PL,2015-01-01,60
Y20-64,PC_POP,EMP_LFS,F,PL,2016-01-01,62
Y20-64,PC_POP,EMP_LFS,F,PL,2017-01-01,63
Y20-64,PC_POP,EMP_LFS,F,PT,2005-01-01,66
Y20-64,PC_POP,EMP_LFS,F,PT,2006-01-01,66
Y20-64,PC_POP,EMP_LFS,F,PT,2007-01-01,66
Y20-64,PC_POP,EMP_LFS,F,PT,2008-01-01,67
Y20-64,PC_POP,EMP_LFS,F,PT,2009-01-01,66
Y20-64,PC_POP,EMP_LFS,F,PT,2010-01-01,65
Y20-64,PC_POP,EMP_LFS,F,PT,2011-01-01,64
Y20-64,PC_POP,EMP_LFS,F,PT,2012-01-01,63
Y20-64,PC_POP,EMP_LFS,F,PT,2013-01-01,62
Y20-64,PC_POP,EMP_LFS,F,PT,2014-01-01,64
Y20-64,PC_POP,EMP_LFS,F,PT,2015-01-01,65
Y20-64,PC_POP,EMP_LFS,F,PT,2016-01-01,67
Y20-64,PC_POP,EMP_LFS,F,PT,2017-01-01,69
Y20-64,PC_POP,EMP_LFS,F,RO,2005-01-01,56
Y20-64,PC_POP,EMP_LFS,F,RO,2006-01-01,58
Y20-64,PC_POP,EMP_LFS,F,RO,2007-01-01,57
Y20-64,PC_POP,EMP_LFS,F,RO,2008-01-01,57
Y20-64,PC_POP,EMP_LFS,F,RO,2009-01-01,56
Y20-64,PC_POP,EMP_LFS,F,RO,2010-01-01,56
Y20-64,PC_POP,EMP_LFS,F,RO,2011-01-01,56
Y20-64,PC_POP,EMP_LFS,F,RO,2012-01-01,56
Y20-64,PC_POP,EMP_LFS,F,RO,2013-01-01,56
Y20-64,PC_POP,EMP_LFS,F,RO,2014-01-01,57
Y20-64,PC_POP,EMP_LFS,F,RO,2015-01-01,57
Y20-64,PC_POP,EMP_LFS,F,RO,2016-01-01,57
Y20-64,PC_POP,EMP_LFS,F,RO,2017-01-01,60
Y20-64,PC_POP,EMP_LFS,F,SE,2005-01-01,75
Y20-64,PC_POP,EMP_LFS,F,SE,2006-01-01,75
Y20-64,PC_POP,EMP_LFS,F,SE,2007-01-01,77
Y20-64,PC_POP,EMP_LFS,F,SE,2008-01-01,77
Y20-64,PC_POP,EMP_LFS,F,SE,2009-01-01,75
Y20-64,PC_POP,EMP_LFS,F,SE,2010-01-01,75
Y20-64,PC_POP,EMP_LFS,F,SE,2011-01-01,76
Y20-64,PC_POP,EMP_LFS,F,SE,2012-01-01,76
Y20-64,PC_POP,EMP_LFS,F,SE,2013-01-01,77
Y20-64,PC_POP,EMP_LFS,F,SE,2014-01-01,77
Y20-64,PC_POP,EMP_LFS,F,SE,2015-01-01,78
Y20-64,PC_POP,EMP_LFS,F,SE,2016-01-01,79
Y20-64,PC_POP,EMP_LFS,F,SE,2017-01-01,79
Y20-64,PC_POP,EMP_LFS,F,SI,2005-01-01,66
Y20-64,PC_POP,EMP_LFS,F,SI,2006-01-01,66
Y20-64,PC_POP,EMP_LFS,F,SI,2007-01-01,67
Y20-64,PC_POP,EMP_LFS,F,SI,2008-01-01,68
Y20-64,PC_POP,EMP_LFS,F,SI,2009-01-01,67
Y20-64,PC_POP,EMP_LFS,F,SI,2010-01-01,66
Y20-64,PC_POP,EMP_LFS,F,SI,2011-01-01,64
Y20-64,PC_POP,EMP_LFS,F,SI,2012-01-01,64
Y20-64,PC_POP,EMP_LFS,F,SI,2013-01-01,63
Y20-64,PC_POP,EMP_LFS,F,SI,2014-01-01,63
Y20-64,PC_POP,EMP_LFS,F,SI,2015-01-01,64
Y20-64,PC_POP,EMP_LFS,F,SI,2016-01-01,66
Y20-64,PC_POP,EMP_LFS,F,SI,2017-01-01,69
Y20-64,PC_POP,EMP_LFS,F,SK,2005-01-01,56
Y20-64,PC_POP,EMP_LFS,F,SK,2006-01-01,57
Y20-64,PC_POP,EMP_LFS,F,SK,2007-01-01,58
Y20-64,PC_POP,EMP_LFS,F,SK,2008-01-01,60
Y20-64,PC_POP,EMP_LFS,F,SK,2009-01-01,58
Y20-64,PC_POP,EMP_LFS,F,SK,2010-01-01,57
Y20-64,PC_POP,EMP_LFS,F,SK,2011-01-01,57
Y20-64,PC_POP,EMP_LFS,F,SK,2012-01-01,57
Y20-64,PC_POP,EMP_LFS,F,SK,2013-01-01,57
Y20-64,PC_POP,EMP_LFS,F,SK,2014-01-01,58
Y20-64,PC_POP,EMP_LFS,F,SK,2015-01-01,60
Y20-64,PC_POP,EMP_LFS,F,SK,2016-01-01,62
Y20-64,PC_POP,EMP_LFS,F,SK,2017-01-01,64
Y20-64,PC_POP,EMP_LFS,F,TR,2005-01-01,
Y20-64,PC_POP,EMP_LFS,F,TR,2006-01-01,24
Y20-64,PC_POP,EMP_LFS,F,TR,2007-01-01,24
Y20-64,PC_POP,EMP_LFS,F,TR,2008-01-01,24
Y20-64,PC_POP,EMP_LFS,F,TR,2009-01-01,25
Y20-64,PC_POP,EMP_LFS,F,TR,2010-01-01,28
Y20-64,PC_POP,EMP_LFS,F,TR,2011-01-01,29
Y20-64,PC_POP,EMP_LFS,F,TR,2012-01-01,30
Y20-64,PC_POP,EMP_LFS,F,TR,2013-01-01,31
Y20-64,PC_POP,EMP_LFS,F,TR,2014-01-01,31
Y20-64,PC_POP,EMP_LFS,F,TR,2015-01-01,32
Y20-64,PC_POP,EMP_LFS,F,TR,2016-01-01,33
Y20-64,PC_POP,EMP_LFS,F,TR,2017-01-01,34
Y20-64,PC_POP,EMP_LFS,F,UK,2005-01-01,68
Y20-64,PC_POP,EMP_LFS,F,UK,2006-01-01,68
Y20-64,PC_POP,EMP_LFS,F,UK,2007-01-01,68
Y20-64,PC_POP,EMP_LFS,F,UK,2008-01-01,68
Y20-64,PC_POP,EMP_LFS,F,UK,2009-01-01,68
Y20-64,PC_POP,EMP_LFS,F,UK,2010-01-01,67
Y20-64,PC_POP,EMP_LFS,F,UK,2011-01-01,67
Y20-64,PC_POP,EMP_LFS,F,UK,2012-01-01,68
Y20-64,PC_POP,EMP_LFS,F,UK,2013-01-01,69
Y20-64,PC_POP,EMP_LFS,F,UK,2014-01-01,70
Y20-64,PC_POP,EMP_LFS,F,UK,2015-01-01,71
Y20-64,PC_POP,EMP_LFS,F,UK,2016-01-01,72
Y20-64,PC_POP,EMP_LFS,F,UK,2017-01-01,73
Y20-64,PC_POP,EMP_LFS,M,AT,2005-01-01,76
Y20-64,PC_POP,EMP_LFS,M,AT,2006-01-01,78
Y20-64,PC_POP,EMP_LFS,M,AT,2007-01-01,79
Y20-64,PC_POP,EMP_LFS,M,AT,2008-01-01,80
Y20-64,PC_POP,EMP_LFS,M,AT,2009-01-01,78
Y20-64,PC_POP,EMP_LFS,M,AT,2010-01-01,79
Y20-64,PC_POP,EMP_LFS,M,AT,2011-01-01,79
Y20-64,PC_POP,EMP_LFS,M,AT,2012-01-01,79
Y20-64,PC_POP,EMP_LFS,M,AT,2013-01-01,79
Y20-64,PC_POP,EMP_LFS,M,AT,2014-01-01,78
Y20-64,PC_POP,EMP_LFS,M,AT,2015-01-01,78
Y20-64,PC_POP,EMP_LFS,M,AT,2016-01-01,78
Y20-64,PC_POP,EMP_LFS,M,AT,2017-01-01,79
Y20-64,PC_POP,EMP_LFS,M,BE,2005-01-01,74
Y20-64,PC_POP,EMP_LFS,M,BE,2006-01-01,74
Y20-64,PC_POP,EMP_LFS,M,BE,2007-01-01,75
Y20-64,PC_POP,EMP_LFS,M,BE,2008-01-01,74
Y20-64,PC_POP,EMP_LFS,M,BE,2009-01-01,73
Y20-64,PC_POP,EMP_LFS,M,BE,2010-01-01,73
Y20-64,PC_POP,EMP_LFS,M,BE,2011-01-01,73
Y20-64,PC_POP,EMP_LFS,M,BE,2012-01-01,72
Y20-64,PC_POP,EMP_LFS,M,BE,2013-01-01,72
Y20-64,PC_POP,EMP_LFS,M,BE,2014-01-01,71
Y20-64,PC_POP,EMP_LFS,M,BE,2015-01-01,71
Y20-64,PC_POP,EMP_LFS,M,BE,2016-01-01,72
Y20-64,PC_POP,EMP_LFS,M,BE,2017-01-01,73
Y20-64,PC_POP,EMP_LFS,M,BG,2005-01-01,66
Y20-64,PC_POP,EMP_LFS,M,BG,2006-01-01,69
Y20-64,PC_POP,EMP_LFS,M,BG,2007-01-01,73
Y20-64,PC_POP,EMP_LFS,M,BG,2008-01-01,76
Y20-64,PC_POP,EMP_LFS,M,BG,2009-01-01,73
Y20-64,PC_POP,EMP_LFS,M,BG,2010-01-01,68
Y20-64,PC_POP,EMP_LFS,M,BG,2011-01-01,66
Y20-64,PC_POP,EMP_LFS,M,BG,2012-01-01,65
Y20-64,PC_POP,EMP_LFS,M,BG,2013-01-01,66
Y20-64,PC_POP,EMP_LFS,M,BG,2014-01-01,68
Y20-64,PC_POP,EMP_LFS,M,BG,2015-01-01,70
Y20-64,PC_POP,EMP_LFS,M,BG,2016-01-01,71
Y20-64,PC_POP,EMP_LFS,M,BG,2017-01-01,75
Y20-64,PC_POP,EMP_LFS,M,CH,2005-01-01,
Y20-64,PC_POP,EMP_LFS,M,CH,2006-01-01,
Y20-64,PC_POP,EMP_LFS,M,CH,2007-01-01,
Y20-64,PC_POP,EMP_LFS,M,CH,2008-01-01,
Y20-64,PC_POP,EMP_LFS,M,CH,2009-01-01,
Y20-64,PC_POP,EMP_LFS,M,CH,2010-01-01,86
Y20-64,PC_POP,EMP_LFS,M,CH,2011-01-01,86
Y20-64,PC_POP,EMP_LFS,M,CH,2012-01-01,86
Y20-64,PC_POP,EMP_LFS,M,CH,2013-01-01,86
Y20-64,PC_POP,EMP_LFS,M,CH,2014-01-01,86
Y20-64,PC_POP,EMP_LFS,M,CH,2015-01-01,86
Y20-64,PC_POP,EMP_LFS,M,CH,2016-01-01,86
Y20-64,PC_POP,EMP_LFS,M,CH,2017-01-01,86
Y20-64,PC_POP,EMP_LFS,M,CY,2005-01-01,85
Y20-64,PC_POP,EMP_LFS,M,CY,2006-01-01,86
Y20-64,PC_POP,EMP_LFS,M,CY,2007-01-01,86
Y20-64,PC_POP,EMP_LFS,M,CY,2008-01-01,85
Y20-64,PC_POP,EMP_LFS,M,CY,2009-01-01,82
Y20-64,PC_POP,EMP_LFS,M,CY,2010-01-01,81
Y20-64,PC_POP,EMP_LFS,M,CY,2011-01-01,79
Y20-64,PC_POP,EMP_LFS,M,CY,2012-01-01,76
Y20-64,PC_POP,EMP_LFS,M,CY,2013-01-01,72
Y20-64,PC_POP,EMP_LFS,M,CY,2014-01-01,71
Y20-64,PC_POP,EMP_LFS,M,CY,2015-01-01,72
Y20-64,PC_POP,EMP_LFS,M,CY,2016-01-01,73
Y20-64,PC_POP,EMP_LFS,M,CY,2017-01-01,75
Y20-64,PC_POP,EMP_LFS,M,CZ,2005-01-01,80
Y20-64,PC_POP,EMP_LFS,M,CZ,2006-01-01,80
Y20-64,PC_POP,EMP_LFS,M,CZ,2007-01-01,81
Y20-64,PC_POP,EMP_LFS,M,CZ,2008-01-01,82
Y20-64,PC_POP,EMP_LFS,M,CZ,2009-01-01,80
Y20-64,PC_POP,EMP_LFS,M,CZ,2010-01-01,79
Y20-64,PC_POP,EMP_LFS,M,CZ,2011-01-01,79
Y20-64,PC_POP,EMP_LFS,M,CZ,2012-01-01,80
Y20-64,PC_POP,EMP_LFS,M,CZ,2013-01-01,81
Y20-64,PC_POP,EMP_LFS,M,CZ,2014-01-01,82
Y20-64,PC_POP,EMP_LFS,M,CZ,2015-01-01,83
Y20-64,PC_POP,EMP_LFS,M,CZ,2016-01-01,84
Y20-64,PC_POP,EMP_LFS,M,CZ,2017-01-01,86
Y20-64,PC_POP,EMP_LFS,M,DE,2005-01-01,75
Y20-64,PC_POP,EMP_LFS,M,DE,2006-01-01,77
Y20-64,PC_POP,EMP_LFS,M,DE,2007-01-01,79
Y20-64,PC_POP,EMP_LFS,M,DE,2008-01-01,80
Y20-64,PC_POP,EMP_LFS,M,DE,2009-01-01,79
Y20-64,PC_POP,EMP_LFS,M,DE,2010-01-01,80
Y20-64,PC_POP,EMP_LFS,M,DE,2011-01-01,81
Y20-64,PC_POP,EMP_LFS,M,DE,2012-01-01,82
Y20-64,PC_POP,EMP_LFS,M,DE,2013-01-01,82
Y20-64,PC_POP,EMP_LFS,M,DE,2014-01-01,82
Y20-64,PC_POP,EMP_LFS,M,DE,2015-01-01,82
Y20-64,PC_POP,EMP_LFS,M,DE,2016-01-01,82
Y20-64,PC_POP,EMP_LFS,M,DE,2017-01-01,83
Y20-64,PC_POP,EMP_LFS,M,DK,2005-01-01,82
Y20-64,PC_POP,EMP_LFS,M,DK,2006-01-01,83
Y20-64,PC_POP,EMP_LFS,M,DK,2007-01-01,83
Y20-64,PC_POP,EMP_LFS,M,DK,2008-01-01,83
Y20-64,PC_POP,EMP_LFS,M,DK,2009-01-01,80
Y20-64,PC_POP,EMP_LFS,M,DK,2010-01-01,78
Y20-64,PC_POP,EMP_LFS,M,DK,2011-01-01,79
Y20-64,PC_POP,EMP_LFS,M,DK,2012-01-01,78
Y20-64,PC_POP,EMP_LFS,M,DK,2013-01-01,78
Y20-64,PC_POP,EMP_LFS,M,DK,2014-01-01,79
Y20-64,PC_POP,EMP_LFS,M,DK,2015-01-01,80
Y20-64,PC_POP,EMP_LFS,M,DK,2016-01-01,80
Y20-64,PC_POP,EMP_LFS,M,DK,2017-01-01,80
Y20-64,PC_POP,EMP_LFS,M,EA18,2005-01-01,76
Y20-64,PC_POP,EMP_LFS,M,EA18,2006-01-01,77
Y20-64,PC_POP,EMP_LFS,M,EA18,2007-01-01,78
Y20-64,PC_POP,EMP_LFS,M,EA18,2008-01-01,78
Y20-64,PC_POP,EMP_LFS,M,EA18,2009-01-01,75
Y20-64,PC_POP,EMP_LFS,M,EA18,2010-01-01,75
Y20-64,PC_POP,EMP_LFS,M,EA18,2011-01-01,75
Y20-64,PC_POP,EMP_LFS,M,EA18,2012-01-01,74
Y20-64,PC_POP,EMP_LFS,M,EA18,2013-01-01,73
Y20-64,PC_POP,EMP_LFS,M,EA18,2014-01-01,73
Y20-64,PC_POP,EMP_LFS,M,EA18,2015-01-01,74
Y20-64,PC_POP,EMP_LFS,M,EA18,2016-01-01,75
Y20-64,PC_POP,EMP_LFS,M,EA18,2017-01-01,76
Y20-64,PC_POP,EMP_LFS,M,EA19,2005-01-01,76
Y20-64,PC_POP,EMP_LFS,M,EA19,2006-01-01,77
Y20-64,PC_POP,EMP_LFS,M,EA19,2007-01-01,78
Y20-64,PC_POP,EMP_LFS,M,EA19,2008-01-01,78
Y20-64,PC_POP,EMP_LFS,M,EA19,2009-01-01,75
Y20-64,PC_POP,EMP_LFS,M,EA19,2010-01-01,75
Y20-64,PC_POP,EMP_LFS,M,EA19,2011-01-01,74
Y20-64,PC_POP,EMP_LFS,M,EA19,2012-01-01,74
Y20-64,PC_POP,EMP_LFS,M,EA19,2013-01-01,73
Y20-64,PC_POP,EMP_LFS,M,EA19,2014-01-01,73
Y20-64,PC_POP,EMP_LFS,M,EA19,2015-01-01,74
Y20-64,PC_POP,EMP_LFS,M,EA19,2016-01-01,75
Y20-64,PC_POP,EMP_LFS,M,EA19,2017-01-01,76
Y20-64,PC_POP,EMP_LFS,M,EE,2005-01-01,74
Y20-64,PC_POP,EMP_LFS,M,EE,2006-01-01,79
Y20-64,PC_POP,EMP_LFS,M,EE,2007-01-01,81
Y20-64,PC_POP,EMP_LFS,M,EE,2008-01-01,81
Y20-64,PC_POP,EMP_LFS,M,EE,2009-01-01,71
Y20-64,PC_POP,EMP_LFS,M,EE,2010-01-01,67
Y20-64,PC_POP,EMP_LFS,M,EE,2011-01-01,73
Y20-64,PC_POP,EMP_LFS,M,EE,2012-01-01,75
Y20-64,PC_POP,EMP_LFS,M,EE,2013-01-01,76
Y20-64,PC_POP,EMP_LFS,M,EE,2014-01-01,78
Y20-64,PC_POP,EMP_LFS,M,EE,2015-01-01,80
Y20-64,PC_POP,EMP_LFS,M,EE,2016-01-01,80
Y20-64,PC_POP,EMP_LFS,M,EE,2017-01-01,82
Y20-64,PC_POP,EMP_LFS,M,EL,2005-01-01,79
Y20-64,PC_POP,EMP_LFS,M,EL,2006-01-01,79
Y20-64,PC_POP,EMP_LFS,M,EL,2007-01-01,80
Y20-64,PC_POP,EMP_LFS,M,EL,2008-01-01,80
Y20-64,PC_POP,EMP_LFS,M,EL,2009-01-01,78
Y20-64,PC_POP,EMP_LFS,M,EL,2010-01-01,76
Y20-64,PC_POP,EMP_LFS,M,EL,2011-01-01,70
Y20-64,PC_POP,EMP_LFS,M,EL,2012-01-01,65
Y20-64,PC_POP,EMP_LFS,M,EL,2013-01-01,62
Y20-64,PC_POP,EMP_LFS,M,EL,2014-01-01,62
Y20-64,PC_POP,EMP_LFS,M,EL,2015-01-01,64
Y20-64,PC_POP,EMP_LFS,M,EL,2016-01-01,65
Y20-64,PC_POP,EMP_LFS,M,EL,2017-01-01,67
Y20-64,PC_POP,EMP_LFS,M,ES,2005-01-01,79
Y20-64,PC_POP,EMP_LFS,M,ES,2006-01-01,80
Y20-64,PC_POP,EMP_LFS,M,ES,2007-01-01,80
Y20-64,PC_POP,EMP_LFS,M,ES,2008-01-01,77
Y20-64,PC_POP,EMP_LFS,M,ES,2009-01-01,71
Y20-64,PC_POP,EMP_LFS,M,ES,2010-01-01,69
Y20-64,PC_POP,EMP_LFS,M,ES,2011-01-01,67
Y20-64,PC_POP,EMP_LFS,M,ES,2012-01-01,64
Y20-64,PC_POP,EMP_LFS,M,ES,2013-01-01,63
Y20-64,PC_POP,EMP_LFS,M,ES,2014-01-01,65
Y20-64,PC_POP,EMP_LFS,M,ES,2015-01-01,67
Y20-64,PC_POP,EMP_LFS,M,ES,2016-01-01,69
Y20-64,PC_POP,EMP_LFS,M,ES,2017-01-01,71
Y20-64,PC_POP,EMP_LFS,M,EU27,2005-01-01,76
Y20-64,PC_POP,EMP_LFS,M,EU27,2006-01-01,76
Y20-64,PC_POP,EMP_LFS,M,EU27,2007-01-01,77
Y20-64,PC_POP,EMP_LFS,M,EU27,2008-01-01,77
Y20-64,PC_POP,EMP_LFS,M,EU27,2009-01-01,75
Y20-64,PC_POP,EMP_LFS,M,EU27,2010-01-01,75
Y20-64,PC_POP,EMP_LFS,M,EU27,2011-01-01,75
Y20-64,PC_POP,EMP_LFS,M,EU27,2012-01-01,74
Y20-64,PC_POP,EMP_LFS,M,EU27,2013-01-01,74
Y20-64,PC_POP,EMP_LFS,M,EU27,2014-01-01,75
Y20-64,PC_POP,EMP_LFS,M,EU27,2015-01-01,76
Y20-64,PC_POP,EMP_LFS,M,EU27,2016-01-01,77
Y20-64,PC_POP,EMP_LFS,M,EU27,2017-01-01,78
Y20-64,PC_POP,EMP_LFS,M,EU28,2005-01-01,75
Y20-64,PC_POP,EMP_LFS,M,EU28,2006-01-01,76
Y20-64,PC_POP,EMP_LFS,M,EU28,2007-01-01,77
Y20-64,PC_POP,EMP_LFS,M,EU28,2008-01-01,77
Y20-64,PC_POP,EMP_LFS,M,EU28,2009-01-01,75
Y20-64,PC_POP,EMP_LFS,M,EU28,2010-01-01,75
Y20-64,PC_POP,EMP_LFS,M,EU28,2011-01-01,75
Y20-64,PC_POP,EMP_LFS,M,EU28,2012-01-01,74
Y20-64,PC_POP,EMP_LFS,M,EU28,2013-01-01,74
Y20-64,PC_POP,EMP_LFS,M,EU28,2014-01-01,75
Y20-64,PC_POP,EMP_LFS,M,EU28,2015-01-01,75
Y20-64,PC_POP,EMP_LFS,M,EU28,2016-01-01,76
Y20-64,PC_POP,EMP_LFS,M,EU28,2017-01-01,78
Y20-64,PC_POP,EMP_LFS,M,FI,2005-01-01,75
Y20-64,PC_POP,EMP_LFS,M,FI,2006-01-01,76
Y20-64,PC_POP,EMP_LFS,M,FI,2007-01-01,77
Y20-64,PC_POP,EMP_LFS,M,FI,2008-01-01,78
Y20-64,PC_POP,EMP_LFS,M,FI,2009-01-01,74
Y20-64,PC_POP,EMP_LFS,M,FI,2010-01-01,74
Y20-64,PC_POP,EMP_LFS,M,FI,2011-01-01,75
Y20-64,PC_POP,EMP_LFS,M,FI,2012-01-01,75
Y20-64,PC_POP,EMP_LFS,M,FI,2013-01-01,74
Y20-64,PC_POP,EMP_LFS,M,FI,2014-01-01,74
Y20-64,PC_POP,EMP_LFS,M,FI,2015-01-01,73
Y20-64,PC_POP,EMP_LFS,M,FI,2016-01-01,75
Y20-64,PC_POP,EMP_LFS,M,FI,2017-01-01,75
Y20-64,PC_POP,EMP_LFS,M,FR,2005-01-01,
Y20-64,PC_POP,EMP_LFS,M,FR,2006-01-01,
Y20-64,PC_POP,EMP_LFS,M,FR,2007-01-01,
Y20-64,PC_POP,EMP_LFS,M,FR,2008-01-01,
Y20-64,PC_POP,EMP_LFS,M,FR,2009-01-01,
Y20-64,PC_POP,EMP_LFS,M,FR,2010-01-01,
Y20-64,PC_POP,EMP_LFS,M,FR,2011-01-01,
Y20-64,PC_POP,EMP_LFS,M,FR,2012-01-01,
Y20-64,PC_POP,EMP_LFS,M,FR,2013-01-01,
Y20-64,PC_POP,EMP_LFS,M,FR,2014-01-01,73
Y20-64,PC_POP,EMP_LFS,M,FR,2015-01-01,73
Y20-64,PC_POP,EMP_LFS,M,FR,2016-01-01,73
Y20-64,PC_POP,EMP_LFS,M,FR,2017-01-01,74
Y20-64,PC_POP,EMP_LFS,M,FX,2005-01-01,75
Y20-64,PC_POP,EMP_LFS,M,FX,2006-01-01,75
Y20-64,PC_POP,EMP_LFS,M,FX,2007-01-01,75
Y20-64,PC_POP,EMP_LFS,M,FX,2008-01-01,75
Y20-64,PC_POP,EMP_LFS,M,FX,2009-01-01,74
Y20-64,PC_POP,EMP_LFS,M,FX,2010-01-01,74
Y20-64,PC_POP,EMP_LFS,M,FX,2011-01-01,74
Y20-64,PC_POP,EMP_LFS,M,FX,2012-01-01,73
Y20-64,PC_POP,EMP_LFS,M,FX,2013-01-01,73
Y20-64,PC_POP,EMP_LFS,M,FX,2014-01-01,73
Y20-64,PC_POP,EMP_LFS,M,FX,2015-01-01,73
Y20-64,PC_POP,EMP_LFS,M,FX,2016-01-01,74
Y20-64,PC_POP,EMP_LFS,M,FX,2017-01-01,75
Y20-64,PC_POP,EMP_LFS,M,HR,2005-01-01,67
Y20-64,PC_POP,EMP_LFS,M,HR,2006-01-01,67
Y20-64,PC_POP,EMP_LFS,M,HR,2007-01-01,72
Y20-64,PC_POP,EMP_LFS,M,HR,2008-01-01,72
Y20-64,PC_POP,EMP_LFS,M,HR,2009-01-01,70
Y20-64,PC_POP,EMP_LFS,M,HR,2010-01-01,67
Y20-64,PC_POP,EMP_LFS,M,HR,2011-01-01,66
Y20-64,PC_POP,EMP_LFS,M,HR,2012-01-01,63
Y20-64,PC_POP,EMP_LFS,M,HR,2013-01-01,61
Y20-64,PC_POP,EMP_LFS,M,HR,2014-01-01,64
Y20-64,PC_POP,EMP_LFS,M,HR,2015-01-01,65
Y20-64,PC_POP,EMP_LFS,M,HR,2016-01-01,66
Y20-64,PC_POP,EMP_LFS,M,HR,2017-01-01,68
Y20-64,PC_POP,EMP_LFS,M,HU,2005-01-01,69
Y20-64,PC_POP,EMP_LFS,M,HU,2006-01-01,70
Y20-64,PC_POP,EMP_LFS,M,HU,2007-01-01,69
Y20-64,PC_POP,EMP_LFS,M,HU,2008-01-01,68
Y20-64,PC_POP,EMP_LFS,M,HU,2009-01-01,66
Y20-64,PC_POP,EMP_LFS,M,HU,2010-01-01,65
Y20-64,PC_POP,EMP_LFS,M,HU,2011-01-01,66
Y20-64,PC_POP,EMP_LFS,M,HU,2012-01-01,67
Y20-64,PC_POP,EMP_LFS,M,HU,2013-01-01,69
Y20-64,PC_POP,EMP_LFS,M,HU,2014-01-01,73
Y20-64,PC_POP,EMP_LFS,M,HU,2015-01-01,75
Y20-64,PC_POP,EMP_LFS,M,HU,2016-01-01,78
Y20-64,PC_POP,EMP_LFS,M,HU,2017-01-01,81
Y20-64,PC_POP,EMP_LFS,M,IE,2005-01-01,84
Y20-64,PC_POP,EMP_LFS,M,IE,2006-01-01,84
Y20-64,PC_POP,EMP_LFS,M,IE,2007-01-01,84
Y20-64,PC_POP,EMP_LFS,M,IE,2008-01-01,81
Y20-64,PC_POP,EMP_LFS,M,IE,2009-01-01,73
Y20-64,PC_POP,EMP_LFS,M,IE,2010-01-01,69
Y20-64,PC_POP,EMP_LFS,M,IE,2011-01-01,68
Y20-64,PC_POP,EMP_LFS,M,IE,2012-01-01,68
Y20-64,PC_POP,EMP_LFS,M,IE,2013-01-01,71
Y20-64,PC_POP,EMP_LFS,M,IE,2014-01-01,74
Y20-64,PC_POP,EMP_LFS,M,IE,2015-01-01,76
Y20-64,PC_POP,EMP_LFS,M,IE,2016-01-01,77
Y20-64,PC_POP,EMP_LFS,M,IE,2017-01-01,79
Y20-64,PC_POP,EMP_LFS,M,IS,2005-01-01,89
Y20-64,PC_POP,EMP_LFS,M,IS,2006-01-01,90
Y20-64,PC_POP,EMP_LFS,M,IS,2007-01-01,91
Y20-64,PC_POP,EMP_LFS,M,IS,2008-01-01,89
Y20-64,PC_POP,EMP_LFS,M,IS,2009-01-01,83
Y20-64,PC_POP,EMP_LFS,M,IS,2010-01-01,83
Y20-64,PC_POP,EMP_LFS,M,IS,2011-01-01,83
Y20-64,PC_POP,EMP_LFS,M,IS,2012-01-01,84
Y20-64,PC_POP,EMP_LFS,M,IS,2013-01-01,86
Y20-64,PC_POP,EMP_LFS,M,IS,2014-01-01,88
Y20-64,PC_POP,EMP_LFS,M,IS,2015-01-01,89
Y20-64,PC_POP,EMP_LFS,M,IS,2016-01-01,91
Y20-64,PC_POP,EMP_LFS,M,IS,2017-01-01,90
Y20-64,PC_POP,EMP_LFS,M,IT,2005-01-01,74
Y20-64,PC_POP,EMP_LFS,M,IT,2006-01-01,75
Y20-64,PC_POP,EMP_LFS,M,IT,2007-01-01,75
Y20-64,PC_POP,EMP_LFS,M,IT,2008-01-01,75
Y20-64,PC_POP,EMP_LFS,M,IT,2009-01-01,73
Y20-64,PC_POP,EMP_LFS,M,IT,2010-01-01,72
Y20-64,PC_POP,EMP_LFS,M,IT,2011-01-01,72
Y20-64,PC_POP,EMP_LFS,M,IT,2012-01-01,71
Y20-64,PC_POP,EMP_LFS,M,IT,2013-01-01,69
Y20-64,PC_POP,EMP_LFS,M,IT,2014-01-01,69
Y20-64,PC_POP,EMP_LFS,M,IT,2015-01-01,70
Y20-64,PC_POP,EMP_LFS,M,IT,2016-01-01,71
Y20-64,PC_POP,EMP_LFS,M,IT,2017-01-01,72
Y20-64,PC_POP,EMP_LFS,M,LT,2005-01-01,75
Y20-64,PC_POP,EMP_LFS,M,LT,2006-01-01,74
Y20-64,PC_POP,EMP_LFS,M,LT,2007-01-01,76
Y20-64,PC_POP,EMP_LFS,M,LT,2008-01-01,75
Y20-64,PC_POP,EMP_LFS,M,LT,2009-01-01,66
Y20-64,PC_POP,EMP_LFS,M,LT,2010-01-01,63
Y20-64,PC_POP,EMP_LFS,M,LT,2011-01-01,67
Y20-64,PC_POP,EMP_LFS,M,LT,2012-01-01,69
Y20-64,PC_POP,EMP_LFS,M,LT,2013-01-01,71
Y20-64,PC_POP,EMP_LFS,M,LT,2014-01-01,73
Y20-64,PC_POP,EMP_LFS,M,LT,2015-01-01,74
Y20-64,PC_POP,EMP_LFS,M,LT,2016-01-01,76
Y20-64,PC_POP,EMP_LFS,M,LT,2017-01-01,76
Y20-64,PC_POP,EMP_LFS,M,LU,2005-01-01,79
Y20-64,PC_POP,EMP_LFS,M,LU,2006-01-01,78
Y20-64,PC_POP,EMP_LFS,M,LU,2007-01-01,78
Y20-64,PC_POP,EMP_LFS,M,LU,2008-01-01,77
Y20-64,PC_POP,EMP_LFS,M,LU,2009-01-01,79
Y20-64,PC_POP,EMP_LFS,M,LU,2010-01-01,79
Y20-64,PC_POP,EMP_LFS,M,LU,2011-01-01,78
Y20-64,PC_POP,EMP_LFS,M,LU,2012-01-01,78
Y20-64,PC_POP,EMP_LFS,M,LU,2013-01-01,78
Y20-64,PC_POP,EMP_LFS,M,LU,2014-01-01,78
Y20-64,PC_POP,EMP_LFS,M,LU,2015-01-01,76
Y20-64,PC_POP,EMP_LFS,M,LU,2016-01-01,76
Y20-64,PC_POP,EMP_LFS,M,LU,2017-01-01,75
Y20-64,PC_POP,EMP_LFS,M,LV,2005-01-01,74
Y20-64,PC_POP,EMP_LFS,M,LV,2006-01-01,78
Y20-64,PC_POP,EMP_LFS,M,LV,2007-01-01,80
Y20-64,PC_POP,EMP_LFS,M,LV,2008-01-01,79
Y20-64,PC_POP,EMP_LFS,M,LV,2009-01-01,66
Y20-64,PC_POP,EMP_LFS,M,LV,2010-01-01,64
Y20-64,PC_POP,EMP_LFS,M,LV,2011-01-01,67
Y20-64,PC_POP,EMP_LFS,M,LV,2012-01-01,70
Y20-64,PC_POP,EMP_LFS,M,LV,2013-01-01,71
Y20-64,PC_POP,EMP_LFS,M,LV,2014-01-01,73
Y20-64,PC_POP,EMP_LFS,M,LV,2015-01-01,74
Y20-64,PC_POP,EMP_LFS,M,LV,2016-01-01,74
Y20-64,PC_POP,EMP_LFS,M,LV,2017-01-01,77
Y20-64,PC_POP,EMP_LFS,M,ME,2005-01-01,
Y20-64,PC_POP,EMP_LFS,M,ME,2006-01-01,
Y20-64,PC_POP,EMP_LFS,M,ME,2007-01-01,
Y20-64,PC_POP,EMP_LFS,M,ME,2008-01-01,
Y20-64,PC_POP,EMP_LFS,M,ME,2009-01-01,
Y20-64,PC_POP,EMP_LFS,M,ME,2010-01-01,
Y20-64,PC_POP,EMP_LFS,M,ME,2011-01-01,57
Y20-64,PC_POP,EMP_LFS,M,ME,2012-01-01,57
Y20-64,PC_POP,EMP_LFS,M,ME,2013-01-01,58
Y20-64,PC_POP,EMP_LFS,M,ME,2014-01-01,61
Y20-64,PC_POP,EMP_LFS,M,ME,2015-01-01,61
Y20-64,PC_POP,EMP_LFS,M,ME,2016-01-01,63
Y20-64,PC_POP,EMP_LFS,M,ME,2017-01-01,65
Y20-64,PC_POP,EMP_LFS,M,MK,2005-01-01,
Y20-64,PC_POP,EMP_LFS,M,MK,2006-01-01,53
Y20-64,PC_POP,EMP_LFS,M,MK,2007-01-01,54
Y20-64,PC_POP,EMP_LFS,M,MK,2008-01-01,56
Y20-64,PC_POP,EMP_LFS,M,MK,2009-01-01,58
Y20-64,PC_POP,EMP_LFS,M,MK,2010-01-01,58
Y20-64,PC_POP,EMP_LFS,M,MK,2011-01-01,57
Y20-64,PC_POP,EMP_LFS,M,MK,2012-01-01,57
Y20-64,PC_POP,EMP_LFS,M,MK,2013-01-01,59
Y20-64,PC_POP,EMP_LFS,M,MK,2014-01-01,61
Y20-64,PC_POP,EMP_LFS,M,MK,2015-01-01,61
Y20-64,PC_POP,EMP_LFS,M,MK,2016-01-01,63
Y20-64,PC_POP,EMP_LFS,M,MK,2017-01-01,65
Y20-64,PC_POP,EMP_LFS,M,MT,2005-01-01,79
Y20-64,PC_POP,EMP_LFS,M,MT,2006-01-01,79
Y20-64,PC_POP,EMP_LFS,M,MT,2007-01-01,79
Y20-64,PC_POP,EMP_LFS,M,MT,2008-01-01,78
Y20-64,PC_POP,EMP_LFS,M,MT,2009-01-01,77
Y20-64,PC_POP,EMP_LFS,M,MT,2010-01-01,78
Y20-64,PC_POP,EMP_LFS,M,MT,2011-01-01,79
Y20-64,PC_POP,EMP_LFS,M,MT,2012-01-01,79
Y20-64,PC_POP,EMP_LFS,M,MT,2013-01-01,80
Y20-64,PC_POP,EMP_LFS,M,MT,2014-01-01,81
Y20-64,PC_POP,EMP_LFS,M,MT,2015-01-01,82
Y20-64,PC_POP,EMP_LFS,M,MT,2016-01-01,83
Y20-64,PC_POP,EMP_LFS,M,MT,2017-01-01,84
Y20-64,PC_POP,EMP_LFS,M,NL,2005-01-01,82
Y20-64,PC_POP,EMP_LFS,M,NL,2006-01-01,83
Y20-64,PC_POP,EMP_LFS,M,NL,2007-01-01,84
Y20-64,PC_POP,EMP_LFS,M,NL,2008-01-01,85
Y20-64,PC_POP,EMP_LFS,M,NL,2009-01-01,84
Y20-64,PC_POP,EMP_LFS,M,NL,2010-01-01,82
Y20-64,PC_POP,EMP_LFS,M,NL,2011-01-01,82
Y20-64,PC_POP,EMP_LFS,M,NL,2012-01-01,82
Y20-64,PC_POP,EMP_LFS,M,NL,2013-01-01,81
Y20-64,PC_POP,EMP_LFS,M,NL,2014-01-01,81
Y20-64,PC_POP,EMP_LFS,M,NL,2015-01-01,81
Y20-64,PC_POP,EMP_LFS,M,NL,2016-01-01,82
Y20-64,PC_POP,EMP_LFS,M,NL,2017-01-01,83
Y20-64,PC_POP,EMP_LFS,M,NO,2005-01-01,81
Y20-64,PC_POP,EMP_LFS,M,NO,2006-01-01,83
Y20-64,PC_POP,EMP_LFS,M,NO,2007-01-01,84
Y20-64,PC_POP,EMP_LFS,M,NO,2008-01-01,84
Y20-64,PC_POP,EMP_LFS,M,NO,2009-01-01,83
Y20-64,PC_POP,EMP_LFS,M,NO,2010-01-01,82
Y20-64,PC_POP,EMP_LFS,M,NO,2011-01-01,82
Y20-64,PC_POP,EMP_LFS,M,NO,2012-01-01,82
Y20-64,PC_POP,EMP_LFS,M,NO,2013-01-01,82
Y20-64,PC_POP,EMP_LFS,M,NO,2014-01-01,81
Y20-64,PC_POP,EMP_LFS,M,NO,2015-01-01,81
Y20-64,PC_POP,EMP_LFS,M,NO,2016-01-01,80
Y20-64,PC_POP,EMP_LFS,M,NO,2017-01-01,80
Y20-64,PC_POP,EMP_LFS,M,PL,2005-01-01,65
Y20-64,PC_POP,EMP_LFS,M,PL,2006-01-01,67
Y20-64,PC_POP,EMP_LFS,M,PL,2007-01-01,70
Y20-64,PC_POP,EMP_LFS,M,PL,2008-01-01,73
Y20-64,PC_POP,EMP_LFS,M,PL,2009-01-01,72
Y20-64,PC_POP,EMP_LFS,M,PL,2010-01-01,71
Y20-64,PC_POP,EMP_LFS,M,PL,2011-01-01,71
Y20-64,PC_POP,EMP_LFS,M,PL,2012-01-01,72
Y20-64,PC_POP,EMP_LFS,M,PL,2013-01-01,72
Y20-64,PC_POP,EMP_LFS,M,PL,2014-01-01,73
Y20-64,PC_POP,EMP_LFS,M,PL,2015-01-01,74
Y20-64,PC_POP,EMP_LFS,M,PL,2016-01-01,76
Y20-64,PC_POP,EMP_LFS,M,PL,2017-01-01,78
Y20-64,PC_POP,EMP_LFS,M,PT,2005-01-01,78
Y20-64,PC_POP,EMP_LFS,M,PT,2006-01-01,79
Y20-64,PC_POP,EMP_LFS,M,PT,2007-01-01,79
Y20-64,PC_POP,EMP_LFS,M,PT,2008-01-01,79
Y20-64,PC_POP,EMP_LFS,M,PT,2009-01-01,76
Y20-64,PC_POP,EMP_LFS,M,PT,2010-01-01,75
Y20-64,PC_POP,EMP_LFS,M,PT,2011-01-01,73
Y20-64,PC_POP,EMP_LFS,M,PT,2012-01-01,69
Y20-64,PC_POP,EMP_LFS,M,PT,2013-01-01,68
Y20-64,PC_POP,EMP_LFS,M,PT,2014-01-01,71
Y20-64,PC_POP,EMP_LFS,M,PT,2015-01-01,72
Y20-64,PC_POP,EMP_LFS,M,PT,2016-01-01,74
Y20-64,PC_POP,EMP_LFS,M,PT,2017-01-01,77
Y20-64,PC_POP,EMP_LFS,M,RO,2005-01-01,70
Y20-64,PC_POP,EMP_LFS,M,RO,2006-01-01,71
Y20-64,PC_POP,EMP_LFS,M,RO,2007-01-01,71
Y20-64,PC_POP,EMP_LFS,M,RO,2008-01-01,71
Y20-64,PC_POP,EMP_LFS,M,RO,2009-01-01,70
Y20-64,PC_POP,EMP_LFS,M,RO,2010-01-01,73
Y20-64,PC_POP,EMP_LFS,M,RO,2011-01-01,71
Y20-64,PC_POP,EMP_LFS,M,RO,2012-01-01,72
Y20-64,PC_POP,EMP_LFS,M,RO,2013-01-01,72
Y20-64,PC_POP,EMP_LFS,M,RO,2014-01-01,74
Y20-64,PC_POP,EMP_LFS,M,RO,2015-01-01,74
Y20-64,PC_POP,EMP_LFS,M,RO,2016-01-01,75
Y20-64,PC_POP,EMP_LFS,M,RO,2017-01-01,77
Y20-64,PC_POP,EMP_LFS,M,SE,2005-01-01,80
Y20-64,PC_POP,EMP_LFS,M,SE,2006-01-01,81
Y20-64,PC_POP,EMP_LFS,M,SE,2007-01-01,83
Y20-64,PC_POP,EMP_LFS,M,SE,2008-01-01,83
Y20-64,PC_POP,EMP_LFS,M,SE,2009-01-01,80
Y20-64,PC_POP,EMP_LFS,M,SE,2010-01-01,81
Y20-64,PC_POP,EMP_LFS,M,SE,2011-01-01,82
Y20-64,PC_POP,EMP_LFS,M,SE,2012-01-01,81
Y20-64,PC_POP,EMP_LFS,M,SE,2013-01-01,82
Y20-64,PC_POP,EMP_LFS,M,SE,2014-01-01,82
Y20-64,PC_POP,EMP_LFS,M,SE,2015-01-01,82
Y20-64,PC_POP,EMP_LFS,M,SE,2016-01-01,83
Y20-64,PC_POP,EMP_LFS,M,SE,2017-01-01,83
Y20-64,PC_POP,EMP_LFS,M,SI,2005-01-01,75
Y20-64,PC_POP,EMP_LFS,M,SI,2006-01-01,76
Y20-64,PC_POP,EMP_LFS,M,SI,2007-01-01,77
Y20-64,PC_POP,EMP_LFS,M,SI,2008-01-01,77
Y20-64,PC_POP,EMP_LFS,M,SI,2009-01-01,75
Y20-64,PC_POP,EMP_LFS,M,SI,2010-01-01,74
Y20-64,PC_POP,EMP_LFS,M,SI,2011-01-01,71
Y20-64,PC_POP,EMP_LFS,M,SI,2012-01-01,71
Y20-64,PC_POP,EMP_LFS,M,SI,2013-01-01,71
Y20-64,PC_POP,EMP_LFS,M,SI,2014-01-01,71
Y20-64,PC_POP,EMP_LFS,M,SI,2015-01-01,73
Y20-64,PC_POP,EMP_LFS,M,SI,2016-01-01,73
Y20-64,PC_POP,EMP_LFS,M,SI,2017-01-01,76
Y20-64,PC_POP,EMP_LFS,M,SK,2005-01-01,72
Y20-64,PC_POP,EMP_LFS,M,SK,2006-01-01,74
Y20-64,PC_POP,EMP_LFS,M,SK,2007-01-01,76
Y20-64,PC_POP,EMP_LFS,M,SK,2008-01-01,77
Y20-64,PC_POP,EMP_LFS,M,SK,2009-01-01,74
Y20-64,PC_POP,EMP_LFS,M,SK,2010-01-01,71
Y20-64,PC_POP,EMP_LFS,M,SK,2011-01-01,72
Y20-64,PC_POP,EMP_LFS,M,SK,2012-01-01,72
Y20-64,PC_POP,EMP_LFS,M,SK,2013-01-01,72
Y20-64,PC_POP,EMP_LFS,M,SK,2014-01-01,73
Y20-64,PC_POP,EMP_LFS,M,SK,2015-01-01,75
Y20-64,PC_POP,EMP_LFS,M,SK,2016-01-01,76
Y20-64,PC_POP,EMP_LFS,M,SK,2017-01-01,77
Y20-64,PC_POP,EMP_LFS,M,TR,2005-01-01,
Y20-64,PC_POP,EMP_LFS,M,TR,2006-01-01,73
Y20-64,PC_POP,EMP_LFS,M,TR,2007-01-01,73
Y20-64,PC_POP,EMP_LFS,M,TR,2008-01-01,72
Y20-64,PC_POP,EMP_LFS,M,TR,2009-01-01,70
Y20-64,PC_POP,EMP_LFS,M,TR,2010-01-01,72
Y20-64,PC_POP,EMP_LFS,M,TR,2011-01-01,75
Y20-64,PC_POP,EMP_LFS,M,TR,2012-01-01,75
Y20-64,PC_POP,EMP_LFS,M,TR,2013-01-01,75
Y20-64,PC_POP,EMP_LFS,M,TR,2014-01-01,75
Y20-64,PC_POP,EMP_LFS,M,TR,2015-01-01,75
Y20-64,PC_POP,EMP_LFS,M,TR,2016-01-01,75
Y20-64,PC_POP,EMP_LFS,M,TR,2017-01-01,76
Y20-64,PC_POP,EMP_LFS,M,UK,2005-01-01,82
Y20-64,PC_POP,EMP_LFS,M,UK,2006-01-01,82
Y20-64,PC_POP,EMP_LFS,M,UK,2007-01-01,82
Y20-64,PC_POP,EMP_LFS,M,UK,2008-01-01,81
Y20-64,PC_POP,EMP_LFS,M,UK,2009-01-01,79
Y20-64,PC_POP,EMP_LFS,M,UK,2010-01-01,79
Y20-64,PC_POP,EMP_LFS,M,UK,2011-01-01,79
Y20-64,PC_POP,EMP_LFS,M,UK,2012-01-01,80
Y20-64,PC_POP,EMP_LFS,M,UK,2013-01-01,80
Y20-64,PC_POP,EMP_LFS,M,UK,2014-01-01,81
Y20-64,PC_POP,EMP_LFS,M,UK,2015-01-01,82
Y20-64,PC_POP,EMP_LFS,M,UK,2016-01-01,83
Y20-64,PC_POP,EMP_LFS,M,UK,2017-01-01,83
Y20-64,PC_POP,EMP_LFS,T,AT,2005-01-01,70
Y20-64,PC_POP,EMP_LFS,T,AT,2006-01-01,71
Y20-64,PC_POP,EMP_LFS,T,AT,2007-01-01,72
Y20-64,PC_POP,EMP_LFS,T,AT,2008-01-01,73
Y20-64,PC_POP,EMP_LFS,T,AT,2009-01-01,73
Y20-64,PC_POP,EMP_LFS,T,AT,2010-01-01,73
Y20-64,PC_POP,EMP_LFS,T,AT,2011-01-01,74
Y20-64,PC_POP,EMP_LFS,T,AT,2012-01-01,74
Y20-64,PC_POP,EMP_LFS,T,AT,2013-01-01,74
Y20-64,PC_POP,EMP_LFS,T,AT,2014-01-01,74
Y20-64,PC_POP,EMP_LFS,T,AT,2015-01-01,74
Y20-64,PC_POP,EMP_LFS,T,AT,2016-01-01,74
Y20-64,PC_POP,EMP_LFS,T,AT,2017-01-01,75
Y20-64,PC_POP,EMP_LFS,T,BE,2005-01-01,66
Y20-64,PC_POP,EMP_LFS,T,BE,2006-01-01,66
Y20-64,PC_POP,EMP_LFS,T,BE,2007-01-01,67
Y20-64,PC_POP,EMP_LFS,T,BE,2008-01-01,68
Y20-64,PC_POP,EMP_LFS,T,BE,2009-01-01,67
Y20-64,PC_POP,EMP_LFS,T,BE,2010-01-01,67
Y20-64,PC_POP,EMP_LFS,T,BE,2011-01-01,67
Y20-64,PC_POP,EMP_LFS,T,BE,2012-01-01,67
Y20-64,PC_POP,EMP_LFS,T,BE,2013-01-01,67
Y20-64,PC_POP,EMP_LFS,T,BE,2014-01-01,67
Y20-64,PC_POP,EMP_LFS,T,BE,2015-01-01,67
Y20-64,PC_POP,EMP_LFS,T,BE,2016-01-01,67
Y20-64,PC_POP,EMP_LFS,T,BE,2017-01-01,68
Y20-64,PC_POP,EMP_LFS,T,BG,2005-01-01,61
Y20-64,PC_POP,EMP_LFS,T,BG,2006-01-01,65
Y20-64,PC_POP,EMP_LFS,T,BG,2007-01-01,68
Y20-64,PC_POP,EMP_LFS,T,BG,2008-01-01,70
Y20-64,PC_POP,EMP_LFS,T,BG,2009-01-01,68
Y20-64,PC_POP,EMP_LFS,T,BG,2010-01-01,64
Y20-64,PC_POP,EMP_LFS,T,BG,2011-01-01,62
Y20-64,PC_POP,EMP_LFS,T,BG,2012-01-01,63
Y20-64,PC_POP,EMP_LFS,T,BG,2013-01-01,63
Y20-64,PC_POP,EMP_LFS,T,BG,2014-01-01,65
Y20-64,PC_POP,EMP_LFS,T,BG,2015-01-01,67
Y20-64,PC_POP,EMP_LFS,T,BG,2016-01-01,67
Y20-64,PC_POP,EMP_LFS,T,BG,2017-01-01,71
Y20-64,PC_POP,EMP_LFS,T,CH,2005-01-01,
Y20-64,PC_POP,EMP_LFS,T,CH,2006-01-01,
Y20-64,PC_POP,EMP_LFS,T,CH,2007-01-01,
Y20-64,PC_POP,EMP_LFS,T,CH,2008-01-01,
Y20-64,PC_POP,EMP_LFS,T,CH,2009-01-01,
Y20-64,PC_POP,EMP_LFS,T,CH,2010-01-01,79
Y20-64,PC_POP,EMP_LFS,T,CH,2011-01-01,80
Y20-64,PC_POP,EMP_LFS,T,CH,2012-01-01,81
Y20-64,PC_POP,EMP_LFS,T,CH,2013-01-01,80
Y20-64,PC_POP,EMP_LFS,T,CH,2014-01-01,81
Y20-64,PC_POP,EMP_LFS,T,CH,2015-01-01,81
Y20-64,PC_POP,EMP_LFS,T,CH,2016-01-01,82
Y20-64,PC_POP,EMP_LFS,T,CH,2017-01-01,82
Y20-64,PC_POP,EMP_LFS,T,CY,2005-01-01,74
Y20-64,PC_POP,EMP_LFS,T,CY,2006-01-01,75
Y20-64,PC_POP,EMP_LFS,T,CY,2007-01-01,76
Y20-64,PC_POP,EMP_LFS,T,CY,2008-01-01,76
Y20-64,PC_POP,EMP_LFS,T,CY,2009-01-01,75
Y20-64,PC_POP,EMP_LFS,T,CY,2010-01-01,75
Y20-64,PC_POP,EMP_LFS,T,CY,2011-01-01,73
Y20-64,PC_POP,EMP_LFS,T,CY,2012-01-01,70
Y20-64,PC_POP,EMP_LFS,T,CY,2013-01-01,67
Y20-64,PC_POP,EMP_LFS,T,CY,2014-01-01,67
Y20-64,PC_POP,EMP_LFS,T,CY,2015-01-01,67
Y20-64,PC_POP,EMP_LFS,T,CY,2016-01-01,68
Y20-64,PC_POP,EMP_LFS,T,CY,2017-01-01,70
Y20-64,PC_POP,EMP_LFS,T,CZ,2005-01-01,70
Y20-64,PC_POP,EMP_LFS,T,CZ,2006-01-01,71
Y20-64,PC_POP,EMP_LFS,T,CZ,2007-01-01,72
Y20-64,PC_POP,EMP_LFS,T,CZ,2008-01-01,72
Y20-64,PC_POP,EMP_LFS,T,CZ,2009-01-01,70
Y20-64,PC_POP,EMP_LFS,T,CZ,2010-01-01,70
Y20-64,PC_POP,EMP_LFS,T,CZ,2011-01-01,70
Y20-64,PC_POP,EMP_LFS,T,CZ,2012-01-01,71
Y20-64,PC_POP,EMP_LFS,T,CZ,2013-01-01,72
Y20-64,PC_POP,EMP_LFS,T,CZ,2014-01-01,73
Y20-64,PC_POP,EMP_LFS,T,CZ,2015-01-01,74
Y20-64,PC_POP,EMP_LFS,T,CZ,2016-01-01,76
Y20-64,PC_POP,EMP_LFS,T,CZ,2017-01-01,78
Y20-64,PC_POP,EMP_LFS,T,DE,2005-01-01,69
Y20-64,PC_POP,EMP_LFS,T,DE,2006-01-01,71
Y20-64,PC_POP,EMP_LFS,T,DE,2007-01-01,72
Y20-64,PC_POP,EMP_LFS,T,DE,2008-01-01,74
Y20-64,PC_POP,EMP_LFS,T,DE,2009-01-01,74
Y20-64,PC_POP,EMP_LFS,T,DE,2010-01-01,75
Y20-64,PC_POP,EMP_LFS,T,DE,2011-01-01,76
Y20-64,PC_POP,EMP_LFS,T,DE,2012-01-01,76
Y20-64,PC_POP,EMP_LFS,T,DE,2013-01-01,77
Y20-64,PC_POP,EMP_LFS,T,DE,2014-01-01,77
Y20-64,PC_POP,EMP_LFS,T,DE,2015-01-01,78
Y20-64,PC_POP,EMP_LFS,T,DE,2016-01-01,78
Y20-64,PC_POP,EMP_LFS,T,DE,2017-01-01,79
Y20-64,PC_POP,EMP_LFS,T,DK,2005-01-01,78
Y20-64,PC_POP,EMP_LFS,T,DK,2006-01-01,79
Y20-64,PC_POP,EMP_LFS,T,DK,2007-01-01,79
Y20-64,PC_POP,EMP_LFS,T,DK,2008-01-01,79
Y20-64,PC_POP,EMP_LFS,T,DK,2009-01-01,77
Y20-64,PC_POP,EMP_LFS,T,DK,2010-01-01,75
Y20-64,PC_POP,EMP_LFS,T,DK,2011-01-01,75
Y20-64,PC_POP,EMP_LFS,T,DK,2012-01-01,75
Y20-64,PC_POP,EMP_LFS,T,DK,2013-01-01,75
Y20-64,PC_POP,EMP_LFS,T,DK,2014-01-01,75
Y20-64,PC_POP,EMP_LFS,T,DK,2015-01-01,76
Y20-64,PC_POP,EMP_LFS,T,DK,2016-01-01,77
Y20-64,PC_POP,EMP_LFS,T,DK,2017-01-01,76
Y20-64,PC_POP,EMP_LFS,T,EA18,2005-01-01,67
Y20-64,PC_POP,EMP_LFS,T,EA18,2006-01-01,68
Y20-64,PC_POP,EMP_LFS,T,EA18,2007-01-01,69
Y20-64,PC_POP,EMP_LFS,T,EA18,2008-01-01,70
Y20-64,PC_POP,EMP_LFS,T,EA18,2009-01-01,68
Y20-64,PC_POP,EMP_LFS,T,EA18,2010-01-01,68
Y20-64,PC_POP,EMP_LFS,T,EA18,2011-01-01,68
Y20-64,PC_POP,EMP_LFS,T,EA18,2012-01-01,68
Y20-64,PC_POP,EMP_LFS,T,EA18,2013-01-01,67
Y20-64,PC_POP,EMP_LFS,T,EA18,2014-01-01,68
Y20-64,PC_POP,EMP_LFS,T,EA18,2015-01-01,68
Y20-64,PC_POP,EMP_LFS,T,EA18,2016-01-01,69
Y20-64,PC_POP,EMP_LFS,T,EA18,2017-01-01,70
Y20-64,PC_POP,EMP_LFS,T,EA19,2005-01-01,67
Y20-64,PC_POP,EMP_LFS,T,EA19,2006-01-01,69
Y20-64,PC_POP,EMP_LFS,T,EA19,2007-01-01,69
Y20-64,PC_POP,EMP_LFS,T,EA19,2008-01-01,70
Y20-64,PC_POP,EMP_LFS,T,EA19,2009-01-01,68
Y20-64,PC_POP,EMP_LFS,T,EA19,2010-01-01,68
Y20-64,PC_POP,EMP_LFS,T,EA19,2011-01-01,68
Y20-64,PC_POP,EMP_LFS,T,EA19,2012-01-01,68
Y20-64,PC_POP,EMP_LFS,T,EA19,2013-01-01,67
Y20-64,PC_POP,EMP_LFS,T,EA19,2014-01-01,68
Y20-64,PC_POP,EMP_LFS,T,EA19,2015-01-01,69
Y20-64,PC_POP,EMP_LFS,T,EA19,2016-01-01,70
Y20-64,PC_POP,EMP_LFS,T,EA19,2017-01-01,71
Y20-64,PC_POP,EMP_LFS,T,EE,2005-01-01,72
Y20-64,PC_POP,EMP_LFS,T,EE,2006-01-01,75
Y20-64,PC_POP,EMP_LFS,T,EE,2007-01-01,76
Y20-64,PC_POP,EMP_LFS,T,EE,2008-01-01,77
Y20-64,PC_POP,EMP_LFS,T,EE,2009-01-01,70
Y20-64,PC_POP,EMP_LFS,T,EE,2010-01-01,66
Y20-64,PC_POP,EMP_LFS,T,EE,2011-01-01,70
Y20-64,PC_POP,EMP_LFS,T,EE,2012-01-01,72
Y20-64,PC_POP,EMP_LFS,T,EE,2013-01-01,73
Y20-64,PC_POP,EMP_LFS,T,EE,2014-01-01,74
Y20-64,PC_POP,EMP_LFS,T,EE,2015-01-01,76
Y20-64,PC_POP,EMP_LFS,T,EE,2016-01-01,76
Y20-64,PC_POP,EMP_LFS,T,EE,2017-01-01,78
Y20-64,PC_POP,EMP_LFS,T,EL,2005-01-01,64
Y20-64,PC_POP,EMP_LFS,T,EL,2006-01-01,65
Y20-64,PC_POP,EMP_LFS,T,EL,2007-01-01,65
Y20-64,PC_POP,EMP_LFS,T,EL,2008-01-01,66
Y20-64,PC_POP,EMP_LFS,T,EL,2009-01-01,65
Y20-64,PC_POP,EMP_LFS,T,EL,2010-01-01,63
Y20-64,PC_POP,EMP_LFS,T,EL,2011-01-01,59
Y20-64,PC_POP,EMP_LFS,T,EL,2012-01-01,55
Y20-64,PC_POP,EMP_LFS,T,EL,2013-01-01,52
Y20-64,PC_POP,EMP_LFS,T,EL,2014-01-01,53
Y20-64,PC_POP,EMP_LFS,T,EL,2015-01-01,54
Y20-64,PC_POP,EMP_LFS,T,EL,2016-01-01,56
Y20-64,PC_POP,EMP_LFS,T,EL,2017-01-01,57
Y20-64,PC_POP,EMP_LFS,T,ES,2005-01-01,67
Y20-64,PC_POP,EMP_LFS,T,ES,2006-01-01,69
Y20-64,PC_POP,EMP_LFS,T,ES,2007-01-01,69
Y20-64,PC_POP,EMP_LFS,T,ES,2008-01-01,68
Y20-64,PC_POP,EMP_LFS,T,ES,2009-01-01,64
Y20-64,PC_POP,EMP_LFS,T,ES,2010-01-01,62
Y20-64,PC_POP,EMP_LFS,T,ES,2011-01-01,62
Y20-64,PC_POP,EMP_LFS,T,ES,2012-01-01,59
Y20-64,PC_POP,EMP_LFS,T,ES,2013-01-01,58
Y20-64,PC_POP,EMP_LFS,T,ES,2014-01-01,59
Y20-64,PC_POP,EMP_LFS,T,ES,2015-01-01,62
Y20-64,PC_POP,EMP_LFS,T,ES,2016-01-01,63
Y20-64,PC_POP,EMP_LFS,T,ES,2017-01-01,65
Y20-64,PC_POP,EMP_LFS,T,EU27,2005-01-01,68
Y20-64,PC_POP,EMP_LFS,T,EU27,2006-01-01,69
Y20-64,PC_POP,EMP_LFS,T,EU27,2007-01-01,69
Y20-64,PC_POP,EMP_LFS,T,EU27,2008-01-01,70
Y20-64,PC_POP,EMP_LFS,T,EU27,2009-01-01,69
Y20-64,PC_POP,EMP_LFS,T,EU27,2010-01-01,68
Y20-64,PC_POP,EMP_LFS,T,EU27,2011-01-01,68
Y20-64,PC_POP,EMP_LFS,T,EU27,2012-01-01,68
Y20-64,PC_POP,EMP_LFS,T,EU27,2013-01-01,68
Y20-64,PC_POP,EMP_LFS,T,EU27,2014-01-01,69
Y20-64,PC_POP,EMP_LFS,T,EU27,2015-01-01,70
Y20-64,PC_POP,EMP_LFS,T,EU27,2016-01-01,71
Y20-64,PC_POP,EMP_LFS,T,EU27,2017-01-01,72
Y20-64,PC_POP,EMP_LFS,T,EU28,2005-01-01,67
Y20-64,PC_POP,EMP_LFS,T,EU28,2006-01-01,68
Y20-64,PC_POP,EMP_LFS,T,EU28,2007-01-01,69
Y20-64,PC_POP,EMP_LFS,T,EU28,2008-01-01,70
Y20-64,PC_POP,EMP_LFS,T,EU28,2009-01-01,69
Y20-64,PC_POP,EMP_LFS,T,EU28,2010-01-01,68
Y20-64,PC_POP,EMP_LFS,T,EU28,2011-01-01,68
Y20-64,PC_POP,EMP_LFS,T,EU28,2012-01-01,68
Y20-64,PC_POP,EMP_LFS,T,EU28,2013-01-01,68
Y20-64,PC_POP,EMP_LFS,T,EU28,2014-01-01,69
Y20-64,PC_POP,EMP_LFS,T,EU28,2015-01-01,70
Y20-64,PC_POP,EMP_LFS,T,EU28,2016-01-01,71
Y20-64,PC_POP,EMP_LFS,T,EU28,2017-01-01,72
Y20-64,PC_POP,EMP_LFS,T,FI,2005-01-01,73
Y20-64,PC_POP,EMP_LFS,T,FI,2006-01-01,73
Y20-64,PC_POP,EMP_LFS,T,FI,2007-01-01,74
Y20-64,PC_POP,EMP_LFS,T,FI,2008-01-01,75
Y20-64,PC_POP,EMP_LFS,T,FI,2009-01-01,73
Y20-64,PC_POP,EMP_LFS,T,FI,2010-01-01,73
Y20-64,PC_POP,EMP_LFS,T,FI,2011-01-01,73
Y20-64,PC_POP,EMP_LFS,T,FI,2012-01-01,74
Y20-64,PC_POP,EMP_LFS,T,FI,2013-01-01,73
Y20-64,PC_POP,EMP_LFS,T,FI,2014-01-01,73
Y20-64,PC_POP,EMP_LFS,T,FI,2015-01-01,72
Y20-64,PC_POP,EMP_LFS,T,FI,2016-01-01,73
Y20-64,PC_POP,EMP_LFS,T,FI,2017-01-01,74
Y20-64,PC_POP,EMP_LFS,T,FR,2005-01-01,
Y20-64,PC_POP,EMP_LFS,T,FR,2006-01-01,
Y20-64,PC_POP,EMP_LFS,T,FR,2007-01-01,
Y20-64,PC_POP,EMP_LFS,T,FR,2008-01-01,
Y20-64,PC_POP,EMP_LFS,T,FR,2009-01-01,
Y20-64,PC_POP,EMP_LFS,T,FR,2010-01-01,
Y20-64,PC_POP,EMP_LFS,T,FR,2011-01-01,
Y20-64,PC_POP,EMP_LFS,T,FR,2012-01-01,
Y20-64,PC_POP,EMP_LFS,T,FR,2013-01-01,
Y20-64,PC_POP,EMP_LFS,T,FR,2014-01-01,69
Y20-64,PC_POP,EMP_LFS,T,FR,2015-01-01,69
Y20-64,PC_POP,EMP_LFS,T,FR,2016-01-01,70
Y20-64,PC_POP,EMP_LFS,T,FR,2017-01-01,70
Y20-64,PC_POP,EMP_LFS,T,FX,2005-01-01,69
Y20-64,PC_POP,EMP_LFS,T,FX,2006-01-01,69
Y20-64,PC_POP,EMP_LFS,T,FX,2007-01-01,69
Y20-64,PC_POP,EMP_LFS,T,FX,2008-01-01,70
Y20-64,PC_POP,EMP_LFS,T,FX,2009-01-01,69
Y20-64,PC_POP,EMP_LFS,T,FX,2010-01-01,69
Y20-64,PC_POP,EMP_LFS,T,FX,2011-01-01,69
Y20-64,PC_POP,EMP_LFS,T,FX,2012-01-01,69
Y20-64,PC_POP,EMP_LFS,T,FX,2013-01-01,69
Y20-64,PC_POP,EMP_LFS,T,FX,2014-01-01,69
Y20-64,PC_POP,EMP_LFS,T,FX,2015-01-01,70
Y20-64,PC_POP,EMP_LFS,T,FX,2016-01-01,70
Y20-64,PC_POP,EMP_LFS,T,FX,2017-01-01,71
Y20-64,PC_POP,EMP_LFS,T,HR,2005-01-01,59
Y20-64,PC_POP,EMP_LFS,T,HR,2006-01-01,60
Y20-64,PC_POP,EMP_LFS,T,HR,2007-01-01,63
Y20-64,PC_POP,EMP_LFS,T,HR,2008-01-01,64
Y20-64,PC_POP,EMP_LFS,T,HR,2009-01-01,64
Y20-64,PC_POP,EMP_LFS,T,HR,2010-01-01,62
Y20-64,PC_POP,EMP_LFS,T,HR,2011-01-01,59
Y20-64,PC_POP,EMP_LFS,T,HR,2012-01-01,58
Y20-64,PC_POP,EMP_LFS,T,HR,2013-01-01,57
Y20-64,PC_POP,EMP_LFS,T,HR,2014-01-01,59
Y20-64,PC_POP,EMP_LFS,T,HR,2015-01-01,60
Y20-64,PC_POP,EMP_LFS,T,HR,2016-01-01,61
Y20-64,PC_POP,EMP_LFS,T,HR,2017-01-01,63
Y20-64,PC_POP,EMP_LFS,T,HU,2005-01-01,62
Y20-64,PC_POP,EMP_LFS,T,HU,2006-01-01,62
Y20-64,PC_POP,EMP_LFS,T,HU,2007-01-01,62
Y20-64,PC_POP,EMP_LFS,T,HU,2008-01-01,61
Y20-64,PC_POP,EMP_LFS,T,HU,2009-01-01,60
Y20-64,PC_POP,EMP_LFS,T,HU,2010-01-01,59
Y20-64,PC_POP,EMP_LFS,T,HU,2011-01-01,60
Y20-64,PC_POP,EMP_LFS,T,HU,2012-01-01,61
Y20-64,PC_POP,EMP_LFS,T,HU,2013-01-01,63
Y20-64,PC_POP,EMP_LFS,T,HU,2014-01-01,66
Y20-64,PC_POP,EMP_LFS,T,HU,2015-01-01,68
Y20-64,PC_POP,EMP_LFS,T,HU,2016-01-01,71
Y20-64,PC_POP,EMP_LFS,T,HU,2017-01-01,73
Y20-64,PC_POP,EMP_LFS,T,IE,2005-01-01,74
Y20-64,PC_POP,EMP_LFS,T,IE,2006-01-01,74
Y20-64,PC_POP,EMP_LFS,T,IE,2007-01-01,75
Y20-64,PC_POP,EMP_LFS,T,IE,2008-01-01,73
Y20-64,PC_POP,EMP_LFS,T,IE,2009-01-01,68
Y20-64,PC_POP,EMP_LFS,T,IE,2010-01-01,65
Y20-64,PC_POP,EMP_LFS,T,IE,2011-01-01,64
Y20-64,PC_POP,EMP_LFS,T,IE,2012-01-01,64
Y20-64,PC_POP,EMP_LFS,T,IE,2013-01-01,66
Y20-64,PC_POP,EMP_LFS,T,IE,2014-01-01,68
Y20-64,PC_POP,EMP_LFS,T,IE,2015-01-01,69
Y20-64,PC_POP,EMP_LFS,T,IE,2016-01-01,71
Y20-64,PC_POP,EMP_LFS,T,IE,2017-01-01,73
Y20-64,PC_POP,EMP_LFS,T,IS,2005-01-01,85
Y20-64,PC_POP,EMP_LFS,T,IS,2006-01-01,86
Y20-64,PC_POP,EMP_LFS,T,IS,2007-01-01,86
Y20-64,PC_POP,EMP_LFS,T,IS,2008-01-01,85
Y20-64,PC_POP,EMP_LFS,T,IS,2009-01-01,80
Y20-64,PC_POP,EMP_LFS,T,IS,2010-01-01,80
Y20-64,PC_POP,EMP_LFS,T,IS,2011-01-01,80
Y20-64,PC_POP,EMP_LFS,T,IS,2012-01-01,81
Y20-64,PC_POP,EMP_LFS,T,IS,2013-01-01,82
Y20-64,PC_POP,EMP_LFS,T,IS,2014-01-01,84
Y20-64,PC_POP,EMP_LFS,T,IS,2015-01-01,86
Y20-64,PC_POP,EMP_LFS,T,IS,2016-01-01,87
Y20-64,PC_POP,EMP_LFS,T,IS,2017-01-01,87
Y20-64,PC_POP,EMP_LFS,T,IT,2005-01-01,61
Y20-64,PC_POP,EMP_LFS,T,IT,2006-01-01,62
Y20-64,PC_POP,EMP_LFS,T,IT,2007-01-01,62
Y20-64,PC_POP,EMP_LFS,T,IT,2008-01-01,62
Y20-64,PC_POP,EMP_LFS,T,IT,2009-01-01,61
Y20-64,PC_POP,EMP_LFS,T,IT,2010-01-01,61
Y20-64,PC_POP,EMP_LFS,T,IT,2011-01-01,61
Y20-64,PC_POP,EMP_LFS,T,IT,2012-01-01,60
Y20-64,PC_POP,EMP_LFS,T,IT,2013-01-01,59
Y20-64,PC_POP,EMP_LFS,T,IT,2014-01-01,59
Y20-64,PC_POP,EMP_LFS,T,IT,2015-01-01,60
Y20-64,PC_POP,EMP_LFS,T,IT,2016-01-01,61
Y20-64,PC_POP,EMP_LFS,T,IT,2017-01-01,62
Y20-64,PC_POP,EMP_LFS,T,LT,2005-01-01,70
Y20-64,PC_POP,EMP_LFS,T,LT,2006-01-01,71
Y20-64,PC_POP,EMP_LFS,T,LT,2007-01-01,72
Y20-64,PC_POP,EMP_LFS,T,LT,2008-01-01,72
Y20-64,PC_POP,EMP_LFS,T,LT,2009-01-01,67
Y20-64,PC_POP,EMP_LFS,T,LT,2010-01-01,64
Y20-64,PC_POP,EMP_LFS,T,LT,2011-01-01,66
Y20-64,PC_POP,EMP_LFS,T,LT,2012-01-01,68
Y20-64,PC_POP,EMP_LFS,T,LT,2013-01-01,69
Y20-64,PC_POP,EMP_LFS,T,LT,2014-01-01,71
Y20-64,PC_POP,EMP_LFS,T,LT,2015-01-01,73
Y20-64,PC_POP,EMP_LFS,T,LT,2016-01-01,75
Y20-64,PC_POP,EMP_LFS,T,LT,2017-01-01,76
Y20-64,PC_POP,EMP_LFS,T,LU,2005-01-01,69
Y20-64,PC_POP,EMP_LFS,T,LU,2006-01-01,69
Y20-64,PC_POP,EMP_LFS,T,LU,2007-01-01,69
Y20-64,PC_POP,EMP_LFS,T,LU,2008-01-01,68
Y20-64,PC_POP,EMP_LFS,T,LU,2009-01-01,70
Y20-64,PC_POP,EMP_LFS,T,LU,2010-01-01,70
Y20-64,PC_POP,EMP_LFS,T,LU,2011-01-01,70
Y20-64,PC_POP,EMP_LFS,T,LU,2012-01-01,71
Y20-64,PC_POP,EMP_LFS,T,LU,2013-01-01,71
Y20-64,PC_POP,EMP_LFS,T,LU,2014-01-01,72
Y20-64,PC_POP,EMP_LFS,T,LU,2015-01-01,70
Y20-64,PC_POP,EMP_LFS,T,LU,2016-01-01,70
Y20-64,PC_POP,EMP_LFS,T,LU,2017-01-01,71
Y20-64,PC_POP,EMP_LFS,T,LV,2005-01-01,69
Y20-64,PC_POP,EMP_LFS,T,LV,2006-01-01,73
Y20-64,PC_POP,EMP_LFS,T,LV,2007-01-01,75
Y20-64,PC_POP,EMP_LFS,T,LV,2008-01-01,75
Y20-64,PC_POP,EMP_LFS,T,LV,2009-01-01,66
Y20-64,PC_POP,EMP_LFS,T,LV,2010-01-01,64
Y20-64,PC_POP,EMP_LFS,T,LV,2011-01-01,66
Y20-64,PC_POP,EMP_LFS,T,LV,2012-01-01,68
Y20-64,PC_POP,EMP_LFS,T,LV,2013-01-01,69
Y20-64,PC_POP,EMP_LFS,T,LV,2014-01-01,70
Y20-64,PC_POP,EMP_LFS,T,LV,2015-01-01,72
Y20-64,PC_POP,EMP_LFS,T,LV,2016-01-01,73
Y20-64,PC_POP,EMP_LFS,T,LV,2017-01-01,74
Y20-64,PC_POP,EMP_LFS,T,ME,2005-01-01,
Y20-64,PC_POP,EMP_LFS,T,ME,2006-01-01,
Y20-64,PC_POP,EMP_LFS,T,ME,2007-01-01,
Y20-64,PC_POP,EMP_LFS,T,ME,2008-01-01,
Y20-64,PC_POP,EMP_LFS,T,ME,2009-01-01,
Y20-64,PC_POP,EMP_LFS,T,ME,2010-01-01,
Y20-64,PC_POP,EMP_LFS,T,ME,2011-01-01,50
Y20-64,PC_POP,EMP_LFS,T,ME,2012-01-01,52
Y20-64,PC_POP,EMP_LFS,T,ME,2013-01-01,52
Y20-64,PC_POP,EMP_LFS,T,ME,2014-01-01,55
Y20-64,PC_POP,EMP_LFS,T,ME,2015-01-01,56
Y20-64,PC_POP,EMP_LFS,T,ME,2016-01-01,57
Y20-64,PC_POP,EMP_LFS,T,ME,2017-01-01,58
Y20-64,PC_POP,EMP_LFS,T,MK,2005-01-01,
Y20-64,PC_POP,EMP_LFS,T,MK,2006-01-01,43
Y20-64,PC_POP,EMP_LFS,T,MK,2007-01-01,45
Y20-64,PC_POP,EMP_LFS,T,MK,2008-01-01,46
Y20-64,PC_POP,EMP_LFS,T,MK,2009-01-01,47
Y20-64,PC_POP,EMP_LFS,T,MK,2010-01-01,48
Y20-64,PC_POP,EMP_LFS,T,MK,2011-01-01,48
Y20-64,PC_POP,EMP_LFS,T,MK,2012-01-01,48
Y20-64,PC_POP,EMP_LFS,T,MK,2013-01-01,50
Y20-64,PC_POP,EMP_LFS,T,MK,2014-01-01,51
Y20-64,PC_POP,EMP_LFS,T,MK,2015-01-01,51
Y20-64,PC_POP,EMP_LFS,T,MK,2016-01-01,53
Y20-64,PC_POP,EMP_LFS,T,MK,2017-01-01,54
Y20-64,PC_POP,EMP_LFS,T,MT,2005-01-01,57
Y20-64,PC_POP,EMP_LFS,T,MT,2006-01-01,57
Y20-64,PC_POP,EMP_LFS,T,MT,2007-01-01,58
Y20-64,PC_POP,EMP_LFS,T,MT,2008-01-01,59
Y20-64,PC_POP,EMP_LFS,T,MT,2009-01-01,59
Y20-64,PC_POP,EMP_LFS,T,MT,2010-01-01,60
Y20-64,PC_POP,EMP_LFS,T,MT,2011-01-01,61
Y20-64,PC_POP,EMP_LFS,T,MT,2012-01-01,63
Y20-64,PC_POP,EMP_LFS,T,MT,2013-01-01,66
Y20-64,PC_POP,EMP_LFS,T,MT,2014-01-01,67
Y20-64,PC_POP,EMP_LFS,T,MT,2015-01-01,69
Y20-64,PC_POP,EMP_LFS,T,MT,2016-01-01,71
Y20-64,PC_POP,EMP_LFS,T,MT,2017-01-01,73
Y20-64,PC_POP,EMP_LFS,T,NL,2005-01-01,75
Y20-64,PC_POP,EMP_LFS,T,NL,2006-01-01,76
Y20-64,PC_POP,EMP_LFS,T,NL,2007-01-01,77
Y20-64,PC_POP,EMP_LFS,T,NL,2008-01-01,78
Y20-64,PC_POP,EMP_LFS,T,NL,2009-01-01,78
Y20-64,PC_POP,EMP_LFS,T,NL,2010-01-01,76
Y20-64,PC_POP,EMP_LFS,T,NL,2011-01-01,76
Y20-64,PC_POP,EMP_LFS,T,NL,2012-01-01,76
Y20-64,PC_POP,EMP_LFS,T,NL,2013-01-01,75
Y20-64,PC_POP,EMP_LFS,T,NL,2014-01-01,75
Y20-64,PC_POP,EMP_LFS,T,NL,2015-01-01,76
Y20-64,PC_POP,EMP_LFS,T,NL,2016-01-01,77
Y20-64,PC_POP,EMP_LFS,T,NL,2017-01-01,78
Y20-64,PC_POP,EMP_LFS,T,NO,2005-01-01,78
Y20-64,PC_POP,EMP_LFS,T,NO,2006-01-01,79
Y20-64,PC_POP,EMP_LFS,T,NO,2007-01-01,80
Y20-64,PC_POP,EMP_LFS,T,NO,2008-01-01,81
Y20-64,PC_POP,EMP_LFS,T,NO,2009-01-01,80
Y20-64,PC_POP,EMP_LFS,T,NO,2010-01-01,79
Y20-64,PC_POP,EMP_LFS,T,NO,2011-01-01,79
Y20-64,PC_POP,EMP_LFS,T,NO,2012-01-01,79
Y20-64,PC_POP,EMP_LFS,T,NO,2013-01-01,79
Y20-64,PC_POP,EMP_LFS,T,NO,2014-01-01,79
Y20-64,PC_POP,EMP_LFS,T,NO,2015-01-01,79
Y20-64,PC_POP,EMP_LFS,T,NO,2016-01-01,78
Y20-64,PC_POP,EMP_LFS,T,NO,2017-01-01,78
Y20-64,PC_POP,EMP_LFS,T,PL,2005-01-01,58
Y20-64,PC_POP,EMP_LFS,T,PL,2006-01-01,60
Y20-64,PC_POP,EMP_LFS,T,PL,2007-01-01,62
Y20-64,PC_POP,EMP_LFS,T,PL,2008-01-01,65
Y20-64,PC_POP,EMP_LFS,T,PL,2009-01-01,64
Y20-64,PC_POP,EMP_LFS,T,PL,2010-01-01,64
Y20-64,PC_POP,EMP_LFS,T,PL,2011-01-01,64
Y20-64,PC_POP,EMP_LFS,T,PL,2012-01-01,64
Y20-64,PC_POP,EMP_LFS,T,PL,2013-01-01,64
Y20-64,PC_POP,EMP_LFS,T,PL,2014-01-01,66
Y20-64,PC_POP,EMP_LFS,T,PL,2015-01-01,67
Y20-64,PC_POP,EMP_LFS,T,PL,2016-01-01,69
Y20-64,PC_POP,EMP_LFS,T,PL,2017-01-01,70
Y20-64,PC_POP,EMP_LFS,T,PT,2005-01-01,72
Y20-64,PC_POP,EMP_LFS,T,PT,2006-01-01,72
Y20-64,PC_POP,EMP_LFS,T,PT,2007-01-01,72
Y20-64,PC_POP,EMP_LFS,T,PT,2008-01-01,73
Y20-64,PC_POP,EMP_LFS,T,PT,2009-01-01,71
Y20-64,PC_POP,EMP_LFS,T,PT,2010-01-01,70
Y20-64,PC_POP,EMP_LFS,T,PT,2011-01-01,68
Y20-64,PC_POP,EMP_LFS,T,PT,2012-01-01,66
Y20-64,PC_POP,EMP_LFS,T,PT,2013-01-01,65
Y20-64,PC_POP,EMP_LFS,T,PT,2014-01-01,67
Y20-64,PC_POP,EMP_LFS,T,PT,2015-01-01,69
Y20-64,PC_POP,EMP_LFS,T,PT,2016-01-01,70
Y20-64,PC_POP,EMP_LFS,T,PT,2017-01-01,73
Y20-64,PC_POP,EMP_LFS,T,RO,2005-01-01,63
Y20-64,PC_POP,EMP_LFS,T,RO,2006-01-01,64
Y20-64,PC_POP,EMP_LFS,T,RO,2007-01-01,64
Y20-64,PC_POP,EMP_LFS,T,RO,2008-01-01,64
Y20-64,PC_POP,EMP_LFS,T,RO,2009-01-01,63
Y20-64,PC_POP,EMP_LFS,T,RO,2010-01-01,64
Y20-64,PC_POP,EMP_LFS,T,RO,2011-01-01,63
Y20-64,PC_POP,EMP_LFS,T,RO,2012-01-01,64
Y20-64,PC_POP,EMP_LFS,T,RO,2013-01-01,64
Y20-64,PC_POP,EMP_LFS,T,RO,2014-01-01,65
Y20-64,PC_POP,EMP_LFS,T,RO,2015-01-01,66
Y20-64,PC_POP,EMP_LFS,T,RO,2016-01-01,66
Y20-64,PC_POP,EMP_LFS,T,RO,2017-01-01,68
Y20-64,PC_POP,EMP_LFS,T,SE,2005-01-01,77
Y20-64,PC_POP,EMP_LFS,T,SE,2006-01-01,78
Y20-64,PC_POP,EMP_LFS,T,SE,2007-01-01,80
Y20-64,PC_POP,EMP_LFS,T,SE,2008-01-01,80
Y20-64,PC_POP,EMP_LFS,T,SE,2009-01-01,78
Y20-64,PC_POP,EMP_LFS,T,SE,2010-01-01,78
Y20-64,PC_POP,EMP_LFS,T,SE,2011-01-01,79
Y20-64,PC_POP,EMP_LFS,T,SE,2012-01-01,79
Y20-64,PC_POP,EMP_LFS,T,SE,2013-01-01,79
Y20-64,PC_POP,EMP_LFS,T,SE,2014-01-01,80
Y20-64,PC_POP,EMP_LFS,T,SE,2015-01-01,80
Y20-64,PC_POP,EMP_LFS,T,SE,2016-01-01,81
Y20-64,PC_POP,EMP_LFS,T,SE,2017-01-01,81
Y20-64,PC_POP,EMP_LFS,T,SI,2005-01-01,71
Y20-64,PC_POP,EMP_LFS,T,SI,2006-01-01,71
Y20-64,PC_POP,EMP_LFS,T,SI,2007-01-01,72
Y20-64,PC_POP,EMP_LFS,T,SI,2008-01-01,73
Y20-64,PC_POP,EMP_LFS,T,SI,2009-01-01,71
Y20-64,PC_POP,EMP_LFS,T,SI,2010-01-01,70
Y20-64,PC_POP,EMP_LFS,T,SI,2011-01-01,68
Y20-64,PC_POP,EMP_LFS,T,SI,2012-01-01,68
Y20-64,PC_POP,EMP_LFS,T,SI,2013-01-01,67
Y20-64,PC_POP,EMP_LFS,T,SI,2014-01-01,67
Y20-64,PC_POP,EMP_LFS,T,SI,2015-01-01,69
Y20-64,PC_POP,EMP_LFS,T,SI,2016-01-01,70
Y20-64,PC_POP,EMP_LFS,T,SI,2017-01-01,73
Y20-64,PC_POP,EMP_LFS,T,SK,2005-01-01,64
Y20-64,PC_POP,EMP_LFS,T,SK,2006-01-01,66
Y20-64,PC_POP,EMP_LFS,T,SK,2007-01-01,67
Y20-64,PC_POP,EMP_LFS,T,SK,2008-01-01,68
Y20-64,PC_POP,EMP_LFS,T,SK,2009-01-01,66
Y20-64,PC_POP,EMP_LFS,T,SK,2010-01-01,64
Y20-64,PC_POP,EMP_LFS,T,SK,2011-01-01,65
Y20-64,PC_POP,EMP_LFS,T,SK,2012-01-01,65
Y20-64,PC_POP,EMP_LFS,T,SK,2013-01-01,65
Y20-64,PC_POP,EMP_LFS,T,SK,2014-01-01,65
Y20-64,PC_POP,EMP_LFS,T,SK,2015-01-01,67
Y20-64,PC_POP,EMP_LFS,T,SK,2016-01-01,69
Y20-64,PC_POP,EMP_LFS,T,SK,2017-01-01,71
Y20-64,PC_POP,EMP_LFS,T,TR,2005-01-01,
Y20-64,PC_POP,EMP_LFS,T,TR,2006-01-01,48
Y20-64,PC_POP,EMP_LFS,T,TR,2007-01-01,48
Y20-64,PC_POP,EMP_LFS,T,TR,2008-01-01,48
Y20-64,PC_POP,EMP_LFS,T,TR,2009-01-01,47
Y20-64,PC_POP,EMP_LFS,T,TR,2010-01-01,50
Y20-64,PC_POP,EMP_LFS,T,TR,2011-01-01,52
Y20-64,PC_POP,EMP_LFS,T,TR,2012-01-01,52
Y20-64,PC_POP,EMP_LFS,T,TR,2013-01-01,53
Y20-64,PC_POP,EMP_LFS,T,TR,2014-01-01,53
Y20-64,PC_POP,EMP_LFS,T,TR,2015-01-01,53
Y20-64,PC_POP,EMP_LFS,T,TR,2016-01-01,54
Y20-64,PC_POP,EMP_LFS,T,TR,2017-01-01,55
Y20-64,PC_POP,EMP_LFS,T,UK,2005-01-01,75
Y20-64,PC_POP,EMP_LFS,T,UK,2006-01-01,75
Y20-64,PC_POP,EMP_LFS,T,UK,2007-01-01,75
Y20-64,PC_POP,EMP_LFS,T,UK,2008-01-01,75
Y20-64,PC_POP,EMP_LFS,T,UK,2009-01-01,73
Y20-64,PC_POP,EMP_LFS,T,UK,2010-01-01,73
Y20-64,PC_POP,EMP_LFS,T,UK,2011-01-01,73
Y20-64,PC_POP,EMP_LFS,T,UK,2012-01-01,74
Y20-64,PC_POP,EMP_LFS,T,UK,2013-01-01,74
Y20-64,PC_POP,EMP_LFS,T,UK,2014-01-01,76
Y20-64,PC_POP,EMP_LFS,T,UK,2015-01-01,76
Y20-64,PC_POP,EMP_LFS,T,UK,2016-01-01,77
Y20-64,PC_POP,EMP_LFS,T,UK,2017-01-01,78
