unit,indic_il,age,sex,geotime,date,value
PC,LI_R_MD60,Y_GE65,F,AT,2006-01-01,20.2
PC,LI_R_MD60,Y_GE65,F,AT,2007-01-01,17.4
PC,LI_R_MD60,Y_GE65,F,AT,2008-01-01,22.4
PC,LI_R_MD60,Y_GE65,F,AT,2009-01-01,20.5
PC,LI_R_MD60,Y_GE65,F,AT,2010-01-01,20.0
PC,LI_R_MD60,Y_GE65,F,AT,2011-01-01,19.3
PC,LI_R_MD60,Y_GE65,F,AT,2012-01-01,17.8
PC,LI_R_MD60,Y_GE65,F,AT,2013-01-01,17.6
PC,LI_R_MD60,Y_GE65,F,AT,2014-01-01,16.4
PC,LI_R_MD60,Y_GE65,F,AT,2015-01-01,15.1
PC,LI_R_MD60,Y_GE65,F,AT,2016-01-01,15.7
PC,LI_R_MD60,Y_GE65,F,AT,2017-01-01,15.8
PC,LI_R_MD60,Y_GE65,F,BE,2006-01-01,25.1
PC,LI_R_MD60,Y_GE65,F,BE,2007-01-01,24.8
PC,LI_R_MD60,Y_GE65,F,BE,2008-01-01,22.0
PC,LI_R_MD60,Y_GE65,F,BE,2009-01-01,22.3
PC,LI_R_MD60,Y_GE65,F,BE,2010-01-01,20.0
PC,LI_R_MD60,Y_GE65,F,BE,2011-01-01,20.3
PC,LI_R_MD60,Y_GE65,F,BE,2012-01-01,19.5
PC,LI_R_MD60,Y_GE65,F,BE,2013-01-01,19.5
PC,LI_R_MD60,Y_GE65,F,BE,2014-01-01,16.5
PC,LI_R_MD60,Y_GE65,F,BE,2015-01-01,15.7
PC,LI_R_MD60,Y_GE65,F,BE,2016-01-01,15.5
PC,LI_R_MD60,Y_GE65,F,BE,2017-01-01,17.1
PC,LI_R_MD60,Y_GE65,F,BG,2006-01-01,23.7
PC,LI_R_MD60,Y_GE65,F,BG,2007-01-01,30.0
PC,LI_R_MD60,Y_GE65,F,BG,2008-01-01,38.6
PC,LI_R_MD60,Y_GE65,F,BG,2009-01-01,44.2
PC,LI_R_MD60,Y_GE65,F,BG,2010-01-01,37.2
PC,LI_R_MD60,Y_GE65,F,BG,2011-01-01,37.4
PC,LI_R_MD60,Y_GE65,F,BG,2012-01-01,34.3
PC,LI_R_MD60,Y_GE65,F,BG,2013-01-01,32.6
PC,LI_R_MD60,Y_GE65,F,BG,2014-01-01,25.8
PC,LI_R_MD60,Y_GE65,F,BG,2015-01-01,38.2
PC,LI_R_MD60,Y_GE65,F,BG,2016-01-01,30.1
PC,LI_R_MD60,Y_GE65,F,BG,2017-01-01,38.4
PC,LI_R_MD60,Y_GE65,F,CH,2006-01-01,
PC,LI_R_MD60,Y_GE65,F,CH,2007-01-01,27.3
PC,LI_R_MD60,Y_GE65,F,CH,2008-01-01,30.3
PC,LI_R_MD60,Y_GE65,F,CH,2009-01-01,33.1
PC,LI_R_MD60,Y_GE65,F,CH,2010-01-01,30.2
PC,LI_R_MD60,Y_GE65,F,CH,2011-01-01,31.1
PC,LI_R_MD60,Y_GE65,F,CH,2012-01-01,34.0
PC,LI_R_MD60,Y_GE65,F,CH,2013-01-01,32.7
PC,LI_R_MD60,Y_GE65,F,CH,2014-01-01,28.9
PC,LI_R_MD60,Y_GE65,F,CH,2015-01-01,28.7
PC,LI_R_MD60,Y_GE65,F,CH,2016-01-01,27.8
PC,LI_R_MD60,Y_GE65,F,CH,2017-01-01,
PC,LI_R_MD60,Y_GE65,F,CY,2006-01-01,54.1
PC,LI_R_MD60,Y_GE65,F,CY,2007-01-01,54.3
PC,LI_R_MD60,Y_GE65,F,CY,2008-01-01,50.7
PC,LI_R_MD60,Y_GE65,F,CY,2009-01-01,49.6
PC,LI_R_MD60,Y_GE65,F,CY,2010-01-01,42.4
PC,LI_R_MD60,Y_GE65,F,CY,2011-01-01,38.8
PC,LI_R_MD60,Y_GE65,F,CY,2012-01-01,33.6
PC,LI_R_MD60,Y_GE65,F,CY,2013-01-01,23.4
PC,LI_R_MD60,Y_GE65,F,CY,2014-01-01,26.5
PC,LI_R_MD60,Y_GE65,F,CY,2015-01-01,20.5
PC,LI_R_MD60,Y_GE65,F,CY,2016-01-01,22.8
PC,LI_R_MD60,Y_GE65,F,CY,2017-01-01,24.4
PC,LI_R_MD60,Y_GE65,F,CZ,2006-01-01,8.4
PC,LI_R_MD60,Y_GE65,F,CZ,2007-01-01,7.9
PC,LI_R_MD60,Y_GE65,F,CZ,2008-01-01,10.2
PC,LI_R_MD60,Y_GE65,F,CZ,2009-01-01,10.3
PC,LI_R_MD60,Y_GE65,F,CZ,2010-01-01,10.3
PC,LI_R_MD60,Y_GE65,F,CZ,2011-01-01,10.1
PC,LI_R_MD60,Y_GE65,F,CZ,2012-01-01,8.4
PC,LI_R_MD60,Y_GE65,F,CZ,2013-01-01,8.1
PC,LI_R_MD60,Y_GE65,F,CZ,2014-01-01,8.9
PC,LI_R_MD60,Y_GE65,F,CZ,2015-01-01,10.4
PC,LI_R_MD60,Y_GE65,F,CZ,2016-01-01,11.4
PC,LI_R_MD60,Y_GE65,F,CZ,2017-01-01,15.2
PC,LI_R_MD60,Y_GE65,F,DE,2006-01-01,13.9
PC,LI_R_MD60,Y_GE65,F,DE,2007-01-01,19.0
PC,LI_R_MD60,Y_GE65,F,DE,2008-01-01,17.4
PC,LI_R_MD60,Y_GE65,F,DE,2009-01-01,17.0
PC,LI_R_MD60,Y_GE65,F,DE,2010-01-01,15.9
PC,LI_R_MD60,Y_GE65,F,DE,2011-01-01,16.2
PC,LI_R_MD60,Y_GE65,F,DE,2012-01-01,16.6
PC,LI_R_MD60,Y_GE65,F,DE,2013-01-01,17.0
PC,LI_R_MD60,Y_GE65,F,DE,2014-01-01,18.4
PC,LI_R_MD60,Y_GE65,F,DE,2015-01-01,18.3
PC,LI_R_MD60,Y_GE65,F,DE,2016-01-01,20.1
PC,LI_R_MD60,Y_GE65,F,DE,2017-01-01,19.0
PC,LI_R_MD60,Y_GE65,F,DK,2006-01-01,18.6
PC,LI_R_MD60,Y_GE65,F,DK,2007-01-01,18.6
PC,LI_R_MD60,Y_GE65,F,DK,2008-01-01,18.9
PC,LI_R_MD60,Y_GE65,F,DK,2009-01-01,21.3
PC,LI_R_MD60,Y_GE65,F,DK,2010-01-01,18.5
PC,LI_R_MD60,Y_GE65,F,DK,2011-01-01,14.8
PC,LI_R_MD60,Y_GE65,F,DK,2012-01-01,14.1
PC,LI_R_MD60,Y_GE65,F,DK,2013-01-01,11.7
PC,LI_R_MD60,Y_GE65,F,DK,2014-01-01,10.4
PC,LI_R_MD60,Y_GE65,F,DK,2015-01-01,10.0
PC,LI_R_MD60,Y_GE65,F,DK,2016-01-01,9.6
PC,LI_R_MD60,Y_GE65,F,DK,2017-01-01,8.6
PC,LI_R_MD60,Y_GE65,F,EA18,2006-01-01,20.8
PC,LI_R_MD60,Y_GE65,F,EA18,2007-01-01,21.3
PC,LI_R_MD60,Y_GE65,F,EA18,2008-01-01,20.6
PC,LI_R_MD60,Y_GE65,F,EA18,2009-01-01,19.5
PC,LI_R_MD60,Y_GE65,F,EA18,2010-01-01,17.2
PC,LI_R_MD60,Y_GE65,F,EA18,2011-01-01,16.9
PC,LI_R_MD60,Y_GE65,F,EA18,2012-01-01,15.5
PC,LI_R_MD60,Y_GE65,F,EA18,2013-01-01,14.8
PC,LI_R_MD60,Y_GE65,F,EA18,2014-01-01,14.9
PC,LI_R_MD60,Y_GE65,F,EA18,2015-01-01,15.0
PC,LI_R_MD60,Y_GE65,F,EA18,2016-01-01,15.6
PC,LI_R_MD60,Y_GE65,F,EA18,2017-01-01,15.7
PC,LI_R_MD60,Y_GE65,F,EA19,2006-01-01,20.9
PC,LI_R_MD60,Y_GE65,F,EA19,2007-01-01,21.5
PC,LI_R_MD60,Y_GE65,F,EA19,2008-01-01,20.8
PC,LI_R_MD60,Y_GE65,F,EA19,2009-01-01,19.6
PC,LI_R_MD60,Y_GE65,F,EA19,2010-01-01,17.1
PC,LI_R_MD60,Y_GE65,F,EA19,2011-01-01,16.9
PC,LI_R_MD60,Y_GE65,F,EA19,2012-01-01,15.5
PC,LI_R_MD60,Y_GE65,F,EA19,2013-01-01,14.9
PC,LI_R_MD60,Y_GE65,F,EA19,2014-01-01,15.0
PC,LI_R_MD60,Y_GE65,F,EA19,2015-01-01,15.1
PC,LI_R_MD60,Y_GE65,F,EA19,2016-01-01,15.8
PC,LI_R_MD60,Y_GE65,F,EA19,2017-01-01,16.0
PC,LI_R_MD60,Y_GE65,F,EE,2006-01-01,30.8
PC,LI_R_MD60,Y_GE65,F,EE,2007-01-01,39.4
PC,LI_R_MD60,Y_GE65,F,EE,2008-01-01,46.1
PC,LI_R_MD60,Y_GE65,F,EE,2009-01-01,41.3
PC,LI_R_MD60,Y_GE65,F,EE,2010-01-01,18.6
PC,LI_R_MD60,Y_GE65,F,EE,2011-01-01,15.9
PC,LI_R_MD60,Y_GE65,F,EE,2012-01-01,20.1
PC,LI_R_MD60,Y_GE65,F,EE,2013-01-01,29.9
PC,LI_R_MD60,Y_GE65,F,EE,2014-01-01,39.7
PC,LI_R_MD60,Y_GE65,F,EE,2015-01-01,43.3
PC,LI_R_MD60,Y_GE65,F,EE,2016-01-01,47.4
PC,LI_R_MD60,Y_GE65,F,EE,2017-01-01,47.8
PC,LI_R_MD60,Y_GE65,F,EL,2006-01-01,27.3
PC,LI_R_MD60,Y_GE65,F,EL,2007-01-01,24.7
PC,LI_R_MD60,Y_GE65,F,EL,2008-01-01,23.6
PC,LI_R_MD60,Y_GE65,F,EL,2009-01-01,21.9
PC,LI_R_MD60,Y_GE65,F,EL,2010-01-01,23.3
PC,LI_R_MD60,Y_GE65,F,EL,2011-01-01,25.2
PC,LI_R_MD60,Y_GE65,F,EL,2012-01-01,18.3
PC,LI_R_MD60,Y_GE65,F,EL,2013-01-01,16.2
PC,LI_R_MD60,Y_GE65,F,EL,2014-01-01,16.1
PC,LI_R_MD60,Y_GE65,F,EL,2015-01-01,15.2
PC,LI_R_MD60,Y_GE65,F,EL,2016-01-01,13.8
PC,LI_R_MD60,Y_GE65,F,EL,2017-01-01,13.5
PC,LI_R_MD60,Y_GE65,F,ES,2006-01-01,31.8
PC,LI_R_MD60,Y_GE65,F,ES,2007-01-01,27.9
PC,LI_R_MD60,Y_GE65,F,ES,2008-01-01,28.0
PC,LI_R_MD60,Y_GE65,F,ES,2009-01-01,25.9
PC,LI_R_MD60,Y_GE65,F,ES,2010-01-01,23.6
PC,LI_R_MD60,Y_GE65,F,ES,2011-01-01,21.6
PC,LI_R_MD60,Y_GE65,F,ES,2012-01-01,14.8
PC,LI_R_MD60,Y_GE65,F,ES,2013-01-01,13.2
PC,LI_R_MD60,Y_GE65,F,ES,2014-01-01,12.5
PC,LI_R_MD60,Y_GE65,F,ES,2015-01-01,13.2
PC,LI_R_MD60,Y_GE65,F,ES,2016-01-01,13.2
PC,LI_R_MD60,Y_GE65,F,ES,2017-01-01,15.9
PC,LI_R_MD60,Y_GE65,F,EU27,2006-01-01,21.0
PC,LI_R_MD60,Y_GE65,F,EU27,2007-01-01,21.4
PC,LI_R_MD60,Y_GE65,F,EU27,2008-01-01,21.4
PC,LI_R_MD60,Y_GE65,F,EU27,2009-01-01,20.2
PC,LI_R_MD60,Y_GE65,F,EU27,2010-01-01,18.1
PC,LI_R_MD60,Y_GE65,F,EU27,2011-01-01,18.0
PC,LI_R_MD60,Y_GE65,F,EU27,2012-01-01,16.1
PC,LI_R_MD60,Y_GE65,F,EU27,2013-01-01,15.5
PC,LI_R_MD60,Y_GE65,F,EU27,2014-01-01,15.6
PC,LI_R_MD60,Y_GE65,F,EU27,2015-01-01,15.8
PC,LI_R_MD60,Y_GE65,F,EU27,2016-01-01,16.5
PC,LI_R_MD60,Y_GE65,F,EU27,2017-01-01,16.6
PC,LI_R_MD60,Y_GE65,F,EU28,2006-01-01,
PC,LI_R_MD60,Y_GE65,F,EU28,2007-01-01,
PC,LI_R_MD60,Y_GE65,F,EU28,2008-01-01,
PC,LI_R_MD60,Y_GE65,F,EU28,2009-01-01,
PC,LI_R_MD60,Y_GE65,F,EU28,2010-01-01,18.3
PC,LI_R_MD60,Y_GE65,F,EU28,2011-01-01,18.1
PC,LI_R_MD60,Y_GE65,F,EU28,2012-01-01,16.2
PC,LI_R_MD60,Y_GE65,F,EU28,2013-01-01,15.6
PC,LI_R_MD60,Y_GE65,F,EU28,2014-01-01,15.7
PC,LI_R_MD60,Y_GE65,F,EU28,2015-01-01,15.9
PC,LI_R_MD60,Y_GE65,F,EU28,2016-01-01,16.7
PC,LI_R_MD60,Y_GE65,F,EU28,2017-01-01,16.6
PC,LI_R_MD60,Y_GE65,F,FI,2006-01-01,25.9
PC,LI_R_MD60,Y_GE65,F,FI,2007-01-01,24.2
PC,LI_R_MD60,Y_GE65,F,FI,2008-01-01,27.4
PC,LI_R_MD60,Y_GE65,F,FI,2009-01-01,28.4
PC,LI_R_MD60,Y_GE65,F,FI,2010-01-01,22.7
PC,LI_R_MD60,Y_GE65,F,FI,2011-01-01,24.1
PC,LI_R_MD60,Y_GE65,F,FI,2012-01-01,23.3
PC,LI_R_MD60,Y_GE65,F,FI,2013-01-01,19.6
PC,LI_R_MD60,Y_GE65,F,FI,2014-01-01,19.7
PC,LI_R_MD60,Y_GE65,F,FI,2015-01-01,17.5
PC,LI_R_MD60,Y_GE65,F,FI,2016-01-01,15.5
PC,LI_R_MD60,Y_GE65,F,FI,2017-01-01,15.7
PC,LI_R_MD60,Y_GE65,F,FR,2006-01-01,17.7
PC,LI_R_MD60,Y_GE65,F,FR,2007-01-01,13.9
PC,LI_R_MD60,Y_GE65,F,FR,2008-01-01,14.0
PC,LI_R_MD60,Y_GE65,F,FR,2009-01-01,13.6
PC,LI_R_MD60,Y_GE65,F,FR,2010-01-01,10.4
PC,LI_R_MD60,Y_GE65,F,FR,2011-01-01,10.9
PC,LI_R_MD60,Y_GE65,F,FR,2012-01-01,10.5
PC,LI_R_MD60,Y_GE65,F,FR,2013-01-01,10.4
PC,LI_R_MD60,Y_GE65,F,FR,2014-01-01,9.6
PC,LI_R_MD60,Y_GE65,F,FR,2015-01-01,8.8
PC,LI_R_MD60,Y_GE65,F,FR,2016-01-01,9.4
PC,LI_R_MD60,Y_GE65,F,FR,2017-01-01,8.7
PC,LI_R_MD60,Y_GE65,F,HR,2006-01-01,
PC,LI_R_MD60,Y_GE65,F,HR,2007-01-01,
PC,LI_R_MD60,Y_GE65,F,HR,2008-01-01,
PC,LI_R_MD60,Y_GE65,F,HR,2009-01-01,
PC,LI_R_MD60,Y_GE65,F,HR,2010-01-01,34.0
PC,LI_R_MD60,Y_GE65,F,HR,2011-01-01,33.8
PC,LI_R_MD60,Y_GE65,F,HR,2012-01-01,29.1
PC,LI_R_MD60,Y_GE65,F,HR,2013-01-01,26.6
PC,LI_R_MD60,Y_GE65,F,HR,2014-01-01,24.6
PC,LI_R_MD60,Y_GE65,F,HR,2015-01-01,28.7
PC,LI_R_MD60,Y_GE65,F,HR,2016-01-01,29.5
PC,LI_R_MD60,Y_GE65,F,HR,2017-01-01,
PC,LI_R_MD60,Y_GE65,F,HU,2006-01-01,10.8
PC,LI_R_MD60,Y_GE65,F,HU,2007-01-01,7.7
PC,LI_R_MD60,Y_GE65,F,HU,2008-01-01,5.2
PC,LI_R_MD60,Y_GE65,F,HU,2009-01-01,5.4
PC,LI_R_MD60,Y_GE65,F,HU,2010-01-01,4.8
PC,LI_R_MD60,Y_GE65,F,HU,2011-01-01,5.4
PC,LI_R_MD60,Y_GE65,F,HU,2012-01-01,6.8
PC,LI_R_MD60,Y_GE65,F,HU,2013-01-01,5.4
PC,LI_R_MD60,Y_GE65,F,HU,2014-01-01,4.9
PC,LI_R_MD60,Y_GE65,F,HU,2015-01-01,4.8
PC,LI_R_MD60,Y_GE65,F,HU,2016-01-01,7.3
PC,LI_R_MD60,Y_GE65,F,HU,2017-01-01,9.7
PC,LI_R_MD60,Y_GE65,F,IE,2006-01-01,30.7
PC,LI_R_MD60,Y_GE65,F,IE,2007-01-01,32.2
PC,LI_R_MD60,Y_GE65,F,IE,2008-01-01,23.7
PC,LI_R_MD60,Y_GE65,F,IE,2009-01-01,17.6
PC,LI_R_MD60,Y_GE65,F,IE,2010-01-01,10.0
PC,LI_R_MD60,Y_GE65,F,IE,2011-01-01,10.5
PC,LI_R_MD60,Y_GE65,F,IE,2012-01-01,13.1
PC,LI_R_MD60,Y_GE65,F,IE,2013-01-01,10.9
PC,LI_R_MD60,Y_GE65,F,IE,2014-01-01,12.8
PC,LI_R_MD60,Y_GE65,F,IE,2015-01-01,15.2
PC,LI_R_MD60,Y_GE65,F,IE,2016-01-01,16.7
PC,LI_R_MD60,Y_GE65,F,IE,2017-01-01,
PC,LI_R_MD60,Y_GE65,F,IS,2006-01-01,13.5
PC,LI_R_MD60,Y_GE65,F,IS,2007-01-01,18.8
PC,LI_R_MD60,Y_GE65,F,IS,2008-01-01,19.7
PC,LI_R_MD60,Y_GE65,F,IS,2009-01-01,17.9
PC,LI_R_MD60,Y_GE65,F,IS,2010-01-01,6.6
PC,LI_R_MD60,Y_GE65,F,IS,2011-01-01,5.5
PC,LI_R_MD60,Y_GE65,F,IS,2012-01-01,4.5
PC,LI_R_MD60,Y_GE65,F,IS,2013-01-01,4.0
PC,LI_R_MD60,Y_GE65,F,IS,2014-01-01,7.4
PC,LI_R_MD60,Y_GE65,F,IS,2015-01-01,7.1
PC,LI_R_MD60,Y_GE65,F,IS,2016-01-01,8.0
PC,LI_R_MD60,Y_GE65,F,IS,2017-01-01,
PC,LI_R_MD60,Y_GE65,F,IT,2006-01-01,24.4
PC,LI_R_MD60,Y_GE65,F,IT,2007-01-01,25.0
PC,LI_R_MD60,Y_GE65,F,IT,2008-01-01,23.6
PC,LI_R_MD60,Y_GE65,F,IT,2009-01-01,22.2
PC,LI_R_MD60,Y_GE65,F,IT,2010-01-01,19.5
PC,LI_R_MD60,Y_GE65,F,IT,2011-01-01,19.3
PC,LI_R_MD60,Y_GE65,F,IT,2012-01-01,18.4
PC,LI_R_MD60,Y_GE65,F,IT,2013-01-01,17.1
PC,LI_R_MD60,Y_GE65,F,IT,2014-01-01,16.6
PC,LI_R_MD60,Y_GE65,F,IT,2015-01-01,17.0
PC,LI_R_MD60,Y_GE65,F,IT,2016-01-01,17.2
PC,LI_R_MD60,Y_GE65,F,IT,2017-01-01,17.4
PC,LI_R_MD60,Y_GE65,F,LT,2006-01-01,28.1
PC,LI_R_MD60,Y_GE65,F,LT,2007-01-01,37.3
PC,LI_R_MD60,Y_GE65,F,LT,2008-01-01,37.6
PC,LI_R_MD60,Y_GE65,F,LT,2009-01-01,29.9
PC,LI_R_MD60,Y_GE65,F,LT,2010-01-01,10.7
PC,LI_R_MD60,Y_GE65,F,LT,2011-01-01,10.2
PC,LI_R_MD60,Y_GE65,F,LT,2012-01-01,21.2
PC,LI_R_MD60,Y_GE65,F,LT,2013-01-01,23.9
PC,LI_R_MD60,Y_GE65,F,LT,2014-01-01,24.3
PC,LI_R_MD60,Y_GE65,F,LT,2015-01-01,29.7
PC,LI_R_MD60,Y_GE65,F,LT,2016-01-01,33.2
PC,LI_R_MD60,Y_GE65,F,LT,2017-01-01,39.5
PC,LI_R_MD60,Y_GE65,F,LU,2006-01-01,8.0
PC,LI_R_MD60,Y_GE65,F,LU,2007-01-01,7.7
PC,LI_R_MD60,Y_GE65,F,LU,2008-01-01,6.0
PC,LI_R_MD60,Y_GE65,F,LU,2009-01-01,7.7
PC,LI_R_MD60,Y_GE65,F,LU,2010-01-01,6.3
PC,LI_R_MD60,Y_GE65,F,LU,2011-01-01,5.1
PC,LI_R_MD60,Y_GE65,F,LU,2012-01-01,8.0
PC,LI_R_MD60,Y_GE65,F,LU,2013-01-01,6.7
PC,LI_R_MD60,Y_GE65,F,LU,2014-01-01,6.8
PC,LI_R_MD60,Y_GE65,F,LU,2015-01-01,9.1
PC,LI_R_MD60,Y_GE65,F,LU,2016-01-01,10.8
PC,LI_R_MD60,Y_GE65,F,LU,2017-01-01,13.3
PC,LI_R_MD60,Y_GE65,F,LV,2006-01-01,36.6
PC,LI_R_MD60,Y_GE65,F,LV,2007-01-01,40.6
PC,LI_R_MD60,Y_GE65,F,LV,2008-01-01,55.2
PC,LI_R_MD60,Y_GE65,F,LV,2009-01-01,51.6
PC,LI_R_MD60,Y_GE65,F,LV,2010-01-01,19.7
PC,LI_R_MD60,Y_GE65,F,LV,2011-01-01,10.3
PC,LI_R_MD60,Y_GE65,F,LV,2012-01-01,16.4
PC,LI_R_MD60,Y_GE65,F,LV,2013-01-01,21.0
PC,LI_R_MD60,Y_GE65,F,LV,2014-01-01,33.2
PC,LI_R_MD60,Y_GE65,F,LV,2015-01-01,40.4
PC,LI_R_MD60,Y_GE65,F,LV,2016-01-01,42.9
PC,LI_R_MD60,Y_GE65,F,LV,2017-01-01,45.1
PC,LI_R_MD60,Y_GE65,F,MK,2006-01-01,
PC,LI_R_MD60,Y_GE65,F,MK,2007-01-01,
PC,LI_R_MD60,Y_GE65,F,MK,2008-01-01,
PC,LI_R_MD60,Y_GE65,F,MK,2009-01-01,
PC,LI_R_MD60,Y_GE65,F,MK,2010-01-01,17.5
PC,LI_R_MD60,Y_GE65,F,MK,2011-01-01,21.7
PC,LI_R_MD60,Y_GE65,F,MK,2012-01-01,22.1
PC,LI_R_MD60,Y_GE65,F,MK,2013-01-01,16.8
PC,LI_R_MD60,Y_GE65,F,MK,2014-01-01,14.1
PC,LI_R_MD60,Y_GE65,F,MK,2015-01-01,15.6
PC,LI_R_MD60,Y_GE65,F,MK,2016-01-01,14.9
PC,LI_R_MD60,Y_GE65,F,MK,2017-01-01,
PC,LI_R_MD60,Y_GE65,F,MT,2006-01-01,22.6
PC,LI_R_MD60,Y_GE65,F,MT,2007-01-01,17.2
PC,LI_R_MD60,Y_GE65,F,MT,2008-01-01,23.6
PC,LI_R_MD60,Y_GE65,F,MT,2009-01-01,18.7
PC,LI_R_MD60,Y_GE65,F,MT,2010-01-01,17.1
PC,LI_R_MD60,Y_GE65,F,MT,2011-01-01,16.0
PC,LI_R_MD60,Y_GE65,F,MT,2012-01-01,15.9
PC,LI_R_MD60,Y_GE65,F,MT,2013-01-01,14.2
PC,LI_R_MD60,Y_GE65,F,MT,2014-01-01,17.1
PC,LI_R_MD60,Y_GE65,F,MT,2015-01-01,21.6
PC,LI_R_MD60,Y_GE65,F,MT,2016-01-01,25.4
PC,LI_R_MD60,Y_GE65,F,MT,2017-01-01,26.4
PC,LI_R_MD60,Y_GE65,F,NL,2006-01-01,5.3
PC,LI_R_MD60,Y_GE65,F,NL,2007-01-01,10.2
PC,LI_R_MD60,Y_GE65,F,NL,2008-01-01,9.2
PC,LI_R_MD60,Y_GE65,F,NL,2009-01-01,7.5
PC,LI_R_MD60,Y_GE65,F,NL,2010-01-01,6.3
PC,LI_R_MD60,Y_GE65,F,NL,2011-01-01,6.7
PC,LI_R_MD60,Y_GE65,F,NL,2012-01-01,5.4
PC,LI_R_MD60,Y_GE65,F,NL,2013-01-01,6.1
PC,LI_R_MD60,Y_GE65,F,NL,2014-01-01,6.8
PC,LI_R_MD60,Y_GE65,F,NL,2015-01-01,6.1
PC,LI_R_MD60,Y_GE65,F,NL,2016-01-01,9.3
PC,LI_R_MD60,Y_GE65,F,NL,2017-01-01,10.2
PC,LI_R_MD60,Y_GE65,F,NO,2006-01-01,23.7
PC,LI_R_MD60,Y_GE65,F,NO,2007-01-01,21.1
PC,LI_R_MD60,Y_GE65,F,NO,2008-01-01,20.9
PC,LI_R_MD60,Y_GE65,F,NO,2009-01-01,18.6
PC,LI_R_MD60,Y_GE65,F,NO,2010-01-01,18.6
PC,LI_R_MD60,Y_GE65,F,NO,2011-01-01,17.1
PC,LI_R_MD60,Y_GE65,F,NO,2012-01-01,13.7
PC,LI_R_MD60,Y_GE65,F,NO,2013-01-01,15.1
PC,LI_R_MD60,Y_GE65,F,NO,2014-01-01,14.7
PC,LI_R_MD60,Y_GE65,F,NO,2015-01-01,14.1
PC,LI_R_MD60,Y_GE65,F,NO,2016-01-01,14.0
PC,LI_R_MD60,Y_GE65,F,NO,2017-01-01,12.6
PC,LI_R_MD60,Y_GE65,F,PL,2006-01-01,9.1
PC,LI_R_MD60,Y_GE65,F,PL,2007-01-01,9.2
PC,LI_R_MD60,Y_GE65,F,PL,2008-01-01,13.4
PC,LI_R_MD60,Y_GE65,F,PL,2009-01-01,16.5
PC,LI_R_MD60,Y_GE65,F,PL,2010-01-01,16.8
PC,LI_R_MD60,Y_GE65,F,PL,2011-01-01,17.4
PC,LI_R_MD60,Y_GE65,F,PL,2012-01-01,16.8
PC,LI_R_MD60,Y_GE65,F,PL,2013-01-01,14.6
PC,LI_R_MD60,Y_GE65,F,PL,2014-01-01,13.8
PC,LI_R_MD60,Y_GE65,F,PL,2015-01-01,13.9
PC,LI_R_MD60,Y_GE65,F,PL,2016-01-01,15.2
PC,LI_R_MD60,Y_GE65,F,PL,2017-01-01,15.8
PC,LI_R_MD60,Y_GE65,F,PT,2006-01-01,26.4
PC,LI_R_MD60,Y_GE65,F,PT,2007-01-01,26.9
PC,LI_R_MD60,Y_GE65,F,PT,2008-01-01,24.5
PC,LI_R_MD60,Y_GE65,F,PT,2009-01-01,21.8
PC,LI_R_MD60,Y_GE65,F,PT,2010-01-01,23.5
PC,LI_R_MD60,Y_GE65,F,PT,2011-01-01,21.4
PC,LI_R_MD60,Y_GE65,F,PT,2012-01-01,18.4
PC,LI_R_MD60,Y_GE65,F,PT,2013-01-01,15.2
PC,LI_R_MD60,Y_GE65,F,PT,2014-01-01,16.9
PC,LI_R_MD60,Y_GE65,F,PT,2015-01-01,19.0
PC,LI_R_MD60,Y_GE65,F,PT,2016-01-01,19.9
PC,LI_R_MD60,Y_GE65,F,PT,2017-01-01,18.3
PC,LI_R_MD60,Y_GE65,F,RO,2006-01-01,
PC,LI_R_MD60,Y_GE65,F,RO,2007-01-01,33.9
PC,LI_R_MD60,Y_GE65,F,RO,2008-01-01,30.5
PC,LI_R_MD60,Y_GE65,F,RO,2009-01-01,25.9
PC,LI_R_MD60,Y_GE65,F,RO,2010-01-01,21.9
PC,LI_R_MD60,Y_GE65,F,RO,2011-01-01,18.9
PC,LI_R_MD60,Y_GE65,F,RO,2012-01-01,18.2
PC,LI_R_MD60,Y_GE65,F,RO,2013-01-01,18.2
PC,LI_R_MD60,Y_GE65,F,RO,2014-01-01,19.7
PC,LI_R_MD60,Y_GE65,F,RO,2015-01-01,23.5
PC,LI_R_MD60,Y_GE65,F,RO,2016-01-01,23.7
PC,LI_R_MD60,Y_GE65,F,RO,2017-01-01,24.5
PC,LI_R_MD60,Y_GE65,F,RS,2006-01-01,
PC,LI_R_MD60,Y_GE65,F,RS,2007-01-01,
PC,LI_R_MD60,Y_GE65,F,RS,2008-01-01,
PC,LI_R_MD60,Y_GE65,F,RS,2009-01-01,
PC,LI_R_MD60,Y_GE65,F,RS,2010-01-01,
PC,LI_R_MD60,Y_GE65,F,RS,2011-01-01,
PC,LI_R_MD60,Y_GE65,F,RS,2012-01-01,
PC,LI_R_MD60,Y_GE65,F,RS,2013-01-01,22.3
PC,LI_R_MD60,Y_GE65,F,RS,2014-01-01,22.3
PC,LI_R_MD60,Y_GE65,F,RS,2015-01-01,21.9
PC,LI_R_MD60,Y_GE65,F,RS,2016-01-01,22.0
PC,LI_R_MD60,Y_GE65,F,RS,2017-01-01,
PC,LI_R_MD60,Y_GE65,F,SE,2006-01-01,15.3
PC,LI_R_MD60,Y_GE65,F,SE,2007-01-01,12.7
PC,LI_R_MD60,Y_GE65,F,SE,2008-01-01,19.9
PC,LI_R_MD60,Y_GE65,F,SE,2009-01-01,21.4
PC,LI_R_MD60,Y_GE65,F,SE,2010-01-01,19.0
PC,LI_R_MD60,Y_GE65,F,SE,2011-01-01,21.6
PC,LI_R_MD60,Y_GE65,F,SE,2012-01-01,20.9
PC,LI_R_MD60,Y_GE65,F,SE,2013-01-01,20.5
PC,LI_R_MD60,Y_GE65,F,SE,2014-01-01,17.9
PC,LI_R_MD60,Y_GE65,F,SE,2015-01-01,20.6
PC,LI_R_MD60,Y_GE65,F,SE,2016-01-01,21.7
PC,LI_R_MD60,Y_GE65,F,SE,2017-01-01,20.0
PC,LI_R_MD60,Y_GE65,F,SI,2006-01-01,24.7
PC,LI_R_MD60,Y_GE65,F,SI,2007-01-01,24.8
PC,LI_R_MD60,Y_GE65,F,SI,2008-01-01,27.5
PC,LI_R_MD60,Y_GE65,F,SI,2009-01-01,25.5
PC,LI_R_MD60,Y_GE65,F,SI,2010-01-01,27.1
PC,LI_R_MD60,Y_GE65,F,SI,2011-01-01,27.8
PC,LI_R_MD60,Y_GE65,F,SI,2012-01-01,25.0
PC,LI_R_MD60,Y_GE65,F,SI,2013-01-01,25.5
PC,LI_R_MD60,Y_GE65,F,SI,2014-01-01,21.6
PC,LI_R_MD60,Y_GE65,F,SI,2015-01-01,22.2
PC,LI_R_MD60,Y_GE65,F,SI,2016-01-01,22.5
PC,LI_R_MD60,Y_GE65,F,SI,2017-01-01,20.9
PC,LI_R_MD60,Y_GE65,F,SK,2006-01-01,10.8
PC,LI_R_MD60,Y_GE65,F,SK,2007-01-01,11.7
PC,LI_R_MD60,Y_GE65,F,SK,2008-01-01,13.4
PC,LI_R_MD60,Y_GE65,F,SK,2009-01-01,14.8
PC,LI_R_MD60,Y_GE65,F,SK,2010-01-01,10.1
PC,LI_R_MD60,Y_GE65,F,SK,2011-01-01,8.2
PC,LI_R_MD60,Y_GE65,F,SK,2012-01-01,9.0
PC,LI_R_MD60,Y_GE65,F,SK,2013-01-01,7.6
PC,LI_R_MD60,Y_GE65,F,SK,2014-01-01,7.5
PC,LI_R_MD60,Y_GE65,F,SK,2015-01-01,7.0
PC,LI_R_MD60,Y_GE65,F,SK,2016-01-01,6.5
PC,LI_R_MD60,Y_GE65,F,SK,2017-01-01,8.3
PC,LI_R_MD60,Y_GE65,F,TR,2006-01-01,20.9
PC,LI_R_MD60,Y_GE65,F,TR,2007-01-01,19.0
PC,LI_R_MD60,Y_GE65,F,TR,2008-01-01,19.6
PC,LI_R_MD60,Y_GE65,F,TR,2009-01-01,20.3
PC,LI_R_MD60,Y_GE65,F,TR,2010-01-01,19.7
PC,LI_R_MD60,Y_GE65,F,TR,2011-01-01,20.2
PC,LI_R_MD60,Y_GE65,F,TR,2012-01-01,22.0
PC,LI_R_MD60,Y_GE65,F,TR,2013-01-01,19.3
PC,LI_R_MD60,Y_GE65,F,TR,2014-01-01,19.6
PC,LI_R_MD60,Y_GE65,F,TR,2015-01-01,19.6
PC,LI_R_MD60,Y_GE65,F,TR,2016-01-01,
PC,LI_R_MD60,Y_GE65,F,TR,2017-01-01,
PC,LI_R_MD60,Y_GE65,F,UK,2006-01-01,29.0
PC,LI_R_MD60,Y_GE65,F,UK,2007-01-01,29.0
PC,LI_R_MD60,Y_GE65,F,UK,2008-01-01,29.7
PC,LI_R_MD60,Y_GE65,F,UK,2009-01-01,24.1
PC,LI_R_MD60,Y_GE65,F,UK,2010-01-01,24.4
PC,LI_R_MD60,Y_GE65,F,UK,2011-01-01,24.9
PC,LI_R_MD60,Y_GE65,F,UK,2012-01-01,17.7
PC,LI_R_MD60,Y_GE65,F,UK,2013-01-01,18.3
PC,LI_R_MD60,Y_GE65,F,UK,2014-01-01,20.0
PC,LI_R_MD60,Y_GE65,F,UK,2015-01-01,17.8
PC,LI_R_MD60,Y_GE65,F,UK,2016-01-01,19.4
PC,LI_R_MD60,Y_GE65,F,UK,2017-01-01,
PC,LI_R_MD60,Y_GE65,M,AT,2006-01-01,10.5
PC,LI_R_MD60,Y_GE65,M,AT,2007-01-01,9.3
PC,LI_R_MD60,Y_GE65,M,AT,2008-01-01,14.1
PC,LI_R_MD60,Y_GE65,M,AT,2009-01-01,13.2
PC,LI_R_MD60,Y_GE65,M,AT,2010-01-01,12.5
PC,LI_R_MD60,Y_GE65,M,AT,2011-01-01,12.1
PC,LI_R_MD60,Y_GE65,M,AT,2012-01-01,11.5
PC,LI_R_MD60,Y_GE65,M,AT,2013-01-01,12.5
PC,LI_R_MD60,Y_GE65,M,AT,2014-01-01,11.4
PC,LI_R_MD60,Y_GE65,M,AT,2015-01-01,10.7
PC,LI_R_MD60,Y_GE65,M,AT,2016-01-01,10.0
PC,LI_R_MD60,Y_GE65,M,AT,2017-01-01,9.1
PC,LI_R_MD60,Y_GE65,M,BE,2006-01-01,20.8
PC,LI_R_MD60,Y_GE65,M,BE,2007-01-01,20.5
PC,LI_R_MD60,Y_GE65,M,BE,2008-01-01,20.1
PC,LI_R_MD60,Y_GE65,M,BE,2009-01-01,20.6
PC,LI_R_MD60,Y_GE65,M,BE,2010-01-01,18.7
PC,LI_R_MD60,Y_GE65,M,BE,2011-01-01,20.1
PC,LI_R_MD60,Y_GE65,M,BE,2012-01-01,19.2
PC,LI_R_MD60,Y_GE65,M,BE,2013-01-01,17.0
PC,LI_R_MD60,Y_GE65,M,BE,2014-01-01,15.5
PC,LI_R_MD60,Y_GE65,M,BE,2015-01-01,14.5
PC,LI_R_MD60,Y_GE65,M,BE,2016-01-01,15.2
PC,LI_R_MD60,Y_GE65,M,BE,2017-01-01,14.7
PC,LI_R_MD60,Y_GE65,M,BG,2006-01-01,14.5
PC,LI_R_MD60,Y_GE65,M,BG,2007-01-01,15.3
PC,LI_R_MD60,Y_GE65,M,BG,2008-01-01,26.8
PC,LI_R_MD60,Y_GE65,M,BG,2009-01-01,32.0
PC,LI_R_MD60,Y_GE65,M,BG,2010-01-01,24.9
PC,LI_R_MD60,Y_GE65,M,BG,2011-01-01,22.1
PC,LI_R_MD60,Y_GE65,M,BG,2012-01-01,19.3
PC,LI_R_MD60,Y_GE65,M,BG,2013-01-01,21.0
PC,LI_R_MD60,Y_GE65,M,BG,2014-01-01,18.0
PC,LI_R_MD60,Y_GE65,M,BG,2015-01-01,22.1
PC,LI_R_MD60,Y_GE65,M,BG,2016-01-01,15.9
PC,LI_R_MD60,Y_GE65,M,BG,2017-01-01,22.5
PC,LI_R_MD60,Y_GE65,M,CH,2006-01-01,
PC,LI_R_MD60,Y_GE65,M,CH,2007-01-01,24.5
PC,LI_R_MD60,Y_GE65,M,CH,2008-01-01,23.2
PC,LI_R_MD60,Y_GE65,M,CH,2009-01-01,26.3
PC,LI_R_MD60,Y_GE65,M,CH,2010-01-01,24.2
PC,LI_R_MD60,Y_GE65,M,CH,2011-01-01,24.2
PC,LI_R_MD60,Y_GE65,M,CH,2012-01-01,24.9
PC,LI_R_MD60,Y_GE65,M,CH,2013-01-01,25.6
PC,LI_R_MD60,Y_GE65,M,CH,2014-01-01,21.7
PC,LI_R_MD60,Y_GE65,M,CH,2015-01-01,24.0
PC,LI_R_MD60,Y_GE65,M,CH,2016-01-01,22.2
PC,LI_R_MD60,Y_GE65,M,CH,2017-01-01,
PC,LI_R_MD60,Y_GE65,M,CY,2006-01-01,49.2
PC,LI_R_MD60,Y_GE65,M,CY,2007-01-01,46.3
PC,LI_R_MD60,Y_GE65,M,CY,2008-01-01,41.0
PC,LI_R_MD60,Y_GE65,M,CY,2009-01-01,42.4
PC,LI_R_MD60,Y_GE65,M,CY,2010-01-01,36.8
PC,LI_R_MD60,Y_GE65,M,CY,2011-01-01,31.7
PC,LI_R_MD60,Y_GE65,M,CY,2012-01-01,24.2
PC,LI_R_MD60,Y_GE65,M,CY,2013-01-01,16.2
PC,LI_R_MD60,Y_GE65,M,CY,2014-01-01,17.6
PC,LI_R_MD60,Y_GE65,M,CY,2015-01-01,13.6
PC,LI_R_MD60,Y_GE65,M,CY,2016-01-01,15.8
PC,LI_R_MD60,Y_GE65,M,CY,2017-01-01,18.3
PC,LI_R_MD60,Y_GE65,M,CZ,2006-01-01,2.4
PC,LI_R_MD60,Y_GE65,M,CZ,2007-01-01,2.0
PC,LI_R_MD60,Y_GE65,M,CZ,2008-01-01,3.3
PC,LI_R_MD60,Y_GE65,M,CZ,2009-01-01,3.0
PC,LI_R_MD60,Y_GE65,M,CZ,2010-01-01,2.1
PC,LI_R_MD60,Y_GE65,M,CZ,2011-01-01,2.0
PC,LI_R_MD60,Y_GE65,M,CZ,2012-01-01,2.7
PC,LI_R_MD60,Y_GE65,M,CZ,2013-01-01,2.7
PC,LI_R_MD60,Y_GE65,M,CZ,2014-01-01,4.3
PC,LI_R_MD60,Y_GE65,M,CZ,2015-01-01,3.5
PC,LI_R_MD60,Y_GE65,M,CZ,2016-01-01,3.6
PC,LI_R_MD60,Y_GE65,M,CZ,2017-01-01,4.8
PC,LI_R_MD60,Y_GE65,M,DE,2006-01-01,10.8
PC,LI_R_MD60,Y_GE65,M,DE,2007-01-01,13.0
PC,LI_R_MD60,Y_GE65,M,DE,2008-01-01,12.0
PC,LI_R_MD60,Y_GE65,M,DE,2009-01-01,12.9
PC,LI_R_MD60,Y_GE65,M,DE,2010-01-01,12.1
PC,LI_R_MD60,Y_GE65,M,DE,2011-01-01,12.0
PC,LI_R_MD60,Y_GE65,M,DE,2012-01-01,13.3
PC,LI_R_MD60,Y_GE65,M,DE,2013-01-01,12.7
PC,LI_R_MD60,Y_GE65,M,DE,2014-01-01,14.0
PC,LI_R_MD60,Y_GE65,M,DE,2015-01-01,14.5
PC,LI_R_MD60,Y_GE65,M,DE,2016-01-01,14.9
PC,LI_R_MD60,Y_GE65,M,DE,2017-01-01,14.9
PC,LI_R_MD60,Y_GE65,M,DK,2006-01-01,15.9
PC,LI_R_MD60,Y_GE65,M,DK,2007-01-01,16.5
PC,LI_R_MD60,Y_GE65,M,DK,2008-01-01,17.0
PC,LI_R_MD60,Y_GE65,M,DK,2009-01-01,18.5
PC,LI_R_MD60,Y_GE65,M,DK,2010-01-01,16.8
PC,LI_R_MD60,Y_GE65,M,DK,2011-01-01,12.7
PC,LI_R_MD60,Y_GE65,M,DK,2012-01-01,11.1
PC,LI_R_MD60,Y_GE65,M,DK,2013-01-01,8.1
PC,LI_R_MD60,Y_GE65,M,DK,2014-01-01,9.1
PC,LI_R_MD60,Y_GE65,M,DK,2015-01-01,8.0
PC,LI_R_MD60,Y_GE65,M,DK,2016-01-01,7.2
PC,LI_R_MD60,Y_GE65,M,DK,2017-01-01,8.9
PC,LI_R_MD60,Y_GE65,M,EA18,2006-01-01,16.0
PC,LI_R_MD60,Y_GE65,M,EA18,2007-01-01,16.1
PC,LI_R_MD60,Y_GE65,M,EA18,2008-01-01,14.8
PC,LI_R_MD60,Y_GE65,M,EA18,2009-01-01,14.6
PC,LI_R_MD60,Y_GE65,M,EA18,2010-01-01,12.7
PC,LI_R_MD60,Y_GE65,M,EA18,2011-01-01,12.9
PC,LI_R_MD60,Y_GE65,M,EA18,2012-01-01,12.4
PC,LI_R_MD60,Y_GE65,M,EA18,2013-01-01,11.3
PC,LI_R_MD60,Y_GE65,M,EA18,2014-01-01,11.0
PC,LI_R_MD60,Y_GE65,M,EA18,2015-01-01,11.4
PC,LI_R_MD60,Y_GE65,M,EA18,2016-01-01,12.1
PC,LI_R_MD60,Y_GE65,M,EA18,2017-01-01,12.2
PC,LI_R_MD60,Y_GE65,M,EA19,2006-01-01,15.9
PC,LI_R_MD60,Y_GE65,M,EA19,2007-01-01,16.1
PC,LI_R_MD60,Y_GE65,M,EA19,2008-01-01,14.8
PC,LI_R_MD60,Y_GE65,M,EA19,2009-01-01,14.6
PC,LI_R_MD60,Y_GE65,M,EA19,2010-01-01,12.7
PC,LI_R_MD60,Y_GE65,M,EA19,2011-01-01,12.8
PC,LI_R_MD60,Y_GE65,M,EA19,2012-01-01,12.4
PC,LI_R_MD60,Y_GE65,M,EA19,2013-01-01,11.3
PC,LI_R_MD60,Y_GE65,M,EA19,2014-01-01,11.0
PC,LI_R_MD60,Y_GE65,M,EA19,2015-01-01,11.4
PC,LI_R_MD60,Y_GE65,M,EA19,2016-01-01,12.1
PC,LI_R_MD60,Y_GE65,M,EA19,2017-01-01,12.3
PC,LI_R_MD60,Y_GE65,M,EE,2006-01-01,13.7
PC,LI_R_MD60,Y_GE65,M,EE,2007-01-01,20.7
PC,LI_R_MD60,Y_GE65,M,EE,2008-01-01,24.6
PC,LI_R_MD60,Y_GE65,M,EE,2009-01-01,18.9
PC,LI_R_MD60,Y_GE65,M,EE,2010-01-01,8.0
PC,LI_R_MD60,Y_GE65,M,EE,2011-01-01,7.2
PC,LI_R_MD60,Y_GE65,M,EE,2012-01-01,11.2
PC,LI_R_MD60,Y_GE65,M,EE,2013-01-01,13.3
PC,LI_R_MD60,Y_GE65,M,EE,2014-01-01,18.5
PC,LI_R_MD60,Y_GE65,M,EE,2015-01-01,21.0
PC,LI_R_MD60,Y_GE65,M,EE,2016-01-01,26.1
PC,LI_R_MD60,Y_GE65,M,EE,2017-01-01,28.4
PC,LI_R_MD60,Y_GE65,M,EL,2006-01-01,23.5
PC,LI_R_MD60,Y_GE65,M,EL,2007-01-01,20.8
PC,LI_R_MD60,Y_GE65,M,EL,2008-01-01,20.8
PC,LI_R_MD60,Y_GE65,M,EL,2009-01-01,20.9
PC,LI_R_MD60,Y_GE65,M,EL,2010-01-01,18.8
PC,LI_R_MD60,Y_GE65,M,EL,2011-01-01,21.7
PC,LI_R_MD60,Y_GE65,M,EL,2012-01-01,15.9
PC,LI_R_MD60,Y_GE65,M,EL,2013-01-01,13.7
PC,LI_R_MD60,Y_GE65,M,EL,2014-01-01,13.3
PC,LI_R_MD60,Y_GE65,M,EL,2015-01-01,11.9
PC,LI_R_MD60,Y_GE65,M,EL,2016-01-01,10.6
PC,LI_R_MD60,Y_GE65,M,EL,2017-01-01,11.1
PC,LI_R_MD60,Y_GE65,M,ES,2006-01-01,25.9
PC,LI_R_MD60,Y_GE65,M,ES,2007-01-01,23.7
PC,LI_R_MD60,Y_GE65,M,ES,2008-01-01,22.1
PC,LI_R_MD60,Y_GE65,M,ES,2009-01-01,21.1
PC,LI_R_MD60,Y_GE65,M,ES,2010-01-01,19.4
PC,LI_R_MD60,Y_GE65,M,ES,2011-01-01,17.5
PC,LI_R_MD60,Y_GE65,M,ES,2012-01-01,14.7
PC,LI_R_MD60,Y_GE65,M,ES,2013-01-01,12.1
PC,LI_R_MD60,Y_GE65,M,ES,2014-01-01,10.0
PC,LI_R_MD60,Y_GE65,M,ES,2015-01-01,11.1
PC,LI_R_MD60,Y_GE65,M,ES,2016-01-01,12.7
PC,LI_R_MD60,Y_GE65,M,ES,2017-01-01,13.5
PC,LI_R_MD60,Y_GE65,M,EU27,2006-01-01,15.9
PC,LI_R_MD60,Y_GE65,M,EU27,2007-01-01,16.0
PC,LI_R_MD60,Y_GE65,M,EU27,2008-01-01,15.6
PC,LI_R_MD60,Y_GE65,M,EU27,2009-01-01,14.9
PC,LI_R_MD60,Y_GE65,M,EU27,2010-01-01,12.9
PC,LI_R_MD60,Y_GE65,M,EU27,2011-01-01,13.0
PC,LI_R_MD60,Y_GE65,M,EU27,2012-01-01,12.2
PC,LI_R_MD60,Y_GE65,M,EU27,2013-01-01,11.3
PC,LI_R_MD60,Y_GE65,M,EU27,2014-01-01,11.1
PC,LI_R_MD60,Y_GE65,M,EU27,2015-01-01,11.6
PC,LI_R_MD60,Y_GE65,M,EU27,2016-01-01,11.9
PC,LI_R_MD60,Y_GE65,M,EU27,2017-01-01,12.0
PC,LI_R_MD60,Y_GE65,M,EU28,2006-01-01,
PC,LI_R_MD60,Y_GE65,M,EU28,2007-01-01,
PC,LI_R_MD60,Y_GE65,M,EU28,2008-01-01,
PC,LI_R_MD60,Y_GE65,M,EU28,2009-01-01,
PC,LI_R_MD60,Y_GE65,M,EU28,2010-01-01,13.0
PC,LI_R_MD60,Y_GE65,M,EU28,2011-01-01,13.0
PC,LI_R_MD60,Y_GE65,M,EU28,2012-01-01,12.2
PC,LI_R_MD60,Y_GE65,M,EU28,2013-01-01,11.4
PC,LI_R_MD60,Y_GE65,M,EU28,2014-01-01,11.2
PC,LI_R_MD60,Y_GE65,M,EU28,2015-01-01,11.7
PC,LI_R_MD60,Y_GE65,M,EU28,2016-01-01,12.0
PC,LI_R_MD60,Y_GE65,M,EU28,2017-01-01,12.0
PC,LI_R_MD60,Y_GE65,M,FI,2006-01-01,15.7
PC,LI_R_MD60,Y_GE65,M,FI,2007-01-01,17.7
PC,LI_R_MD60,Y_GE65,M,FI,2008-01-01,15.5
PC,LI_R_MD60,Y_GE65,M,FI,2009-01-01,13.1
PC,LI_R_MD60,Y_GE65,M,FI,2010-01-01,12.2
PC,LI_R_MD60,Y_GE65,M,FI,2011-01-01,11.8
PC,LI_R_MD60,Y_GE65,M,FI,2012-01-01,11.9
PC,LI_R_MD60,Y_GE65,M,FI,2013-01-01,11.4
PC,LI_R_MD60,Y_GE65,M,FI,2014-01-01,11.0
PC,LI_R_MD60,Y_GE65,M,FI,2015-01-01,9.1
PC,LI_R_MD60,Y_GE65,M,FI,2016-01-01,8.1
PC,LI_R_MD60,Y_GE65,M,FI,2017-01-01,7.9
PC,LI_R_MD60,Y_GE65,M,FR,2006-01-01,14.0
PC,LI_R_MD60,Y_GE65,M,FR,2007-01-01,12.1
PC,LI_R_MD60,Y_GE65,M,FR,2008-01-01,9.1
PC,LI_R_MD60,Y_GE65,M,FR,2009-01-01,9.6
PC,LI_R_MD60,Y_GE65,M,FR,2010-01-01,8.0
PC,LI_R_MD60,Y_GE65,M,FR,2011-01-01,8.1
PC,LI_R_MD60,Y_GE65,M,FR,2012-01-01,8.0
PC,LI_R_MD60,Y_GE65,M,FR,2013-01-01,7.4
PC,LI_R_MD60,Y_GE65,M,FR,2014-01-01,7.2
PC,LI_R_MD60,Y_GE65,M,FR,2015-01-01,7.0
PC,LI_R_MD60,Y_GE65,M,FR,2016-01-01,6.7
PC,LI_R_MD60,Y_GE65,M,FR,2017-01-01,6.5
PC,LI_R_MD60,Y_GE65,M,HR,2006-01-01,
PC,LI_R_MD60,Y_GE65,M,HR,2007-01-01,
PC,LI_R_MD60,Y_GE65,M,HR,2008-01-01,
PC,LI_R_MD60,Y_GE65,M,HR,2009-01-01,
PC,LI_R_MD60,Y_GE65,M,HR,2010-01-01,25.1
PC,LI_R_MD60,Y_GE65,M,HR,2011-01-01,22.6
PC,LI_R_MD60,Y_GE65,M,HR,2012-01-01,20.3
PC,LI_R_MD60,Y_GE65,M,HR,2013-01-01,18.6
PC,LI_R_MD60,Y_GE65,M,HR,2014-01-01,20.8
PC,LI_R_MD60,Y_GE65,M,HR,2015-01-01,22.8
PC,LI_R_MD60,Y_GE65,M,HR,2016-01-01,21.9
PC,LI_R_MD60,Y_GE65,M,HR,2017-01-01,
PC,LI_R_MD60,Y_GE65,M,HU,2006-01-01,6.9
PC,LI_R_MD60,Y_GE65,M,HU,2007-01-01,3.2
PC,LI_R_MD60,Y_GE65,M,HU,2008-01-01,2.7
PC,LI_R_MD60,Y_GE65,M,HU,2009-01-01,3.1
PC,LI_R_MD60,Y_GE65,M,HU,2010-01-01,2.8
PC,LI_R_MD60,Y_GE65,M,HU,2011-01-01,4.1
PC,LI_R_MD60,Y_GE65,M,HU,2012-01-01,5.4
PC,LI_R_MD60,Y_GE65,M,HU,2013-01-01,3.3
PC,LI_R_MD60,Y_GE65,M,HU,2014-01-01,3.8
PC,LI_R_MD60,Y_GE65,M,HU,2015-01-01,4.1
PC,LI_R_MD60,Y_GE65,M,HU,2016-01-01,5.9
PC,LI_R_MD60,Y_GE65,M,HU,2017-01-01,7.9
PC,LI_R_MD60,Y_GE65,M,IE,2006-01-01,22.2
PC,LI_R_MD60,Y_GE65,M,IE,2007-01-01,23.6
PC,LI_R_MD60,Y_GE65,M,IE,2008-01-01,17.7
PC,LI_R_MD60,Y_GE65,M,IE,2009-01-01,14.4
PC,LI_R_MD60,Y_GE65,M,IE,2010-01-01,9.8
PC,LI_R_MD60,Y_GE65,M,IE,2011-01-01,11.5
PC,LI_R_MD60,Y_GE65,M,IE,2012-01-01,12.6
PC,LI_R_MD60,Y_GE65,M,IE,2013-01-01,10.3
PC,LI_R_MD60,Y_GE65,M,IE,2014-01-01,9.9
PC,LI_R_MD60,Y_GE65,M,IE,2015-01-01,13.1
PC,LI_R_MD60,Y_GE65,M,IE,2016-01-01,15.2
PC,LI_R_MD60,Y_GE65,M,IE,2017-01-01,
PC,LI_R_MD60,Y_GE65,M,IS,2006-01-01,10.0
PC,LI_R_MD60,Y_GE65,M,IS,2007-01-01,11.0
PC,LI_R_MD60,Y_GE65,M,IS,2008-01-01,9.5
PC,LI_R_MD60,Y_GE65,M,IS,2009-01-01,6.1
PC,LI_R_MD60,Y_GE65,M,IS,2010-01-01,3.0
PC,LI_R_MD60,Y_GE65,M,IS,2011-01-01,3.0
PC,LI_R_MD60,Y_GE65,M,IS,2012-01-01,4.6
PC,LI_R_MD60,Y_GE65,M,IS,2013-01-01,3.9
PC,LI_R_MD60,Y_GE65,M,IS,2014-01-01,6.3
PC,LI_R_MD60,Y_GE65,M,IS,2015-01-01,4.5
PC,LI_R_MD60,Y_GE65,M,IS,2016-01-01,3.7
PC,LI_R_MD60,Y_GE65,M,IS,2017-01-01,
PC,LI_R_MD60,Y_GE65,M,IT,2006-01-01,17.9
PC,LI_R_MD60,Y_GE65,M,IT,2007-01-01,18.3
PC,LI_R_MD60,Y_GE65,M,IT,2008-01-01,17.3
PC,LI_R_MD60,Y_GE65,M,IT,2009-01-01,16.0
PC,LI_R_MD60,Y_GE65,M,IT,2010-01-01,12.9
PC,LI_R_MD60,Y_GE65,M,IT,2011-01-01,13.9
PC,LI_R_MD60,Y_GE65,M,IT,2012-01-01,13.1
PC,LI_R_MD60,Y_GE65,M,IT,2013-01-01,12.3
PC,LI_R_MD60,Y_GE65,M,IT,2014-01-01,11.0
PC,LI_R_MD60,Y_GE65,M,IT,2015-01-01,11.8
PC,LI_R_MD60,Y_GE65,M,IT,2016-01-01,12.8
PC,LI_R_MD60,Y_GE65,M,IT,2017-01-01,13.3
PC,LI_R_MD60,Y_GE65,M,LT,2006-01-01,10.3
PC,LI_R_MD60,Y_GE65,M,LT,2007-01-01,15.2
PC,LI_R_MD60,Y_GE65,M,LT,2008-01-01,18.2
PC,LI_R_MD60,Y_GE65,M,LT,2009-01-01,12.2
PC,LI_R_MD60,Y_GE65,M,LT,2010-01-01,7.6
PC,LI_R_MD60,Y_GE65,M,LT,2011-01-01,8.6
PC,LI_R_MD60,Y_GE65,M,LT,2012-01-01,13.8
PC,LI_R_MD60,Y_GE65,M,LT,2013-01-01,10.9
PC,LI_R_MD60,Y_GE65,M,LT,2014-01-01,11.9
PC,LI_R_MD60,Y_GE65,M,LT,2015-01-01,15.7
PC,LI_R_MD60,Y_GE65,M,LT,2016-01-01,16.7
PC,LI_R_MD60,Y_GE65,M,LT,2017-01-01,21.4
PC,LI_R_MD60,Y_GE65,M,LU,2006-01-01,7.9
PC,LI_R_MD60,Y_GE65,M,LU,2007-01-01,6.6
PC,LI_R_MD60,Y_GE65,M,LU,2008-01-01,4.6
PC,LI_R_MD60,Y_GE65,M,LU,2009-01-01,3.9
PC,LI_R_MD60,Y_GE65,M,LU,2010-01-01,5.5
PC,LI_R_MD60,Y_GE65,M,LU,2011-01-01,4.2
PC,LI_R_MD60,Y_GE65,M,LU,2012-01-01,3.6
PC,LI_R_MD60,Y_GE65,M,LU,2013-01-01,5.6
PC,LI_R_MD60,Y_GE65,M,LU,2014-01-01,5.7
PC,LI_R_MD60,Y_GE65,M,LU,2015-01-01,6.6
PC,LI_R_MD60,Y_GE65,M,LU,2016-01-01,6.8
PC,LI_R_MD60,Y_GE65,M,LU,2017-01-01,10.1
PC,LI_R_MD60,Y_GE65,M,LV,2006-01-01,17.5
PC,LI_R_MD60,Y_GE65,M,LV,2007-01-01,25.3
PC,LI_R_MD60,Y_GE65,M,LV,2008-01-01,45.3
PC,LI_R_MD60,Y_GE65,M,LV,2009-01-01,39.2
PC,LI_R_MD60,Y_GE65,M,LV,2010-01-01,11.9
PC,LI_R_MD60,Y_GE65,M,LV,2011-01-01,6.6
PC,LI_R_MD60,Y_GE65,M,LV,2012-01-01,8.5
PC,LI_R_MD60,Y_GE65,M,LV,2013-01-01,10.4
PC,LI_R_MD60,Y_GE65,M,LV,2014-01-01,15.9
PC,LI_R_MD60,Y_GE65,M,LV,2015-01-01,22.6
PC,LI_R_MD60,Y_GE65,M,LV,2016-01-01,28.4
PC,LI_R_MD60,Y_GE65,M,LV,2017-01-01,29.1
PC,LI_R_MD60,Y_GE65,M,MK,2006-01-01,
PC,LI_R_MD60,Y_GE65,M,MK,2007-01-01,
PC,LI_R_MD60,Y_GE65,M,MK,2008-01-01,
PC,LI_R_MD60,Y_GE65,M,MK,2009-01-01,
PC,LI_R_MD60,Y_GE65,M,MK,2010-01-01,19.7
PC,LI_R_MD60,Y_GE65,M,MK,2011-01-01,20.3
PC,LI_R_MD60,Y_GE65,M,MK,2012-01-01,22.5
PC,LI_R_MD60,Y_GE65,M,MK,2013-01-01,16.1
PC,LI_R_MD60,Y_GE65,M,MK,2014-01-01,14.9
PC,LI_R_MD60,Y_GE65,M,MK,2015-01-01,13.2
PC,LI_R_MD60,Y_GE65,M,MK,2016-01-01,14.1
PC,LI_R_MD60,Y_GE65,M,MK,2017-01-01,
PC,LI_R_MD60,Y_GE65,M,MT,2006-01-01,24.6
PC,LI_R_MD60,Y_GE65,M,MT,2007-01-01,24.1
PC,LI_R_MD60,Y_GE65,M,MT,2008-01-01,25.1
PC,LI_R_MD60,Y_GE65,M,MT,2009-01-01,21.0
PC,LI_R_MD60,Y_GE65,M,MT,2010-01-01,19.5
PC,LI_R_MD60,Y_GE65,M,MT,2011-01-01,19.5
PC,LI_R_MD60,Y_GE65,M,MT,2012-01-01,19.0
PC,LI_R_MD60,Y_GE65,M,MT,2013-01-01,15.8
PC,LI_R_MD60,Y_GE65,M,MT,2014-01-01,16.7
PC,LI_R_MD60,Y_GE65,M,MT,2015-01-01,20.4
PC,LI_R_MD60,Y_GE65,M,MT,2016-01-01,22.8
PC,LI_R_MD60,Y_GE65,M,MT,2017-01-01,23.4
PC,LI_R_MD60,Y_GE65,M,NL,2006-01-01,6.3
PC,LI_R_MD60,Y_GE65,M,NL,2007-01-01,8.6
PC,LI_R_MD60,Y_GE65,M,NL,2008-01-01,9.6
PC,LI_R_MD60,Y_GE65,M,NL,2009-01-01,8.0
PC,LI_R_MD60,Y_GE65,M,NL,2010-01-01,5.5
PC,LI_R_MD60,Y_GE65,M,NL,2011-01-01,6.3
PC,LI_R_MD60,Y_GE65,M,NL,2012-01-01,5.5
PC,LI_R_MD60,Y_GE65,M,NL,2013-01-01,4.8
PC,LI_R_MD60,Y_GE65,M,NL,2014-01-01,4.9
PC,LI_R_MD60,Y_GE65,M,NL,2015-01-01,5.0
PC,LI_R_MD60,Y_GE65,M,NL,2016-01-01,8.5
PC,LI_R_MD60,Y_GE65,M,NL,2017-01-01,9.8
PC,LI_R_MD60,Y_GE65,M,NO,2006-01-01,7.5
PC,LI_R_MD60,Y_GE65,M,NO,2007-01-01,4.9
PC,LI_R_MD60,Y_GE65,M,NO,2008-01-01,6.4
PC,LI_R_MD60,Y_GE65,M,NO,2009-01-01,4.0
PC,LI_R_MD60,Y_GE65,M,NO,2010-01-01,3.8
PC,LI_R_MD60,Y_GE65,M,NO,2011-01-01,3.8
PC,LI_R_MD60,Y_GE65,M,NO,2012-01-01,3.8
PC,LI_R_MD60,Y_GE65,M,NO,2013-01-01,3.4
PC,LI_R_MD60,Y_GE65,M,NO,2014-01-01,3.9
PC,LI_R_MD60,Y_GE65,M,NO,2015-01-01,3.0
PC,LI_R_MD60,Y_GE65,M,NO,2016-01-01,3.3
PC,LI_R_MD60,Y_GE65,M,NO,2017-01-01,3.5
PC,LI_R_MD60,Y_GE65,M,PL,2006-01-01,5.7
PC,LI_R_MD60,Y_GE65,M,PL,2007-01-01,5.6
PC,LI_R_MD60,Y_GE65,M,PL,2008-01-01,8.9
PC,LI_R_MD60,Y_GE65,M,PL,2009-01-01,10.9
PC,LI_R_MD60,Y_GE65,M,PL,2010-01-01,9.9
PC,LI_R_MD60,Y_GE65,M,PL,2011-01-01,10.2
PC,LI_R_MD60,Y_GE65,M,PL,2012-01-01,9.4
PC,LI_R_MD60,Y_GE65,M,PL,2013-01-01,8.5
PC,LI_R_MD60,Y_GE65,M,PL,2014-01-01,8.4
PC,LI_R_MD60,Y_GE65,M,PL,2015-01-01,9.2
PC,LI_R_MD60,Y_GE65,M,PL,2016-01-01,9.1
PC,LI_R_MD60,Y_GE65,M,PL,2017-01-01,10.7
PC,LI_R_MD60,Y_GE65,M,PT,2006-01-01,25.8
PC,LI_R_MD60,Y_GE65,M,PT,2007-01-01,23.6
PC,LI_R_MD60,Y_GE65,M,PT,2008-01-01,19.2
PC,LI_R_MD60,Y_GE65,M,PT,2009-01-01,17.7
PC,LI_R_MD60,Y_GE65,M,PT,2010-01-01,17.5
PC,LI_R_MD60,Y_GE65,M,PT,2011-01-01,18.0
PC,LI_R_MD60,Y_GE65,M,PT,2012-01-01,16.1
PC,LI_R_MD60,Y_GE65,M,PT,2013-01-01,13.7
PC,LI_R_MD60,Y_GE65,M,PT,2014-01-01,12.6
PC,LI_R_MD60,Y_GE65,M,PT,2015-01-01,14.2
PC,LI_R_MD60,Y_GE65,M,PT,2016-01-01,16.0
PC,LI_R_MD60,Y_GE65,M,PT,2017-01-01,15.2
PC,LI_R_MD60,Y_GE65,M,RO,2006-01-01,
PC,LI_R_MD60,Y_GE65,M,RO,2007-01-01,22.9
PC,LI_R_MD60,Y_GE65,M,RO,2008-01-01,20.6
PC,LI_R_MD60,Y_GE65,M,RO,2009-01-01,14.8
PC,LI_R_MD60,Y_GE65,M,RO,2010-01-01,11.1
PC,LI_R_MD60,Y_GE65,M,RO,2011-01-01,8.7
PC,LI_R_MD60,Y_GE65,M,RO,2012-01-01,8.7
PC,LI_R_MD60,Y_GE65,M,RO,2013-01-01,9.1
PC,LI_R_MD60,Y_GE65,M,RO,2014-01-01,9.7
PC,LI_R_MD60,Y_GE65,M,RO,2015-01-01,13.3
PC,LI_R_MD60,Y_GE65,M,RO,2016-01-01,12.2
PC,LI_R_MD60,Y_GE65,M,RO,2017-01-01,13.2
PC,LI_R_MD60,Y_GE65,M,RS,2006-01-01,
PC,LI_R_MD60,Y_GE65,M,RS,2007-01-01,
PC,LI_R_MD60,Y_GE65,M,RS,2008-01-01,
PC,LI_R_MD60,Y_GE65,M,RS,2009-01-01,
PC,LI_R_MD60,Y_GE65,M,RS,2010-01-01,
PC,LI_R_MD60,Y_GE65,M,RS,2011-01-01,
PC,LI_R_MD60,Y_GE65,M,RS,2012-01-01,
PC,LI_R_MD60,Y_GE65,M,RS,2013-01-01,15.5
PC,LI_R_MD60,Y_GE65,M,RS,2014-01-01,17.8
PC,LI_R_MD60,Y_GE65,M,RS,2015-01-01,16.8
PC,LI_R_MD60,Y_GE65,M,RS,2016-01-01,15.2
PC,LI_R_MD60,Y_GE65,M,RS,2017-01-01,
PC,LI_R_MD60,Y_GE65,M,SE,2006-01-01,6.2
PC,LI_R_MD60,Y_GE65,M,SE,2007-01-01,6.1
PC,LI_R_MD60,Y_GE65,M,SE,2008-01-01,9.5
PC,LI_R_MD60,Y_GE65,M,SE,2009-01-01,9.6
PC,LI_R_MD60,Y_GE65,M,SE,2010-01-01,8.3
PC,LI_R_MD60,Y_GE65,M,SE,2011-01-01,9.0
PC,LI_R_MD60,Y_GE65,M,SE,2012-01-01,9.8
PC,LI_R_MD60,Y_GE65,M,SE,2013-01-01,8.5
PC,LI_R_MD60,Y_GE65,M,SE,2014-01-01,8.5
PC,LI_R_MD60,Y_GE65,M,SE,2015-01-01,10.4
PC,LI_R_MD60,Y_GE65,M,SE,2016-01-01,11.1
PC,LI_R_MD60,Y_GE65,M,SE,2017-01-01,10.8
PC,LI_R_MD60,Y_GE65,M,SI,2006-01-01,12.0
PC,LI_R_MD60,Y_GE65,M,SI,2007-01-01,10.8
PC,LI_R_MD60,Y_GE65,M,SI,2008-01-01,11.7
PC,LI_R_MD60,Y_GE65,M,SI,2009-01-01,11.4
PC,LI_R_MD60,Y_GE65,M,SI,2010-01-01,9.5
PC,LI_R_MD60,Y_GE65,M,SI,2011-01-01,10.5
PC,LI_R_MD60,Y_GE65,M,SI,2012-01-01,11.7
PC,LI_R_MD60,Y_GE65,M,SI,2013-01-01,13.2
PC,LI_R_MD60,Y_GE65,M,SI,2014-01-01,10.8
PC,LI_R_MD60,Y_GE65,M,SI,2015-01-01,10.2
PC,LI_R_MD60,Y_GE65,M,SI,2016-01-01,10.8
PC,LI_R_MD60,Y_GE65,M,SI,2017-01-01,10.4
PC,LI_R_MD60,Y_GE65,M,SK,2006-01-01,4.5
PC,LI_R_MD60,Y_GE65,M,SK,2007-01-01,3.1
PC,LI_R_MD60,Y_GE65,M,SK,2008-01-01,3.8
PC,LI_R_MD60,Y_GE65,M,SK,2009-01-01,4.5
PC,LI_R_MD60,Y_GE65,M,SK,2010-01-01,3.9
PC,LI_R_MD60,Y_GE65,M,SK,2011-01-01,3.4
PC,LI_R_MD60,Y_GE65,M,SK,2012-01-01,5.9
PC,LI_R_MD60,Y_GE65,M,SK,2013-01-01,3.3
PC,LI_R_MD60,Y_GE65,M,SK,2014-01-01,4.1
PC,LI_R_MD60,Y_GE65,M,SK,2015-01-01,3.4
PC,LI_R_MD60,Y_GE65,M,SK,2016-01-01,4.3
PC,LI_R_MD60,Y_GE65,M,SK,2017-01-01,4.9
PC,LI_R_MD60,Y_GE65,M,TR,2006-01-01,18.8
PC,LI_R_MD60,Y_GE65,M,TR,2007-01-01,17.6
PC,LI_R_MD60,Y_GE65,M,TR,2008-01-01,17.9
PC,LI_R_MD60,Y_GE65,M,TR,2009-01-01,20.0
PC,LI_R_MD60,Y_GE65,M,TR,2010-01-01,18.9
PC,LI_R_MD60,Y_GE65,M,TR,2011-01-01,17.5
PC,LI_R_MD60,Y_GE65,M,TR,2012-01-01,18.6
PC,LI_R_MD60,Y_GE65,M,TR,2013-01-01,17.2
PC,LI_R_MD60,Y_GE65,M,TR,2014-01-01,18.9
PC,LI_R_MD60,Y_GE65,M,TR,2015-01-01,17.6
PC,LI_R_MD60,Y_GE65,M,TR,2016-01-01,
PC,LI_R_MD60,Y_GE65,M,TR,2017-01-01,
PC,LI_R_MD60,Y_GE65,M,UK,2006-01-01,22.4
PC,LI_R_MD60,Y_GE65,M,UK,2007-01-01,23.4
PC,LI_R_MD60,Y_GE65,M,UK,2008-01-01,24.4
PC,LI_R_MD60,Y_GE65,M,UK,2009-01-01,20.0
PC,LI_R_MD60,Y_GE65,M,UK,2010-01-01,17.6
PC,LI_R_MD60,Y_GE65,M,UK,2011-01-01,18.2
PC,LI_R_MD60,Y_GE65,M,UK,2012-01-01,14.9
PC,LI_R_MD60,Y_GE65,M,UK,2013-01-01,14.6
PC,LI_R_MD60,Y_GE65,M,UK,2014-01-01,14.9
PC,LI_R_MD60,Y_GE65,M,UK,2015-01-01,15.0
PC,LI_R_MD60,Y_GE65,M,UK,2016-01-01,14.4
PC,LI_R_MD60,Y_GE65,M,UK,2017-01-01,
PC,LI_R_MD60,Y_GE65,T,AT,2006-01-01,16.2
PC,LI_R_MD60,Y_GE65,T,AT,2007-01-01,14.0
PC,LI_R_MD60,Y_GE65,T,AT,2008-01-01,18.9
PC,LI_R_MD60,Y_GE65,T,AT,2009-01-01,17.4
PC,LI_R_MD60,Y_GE65,T,AT,2010-01-01,16.8
PC,LI_R_MD60,Y_GE65,T,AT,2011-01-01,16.2
PC,LI_R_MD60,Y_GE65,T,AT,2012-01-01,15.1
PC,LI_R_MD60,Y_GE65,T,AT,2013-01-01,15.4
PC,LI_R_MD60,Y_GE65,T,AT,2014-01-01,14.2
PC,LI_R_MD60,Y_GE65,T,AT,2015-01-01,13.2
PC,LI_R_MD60,Y_GE65,T,AT,2016-01-01,13.2
PC,LI_R_MD60,Y_GE65,T,AT,2017-01-01,12.9
PC,LI_R_MD60,Y_GE65,T,BE,2006-01-01,23.2
PC,LI_R_MD60,Y_GE65,T,BE,2007-01-01,23.0
PC,LI_R_MD60,Y_GE65,T,BE,2008-01-01,21.2
PC,LI_R_MD60,Y_GE65,T,BE,2009-01-01,21.6
PC,LI_R_MD60,Y_GE65,T,BE,2010-01-01,19.4
PC,LI_R_MD60,Y_GE65,T,BE,2011-01-01,20.2
PC,LI_R_MD60,Y_GE65,T,BE,2012-01-01,19.4
PC,LI_R_MD60,Y_GE65,T,BE,2013-01-01,18.4
PC,LI_R_MD60,Y_GE65,T,BE,2014-01-01,16.1
PC,LI_R_MD60,Y_GE65,T,BE,2015-01-01,15.2
PC,LI_R_MD60,Y_GE65,T,BE,2016-01-01,15.4
PC,LI_R_MD60,Y_GE65,T,BE,2017-01-01,16.0
PC,LI_R_MD60,Y_GE65,T,BG,2006-01-01,19.9
PC,LI_R_MD60,Y_GE65,T,BG,2007-01-01,23.9
PC,LI_R_MD60,Y_GE65,T,BG,2008-01-01,33.8
PC,LI_R_MD60,Y_GE65,T,BG,2009-01-01,39.3
PC,LI_R_MD60,Y_GE65,T,BG,2010-01-01,32.2
PC,LI_R_MD60,Y_GE65,T,BG,2011-01-01,31.2
PC,LI_R_MD60,Y_GE65,T,BG,2012-01-01,28.2
PC,LI_R_MD60,Y_GE65,T,BG,2013-01-01,27.9
PC,LI_R_MD60,Y_GE65,T,BG,2014-01-01,22.6
PC,LI_R_MD60,Y_GE65,T,BG,2015-01-01,31.7
PC,LI_R_MD60,Y_GE65,T,BG,2016-01-01,24.3
PC,LI_R_MD60,Y_GE65,T,BG,2017-01-01,32.0
PC,LI_R_MD60,Y_GE65,T,CH,2006-01-01,
PC,LI_R_MD60,Y_GE65,T,CH,2007-01-01,26.1
PC,LI_R_MD60,Y_GE65,T,CH,2008-01-01,27.2
PC,LI_R_MD60,Y_GE65,T,CH,2009-01-01,30.2
PC,LI_R_MD60,Y_GE65,T,CH,2010-01-01,27.6
PC,LI_R_MD60,Y_GE65,T,CH,2011-01-01,28.1
PC,LI_R_MD60,Y_GE65,T,CH,2012-01-01,29.9
PC,LI_R_MD60,Y_GE65,T,CH,2013-01-01,29.5
PC,LI_R_MD60,Y_GE65,T,CH,2014-01-01,25.7
PC,LI_R_MD60,Y_GE65,T,CH,2015-01-01,26.5
PC,LI_R_MD60,Y_GE65,T,CH,2016-01-01,25.2
PC,LI_R_MD60,Y_GE65,T,CH,2017-01-01,
PC,LI_R_MD60,Y_GE65,T,CY,2006-01-01,51.9
PC,LI_R_MD60,Y_GE65,T,CY,2007-01-01,50.6
PC,LI_R_MD60,Y_GE65,T,CY,2008-01-01,46.3
PC,LI_R_MD60,Y_GE65,T,CY,2009-01-01,46.4
PC,LI_R_MD60,Y_GE65,T,CY,2010-01-01,39.9
PC,LI_R_MD60,Y_GE65,T,CY,2011-01-01,35.5
PC,LI_R_MD60,Y_GE65,T,CY,2012-01-01,29.3
PC,LI_R_MD60,Y_GE65,T,CY,2013-01-01,20.1
PC,LI_R_MD60,Y_GE65,T,CY,2014-01-01,22.4
PC,LI_R_MD60,Y_GE65,T,CY,2015-01-01,17.3
PC,LI_R_MD60,Y_GE65,T,CY,2016-01-01,19.5
PC,LI_R_MD60,Y_GE65,T,CY,2017-01-01,21.6
PC,LI_R_MD60,Y_GE65,T,CZ,2006-01-01,5.9
PC,LI_R_MD60,Y_GE65,T,CZ,2007-01-01,5.5
PC,LI_R_MD60,Y_GE65,T,CZ,2008-01-01,7.4
PC,LI_R_MD60,Y_GE65,T,CZ,2009-01-01,7.2
PC,LI_R_MD60,Y_GE65,T,CZ,2010-01-01,6.8
PC,LI_R_MD60,Y_GE65,T,CZ,2011-01-01,6.6
PC,LI_R_MD60,Y_GE65,T,CZ,2012-01-01,6.0
PC,LI_R_MD60,Y_GE65,T,CZ,2013-01-01,5.8
PC,LI_R_MD60,Y_GE65,T,CZ,2014-01-01,7.0
PC,LI_R_MD60,Y_GE65,T,CZ,2015-01-01,7.4
PC,LI_R_MD60,Y_GE65,T,CZ,2016-01-01,8.1
PC,LI_R_MD60,Y_GE65,T,CZ,2017-01-01,10.7
PC,LI_R_MD60,Y_GE65,T,DE,2006-01-01,12.5
PC,LI_R_MD60,Y_GE65,T,DE,2007-01-01,16.2
PC,LI_R_MD60,Y_GE65,T,DE,2008-01-01,14.9
PC,LI_R_MD60,Y_GE65,T,DE,2009-01-01,15.0
PC,LI_R_MD60,Y_GE65,T,DE,2010-01-01,14.1
PC,LI_R_MD60,Y_GE65,T,DE,2011-01-01,14.2
PC,LI_R_MD60,Y_GE65,T,DE,2012-01-01,15.0
PC,LI_R_MD60,Y_GE65,T,DE,2013-01-01,14.9
PC,LI_R_MD60,Y_GE65,T,DE,2014-01-01,16.3
PC,LI_R_MD60,Y_GE65,T,DE,2015-01-01,16.5
PC,LI_R_MD60,Y_GE65,T,DE,2016-01-01,17.6
PC,LI_R_MD60,Y_GE65,T,DE,2017-01-01,17.0
PC,LI_R_MD60,Y_GE65,T,DK,2006-01-01,17.4
PC,LI_R_MD60,Y_GE65,T,DK,2007-01-01,17.7
PC,LI_R_MD60,Y_GE65,T,DK,2008-01-01,18.1
PC,LI_R_MD60,Y_GE65,T,DK,2009-01-01,20.1
PC,LI_R_MD60,Y_GE65,T,DK,2010-01-01,17.7
PC,LI_R_MD60,Y_GE65,T,DK,2011-01-01,13.9
PC,LI_R_MD60,Y_GE65,T,DK,2012-01-01,12.8
PC,LI_R_MD60,Y_GE65,T,DK,2013-01-01,10.1
PC,LI_R_MD60,Y_GE65,T,DK,2014-01-01,9.8
PC,LI_R_MD60,Y_GE65,T,DK,2015-01-01,9.1
PC,LI_R_MD60,Y_GE65,T,DK,2016-01-01,8.5
PC,LI_R_MD60,Y_GE65,T,DK,2017-01-01,8.8
PC,LI_R_MD60,Y_GE65,T,EA18,2006-01-01,18.7
PC,LI_R_MD60,Y_GE65,T,EA18,2007-01-01,19.0
PC,LI_R_MD60,Y_GE65,T,EA18,2008-01-01,18.0
PC,LI_R_MD60,Y_GE65,T,EA18,2009-01-01,17.3
PC,LI_R_MD60,Y_GE65,T,EA18,2010-01-01,15.2
PC,LI_R_MD60,Y_GE65,T,EA18,2011-01-01,15.1
PC,LI_R_MD60,Y_GE65,T,EA18,2012-01-01,14.1
PC,LI_R_MD60,Y_GE65,T,EA18,2013-01-01,13.3
PC,LI_R_MD60,Y_GE65,T,EA18,2014-01-01,13.2
PC,LI_R_MD60,Y_GE65,T,EA18,2015-01-01,13.4
PC,LI_R_MD60,Y_GE65,T,EA18,2016-01-01,14.0
PC,LI_R_MD60,Y_GE65,T,EA18,2017-01-01,14.1
PC,LI_R_MD60,Y_GE65,T,EA19,2006-01-01,18.8
PC,LI_R_MD60,Y_GE65,T,EA19,2007-01-01,19.1
PC,LI_R_MD60,Y_GE65,T,EA19,2008-01-01,18.2
PC,LI_R_MD60,Y_GE65,T,EA19,2009-01-01,17.4
PC,LI_R_MD60,Y_GE65,T,EA19,2010-01-01,15.2
PC,LI_R_MD60,Y_GE65,T,EA19,2011-01-01,15.1
PC,LI_R_MD60,Y_GE65,T,EA19,2012-01-01,14.1
PC,LI_R_MD60,Y_GE65,T,EA19,2013-01-01,13.3
PC,LI_R_MD60,Y_GE65,T,EA19,2014-01-01,13.3
PC,LI_R_MD60,Y_GE65,T,EA19,2015-01-01,13.5
PC,LI_R_MD60,Y_GE65,T,EA19,2016-01-01,14.2
PC,LI_R_MD60,Y_GE65,T,EA19,2017-01-01,14.3
PC,LI_R_MD60,Y_GE65,T,EE,2006-01-01,25.1
PC,LI_R_MD60,Y_GE65,T,EE,2007-01-01,33.2
PC,LI_R_MD60,Y_GE65,T,EE,2008-01-01,39.0
PC,LI_R_MD60,Y_GE65,T,EE,2009-01-01,33.9
PC,LI_R_MD60,Y_GE65,T,EE,2010-01-01,15.1
PC,LI_R_MD60,Y_GE65,T,EE,2011-01-01,13.1
PC,LI_R_MD60,Y_GE65,T,EE,2012-01-01,17.2
PC,LI_R_MD60,Y_GE65,T,EE,2013-01-01,24.4
PC,LI_R_MD60,Y_GE65,T,EE,2014-01-01,32.6
PC,LI_R_MD60,Y_GE65,T,EE,2015-01-01,35.8
PC,LI_R_MD60,Y_GE65,T,EE,2016-01-01,40.2
PC,LI_R_MD60,Y_GE65,T,EE,2017-01-01,41.2
PC,LI_R_MD60,Y_GE65,T,EL,2006-01-01,25.6
PC,LI_R_MD60,Y_GE65,T,EL,2007-01-01,22.9
PC,LI_R_MD60,Y_GE65,T,EL,2008-01-01,22.3
PC,LI_R_MD60,Y_GE65,T,EL,2009-01-01,21.4
PC,LI_R_MD60,Y_GE65,T,EL,2010-01-01,21.3
PC,LI_R_MD60,Y_GE65,T,EL,2011-01-01,23.6
PC,LI_R_MD60,Y_GE65,T,EL,2012-01-01,17.2
PC,LI_R_MD60,Y_GE65,T,EL,2013-01-01,15.1
PC,LI_R_MD60,Y_GE65,T,EL,2014-01-01,14.9
PC,LI_R_MD60,Y_GE65,T,EL,2015-01-01,13.7
PC,LI_R_MD60,Y_GE65,T,EL,2016-01-01,12.4
PC,LI_R_MD60,Y_GE65,T,EL,2017-01-01,12.4
PC,LI_R_MD60,Y_GE65,T,ES,2006-01-01,29.3
PC,LI_R_MD60,Y_GE65,T,ES,2007-01-01,26.1
PC,LI_R_MD60,Y_GE65,T,ES,2008-01-01,25.5
PC,LI_R_MD60,Y_GE65,T,ES,2009-01-01,23.8
PC,LI_R_MD60,Y_GE65,T,ES,2010-01-01,21.8
PC,LI_R_MD60,Y_GE65,T,ES,2011-01-01,19.8
PC,LI_R_MD60,Y_GE65,T,ES,2012-01-01,14.8
PC,LI_R_MD60,Y_GE65,T,ES,2013-01-01,12.7
PC,LI_R_MD60,Y_GE65,T,ES,2014-01-01,11.4
PC,LI_R_MD60,Y_GE65,T,ES,2015-01-01,12.3
PC,LI_R_MD60,Y_GE65,T,ES,2016-01-01,13.0
PC,LI_R_MD60,Y_GE65,T,ES,2017-01-01,14.8
PC,LI_R_MD60,Y_GE65,T,EU27,2006-01-01,18.9
PC,LI_R_MD60,Y_GE65,T,EU27,2007-01-01,19.1
PC,LI_R_MD60,Y_GE65,T,EU27,2008-01-01,18.9
PC,LI_R_MD60,Y_GE65,T,EU27,2009-01-01,17.9
PC,LI_R_MD60,Y_GE65,T,EU27,2010-01-01,15.9
PC,LI_R_MD60,Y_GE65,T,EU27,2011-01-01,15.8
PC,LI_R_MD60,Y_GE65,T,EU27,2012-01-01,14.4
PC,LI_R_MD60,Y_GE65,T,EU27,2013-01-01,13.6
PC,LI_R_MD60,Y_GE65,T,EU27,2014-01-01,13.6
PC,LI_R_MD60,Y_GE65,T,EU27,2015-01-01,14.0
PC,LI_R_MD60,Y_GE65,T,EU27,2016-01-01,14.5
PC,LI_R_MD60,Y_GE65,T,EU27,2017-01-01,14.6
PC,LI_R_MD60,Y_GE65,T,EU28,2006-01-01,
PC,LI_R_MD60,Y_GE65,T,EU28,2007-01-01,
PC,LI_R_MD60,Y_GE65,T,EU28,2008-01-01,
PC,LI_R_MD60,Y_GE65,T,EU28,2009-01-01,
PC,LI_R_MD60,Y_GE65,T,EU28,2010-01-01,16.0
PC,LI_R_MD60,Y_GE65,T,EU28,2011-01-01,15.9
PC,LI_R_MD60,Y_GE65,T,EU28,2012-01-01,14.5
PC,LI_R_MD60,Y_GE65,T,EU28,2013-01-01,13.7
PC,LI_R_MD60,Y_GE65,T,EU28,2014-01-01,13.7
PC,LI_R_MD60,Y_GE65,T,EU28,2015-01-01,14.1
PC,LI_R_MD60,Y_GE65,T,EU28,2016-01-01,14.6
PC,LI_R_MD60,Y_GE65,T,EU28,2017-01-01,14.6
PC,LI_R_MD60,Y_GE65,T,FI,2006-01-01,21.8
PC,LI_R_MD60,Y_GE65,T,FI,2007-01-01,21.6
PC,LI_R_MD60,Y_GE65,T,FI,2008-01-01,22.5
PC,LI_R_MD60,Y_GE65,T,FI,2009-01-01,22.1
PC,LI_R_MD60,Y_GE65,T,FI,2010-01-01,18.3
PC,LI_R_MD60,Y_GE65,T,FI,2011-01-01,18.9
PC,LI_R_MD60,Y_GE65,T,FI,2012-01-01,18.4
PC,LI_R_MD60,Y_GE65,T,FI,2013-01-01,16.1
PC,LI_R_MD60,Y_GE65,T,FI,2014-01-01,16.0
PC,LI_R_MD60,Y_GE65,T,FI,2015-01-01,13.8
PC,LI_R_MD60,Y_GE65,T,FI,2016-01-01,12.3
PC,LI_R_MD60,Y_GE65,T,FI,2017-01-01,12.3
PC,LI_R_MD60,Y_GE65,T,FR,2006-01-01,16.1
PC,LI_R_MD60,Y_GE65,T,FR,2007-01-01,13.1
PC,LI_R_MD60,Y_GE65,T,FR,2008-01-01,11.9
PC,LI_R_MD60,Y_GE65,T,FR,2009-01-01,11.9
PC,LI_R_MD60,Y_GE65,T,FR,2010-01-01,9.4
PC,LI_R_MD60,Y_GE65,T,FR,2011-01-01,9.7
PC,LI_R_MD60,Y_GE65,T,FR,2012-01-01,9.4
PC,LI_R_MD60,Y_GE65,T,FR,2013-01-01,9.1
PC,LI_R_MD60,Y_GE65,T,FR,2014-01-01,8.6
PC,LI_R_MD60,Y_GE65,T,FR,2015-01-01,8.0
PC,LI_R_MD60,Y_GE65,T,FR,2016-01-01,8.2
PC,LI_R_MD60,Y_GE65,T,FR,2017-01-01,7.8
PC,LI_R_MD60,Y_GE65,T,HR,2006-01-01,
PC,LI_R_MD60,Y_GE65,T,HR,2007-01-01,
PC,LI_R_MD60,Y_GE65,T,HR,2008-01-01,
PC,LI_R_MD60,Y_GE65,T,HR,2009-01-01,
PC,LI_R_MD60,Y_GE65,T,HR,2010-01-01,30.5
PC,LI_R_MD60,Y_GE65,T,HR,2011-01-01,29.4
PC,LI_R_MD60,Y_GE65,T,HR,2012-01-01,25.6
PC,LI_R_MD60,Y_GE65,T,HR,2013-01-01,23.4
PC,LI_R_MD60,Y_GE65,T,HR,2014-01-01,23.1
PC,LI_R_MD60,Y_GE65,T,HR,2015-01-01,26.3
PC,LI_R_MD60,Y_GE65,T,HR,2016-01-01,26.5
PC,LI_R_MD60,Y_GE65,T,HR,2017-01-01,
PC,LI_R_MD60,Y_GE65,T,HU,2006-01-01,9.4
PC,LI_R_MD60,Y_GE65,T,HU,2007-01-01,6.1
PC,LI_R_MD60,Y_GE65,T,HU,2008-01-01,4.3
PC,LI_R_MD60,Y_GE65,T,HU,2009-01-01,4.6
PC,LI_R_MD60,Y_GE65,T,HU,2010-01-01,4.1
PC,LI_R_MD60,Y_GE65,T,HU,2011-01-01,4.9
PC,LI_R_MD60,Y_GE65,T,HU,2012-01-01,6.3
PC,LI_R_MD60,Y_GE65,T,HU,2013-01-01,4.6
PC,LI_R_MD60,Y_GE65,T,HU,2014-01-01,4.5
PC,LI_R_MD60,Y_GE65,T,HU,2015-01-01,4.6
PC,LI_R_MD60,Y_GE65,T,HU,2016-01-01,6.8
PC,LI_R_MD60,Y_GE65,T,HU,2017-01-01,9.1
PC,LI_R_MD60,Y_GE65,T,IE,2006-01-01,26.9
PC,LI_R_MD60,Y_GE65,T,IE,2007-01-01,28.3
PC,LI_R_MD60,Y_GE65,T,IE,2008-01-01,21.1
PC,LI_R_MD60,Y_GE65,T,IE,2009-01-01,16.2
PC,LI_R_MD60,Y_GE65,T,IE,2010-01-01,9.9
PC,LI_R_MD60,Y_GE65,T,IE,2011-01-01,11.0
PC,LI_R_MD60,Y_GE65,T,IE,2012-01-01,12.8
PC,LI_R_MD60,Y_GE65,T,IE,2013-01-01,10.6
PC,LI_R_MD60,Y_GE65,T,IE,2014-01-01,11.4
PC,LI_R_MD60,Y_GE65,T,IE,2015-01-01,14.2
PC,LI_R_MD60,Y_GE65,T,IE,2016-01-01,16.0
PC,LI_R_MD60,Y_GE65,T,IE,2017-01-01,
PC,LI_R_MD60,Y_GE65,T,IS,2006-01-01,11.8
PC,LI_R_MD60,Y_GE65,T,IS,2007-01-01,15.1
PC,LI_R_MD60,Y_GE65,T,IS,2008-01-01,15.0
PC,LI_R_MD60,Y_GE65,T,IS,2009-01-01,12.4
PC,LI_R_MD60,Y_GE65,T,IS,2010-01-01,4.9
PC,LI_R_MD60,Y_GE65,T,IS,2011-01-01,4.3
PC,LI_R_MD60,Y_GE65,T,IS,2012-01-01,4.5
PC,LI_R_MD60,Y_GE65,T,IS,2013-01-01,4.0
PC,LI_R_MD60,Y_GE65,T,IS,2014-01-01,6.9
PC,LI_R_MD60,Y_GE65,T,IS,2015-01-01,5.8
PC,LI_R_MD60,Y_GE65,T,IS,2016-01-01,5.9
PC,LI_R_MD60,Y_GE65,T,IS,2017-01-01,
PC,LI_R_MD60,Y_GE65,T,IT,2006-01-01,21.7
PC,LI_R_MD60,Y_GE65,T,IT,2007-01-01,22.2
PC,LI_R_MD60,Y_GE65,T,IT,2008-01-01,20.9
PC,LI_R_MD60,Y_GE65,T,IT,2009-01-01,19.6
PC,LI_R_MD60,Y_GE65,T,IT,2010-01-01,16.7
PC,LI_R_MD60,Y_GE65,T,IT,2011-01-01,17.0
PC,LI_R_MD60,Y_GE65,T,IT,2012-01-01,16.1
PC,LI_R_MD60,Y_GE65,T,IT,2013-01-01,15.0
PC,LI_R_MD60,Y_GE65,T,IT,2014-01-01,14.2
PC,LI_R_MD60,Y_GE65,T,IT,2015-01-01,14.7
PC,LI_R_MD60,Y_GE65,T,IT,2016-01-01,15.3
PC,LI_R_MD60,Y_GE65,T,IT,2017-01-01,15.6
PC,LI_R_MD60,Y_GE65,T,LT,2006-01-01,22.0
PC,LI_R_MD60,Y_GE65,T,LT,2007-01-01,29.8
PC,LI_R_MD60,Y_GE65,T,LT,2008-01-01,31.0
PC,LI_R_MD60,Y_GE65,T,LT,2009-01-01,23.9
PC,LI_R_MD60,Y_GE65,T,LT,2010-01-01,9.6
PC,LI_R_MD60,Y_GE65,T,LT,2011-01-01,9.7
PC,LI_R_MD60,Y_GE65,T,LT,2012-01-01,18.7
PC,LI_R_MD60,Y_GE65,T,LT,2013-01-01,19.4
PC,LI_R_MD60,Y_GE65,T,LT,2014-01-01,20.1
PC,LI_R_MD60,Y_GE65,T,LT,2015-01-01,25.0
PC,LI_R_MD60,Y_GE65,T,LT,2016-01-01,27.7
PC,LI_R_MD60,Y_GE65,T,LT,2017-01-01,33.4
PC,LI_R_MD60,Y_GE65,T,LU,2006-01-01,7.9
PC,LI_R_MD60,Y_GE65,T,LU,2007-01-01,7.2
PC,LI_R_MD60,Y_GE65,T,LU,2008-01-01,5.4
PC,LI_R_MD60,Y_GE65,T,LU,2009-01-01,6.0
PC,LI_R_MD60,Y_GE65,T,LU,2010-01-01,5.9
PC,LI_R_MD60,Y_GE65,T,LU,2011-01-01,4.7
PC,LI_R_MD60,Y_GE65,T,LU,2012-01-01,6.1
PC,LI_R_MD60,Y_GE65,T,LU,2013-01-01,6.2
PC,LI_R_MD60,Y_GE65,T,LU,2014-01-01,6.3
PC,LI_R_MD60,Y_GE65,T,LU,2015-01-01,7.9
PC,LI_R_MD60,Y_GE65,T,LU,2016-01-01,9.0
PC,LI_R_MD60,Y_GE65,T,LU,2017-01-01,11.8
PC,LI_R_MD60,Y_GE65,T,LV,2006-01-01,30.4
PC,LI_R_MD60,Y_GE65,T,LV,2007-01-01,35.6
PC,LI_R_MD60,Y_GE65,T,LV,2008-01-01,52.0
PC,LI_R_MD60,Y_GE65,T,LV,2009-01-01,47.6
PC,LI_R_MD60,Y_GE65,T,LV,2010-01-01,17.2
PC,LI_R_MD60,Y_GE65,T,LV,2011-01-01,9.1
PC,LI_R_MD60,Y_GE65,T,LV,2012-01-01,13.9
PC,LI_R_MD60,Y_GE65,T,LV,2013-01-01,17.6
PC,LI_R_MD60,Y_GE65,T,LV,2014-01-01,27.6
PC,LI_R_MD60,Y_GE65,T,LV,2015-01-01,34.6
PC,LI_R_MD60,Y_GE65,T,LV,2016-01-01,38.1
PC,LI_R_MD60,Y_GE65,T,LV,2017-01-01,39.9
PC,LI_R_MD60,Y_GE65,T,MK,2006-01-01,
PC,LI_R_MD60,Y_GE65,T,MK,2007-01-01,
PC,LI_R_MD60,Y_GE65,T,MK,2008-01-01,
PC,LI_R_MD60,Y_GE65,T,MK,2009-01-01,
PC,LI_R_MD60,Y_GE65,T,MK,2010-01-01,18.5
PC,LI_R_MD60,Y_GE65,T,MK,2011-01-01,21.1
PC,LI_R_MD60,Y_GE65,T,MK,2012-01-01,22.3
PC,LI_R_MD60,Y_GE65,T,MK,2013-01-01,16.5
PC,LI_R_MD60,Y_GE65,T,MK,2014-01-01,14.5
PC,LI_R_MD60,Y_GE65,T,MK,2015-01-01,14.5
PC,LI_R_MD60,Y_GE65,T,MK,2016-01-01,14.5
PC,LI_R_MD60,Y_GE65,T,MK,2017-01-01,
PC,LI_R_MD60,Y_GE65,T,MT,2006-01-01,23.5
PC,LI_R_MD60,Y_GE65,T,MT,2007-01-01,20.3
PC,LI_R_MD60,Y_GE65,T,MT,2008-01-01,24.3
PC,LI_R_MD60,Y_GE65,T,MT,2009-01-01,19.7
PC,LI_R_MD60,Y_GE65,T,MT,2010-01-01,18.2
PC,LI_R_MD60,Y_GE65,T,MT,2011-01-01,17.6
PC,LI_R_MD60,Y_GE65,T,MT,2012-01-01,17.3
PC,LI_R_MD60,Y_GE65,T,MT,2013-01-01,14.9
PC,LI_R_MD60,Y_GE65,T,MT,2014-01-01,16.9
PC,LI_R_MD60,Y_GE65,T,MT,2015-01-01,21.0
PC,LI_R_MD60,Y_GE65,T,MT,2016-01-01,24.2
PC,LI_R_MD60,Y_GE65,T,MT,2017-01-01,25.0
PC,LI_R_MD60,Y_GE65,T,NL,2006-01-01,5.8
PC,LI_R_MD60,Y_GE65,T,NL,2007-01-01,9.5
PC,LI_R_MD60,Y_GE65,T,NL,2008-01-01,9.4
PC,LI_R_MD60,Y_GE65,T,NL,2009-01-01,7.7
PC,LI_R_MD60,Y_GE65,T,NL,2010-01-01,5.9
PC,LI_R_MD60,Y_GE65,T,NL,2011-01-01,6.5
PC,LI_R_MD60,Y_GE65,T,NL,2012-01-01,5.5
PC,LI_R_MD60,Y_GE65,T,NL,2013-01-01,5.5
PC,LI_R_MD60,Y_GE65,T,NL,2014-01-01,5.9
PC,LI_R_MD60,Y_GE65,T,NL,2015-01-01,5.6
PC,LI_R_MD60,Y_GE65,T,NL,2016-01-01,9.0
PC,LI_R_MD60,Y_GE65,T,NL,2017-01-01,10.0
PC,LI_R_MD60,Y_GE65,T,NO,2006-01-01,16.8
PC,LI_R_MD60,Y_GE65,T,NO,2007-01-01,14.1
PC,LI_R_MD60,Y_GE65,T,NO,2008-01-01,14.7
PC,LI_R_MD60,Y_GE65,T,NO,2009-01-01,12.2
PC,LI_R_MD60,Y_GE65,T,NO,2010-01-01,12.0
PC,LI_R_MD60,Y_GE65,T,NO,2011-01-01,11.1
PC,LI_R_MD60,Y_GE65,T,NO,2012-01-01,9.2
PC,LI_R_MD60,Y_GE65,T,NO,2013-01-01,9.7
PC,LI_R_MD60,Y_GE65,T,NO,2014-01-01,9.8
PC,LI_R_MD60,Y_GE65,T,NO,2015-01-01,8.9
PC,LI_R_MD60,Y_GE65,T,NO,2016-01-01,9.0
PC,LI_R_MD60,Y_GE65,T,NO,2017-01-01,8.6
PC,LI_R_MD60,Y_GE65,T,PL,2006-01-01,7.8
PC,LI_R_MD60,Y_GE65,T,PL,2007-01-01,7.8
PC,LI_R_MD60,Y_GE65,T,PL,2008-01-01,11.7
PC,LI_R_MD60,Y_GE65,T,PL,2009-01-01,14.4
PC,LI_R_MD60,Y_GE65,T,PL,2010-01-01,14.2
PC,LI_R_MD60,Y_GE65,T,PL,2011-01-01,14.7
PC,LI_R_MD60,Y_GE65,T,PL,2012-01-01,14.0
PC,LI_R_MD60,Y_GE65,T,PL,2013-01-01,12.3
PC,LI_R_MD60,Y_GE65,T,PL,2014-01-01,11.7
PC,LI_R_MD60,Y_GE65,T,PL,2015-01-01,12.1
PC,LI_R_MD60,Y_GE65,T,PL,2016-01-01,12.8
PC,LI_R_MD60,Y_GE65,T,PL,2017-01-01,13.8
PC,LI_R_MD60,Y_GE65,T,PT,2006-01-01,26.1
PC,LI_R_MD60,Y_GE65,T,PT,2007-01-01,25.5
PC,LI_R_MD60,Y_GE65,T,PT,2008-01-01,22.3
PC,LI_R_MD60,Y_GE65,T,PT,2009-01-01,20.1
PC,LI_R_MD60,Y_GE65,T,PT,2010-01-01,21.0
PC,LI_R_MD60,Y_GE65,T,PT,2011-01-01,20.0
PC,LI_R_MD60,Y_GE65,T,PT,2012-01-01,17.4
PC,LI_R_MD60,Y_GE65,T,PT,2013-01-01,14.6
PC,LI_R_MD60,Y_GE65,T,PT,2014-01-01,15.1
PC,LI_R_MD60,Y_GE65,T,PT,2015-01-01,17.0
PC,LI_R_MD60,Y_GE65,T,PT,2016-01-01,18.3
PC,LI_R_MD60,Y_GE65,T,PT,2017-01-01,17.0
PC,LI_R_MD60,Y_GE65,T,RO,2006-01-01,
PC,LI_R_MD60,Y_GE65,T,RO,2007-01-01,29.4
PC,LI_R_MD60,Y_GE65,T,RO,2008-01-01,26.5
PC,LI_R_MD60,Y_GE65,T,RO,2009-01-01,21.4
PC,LI_R_MD60,Y_GE65,T,RO,2010-01-01,17.6
PC,LI_R_MD60,Y_GE65,T,RO,2011-01-01,14.8
PC,LI_R_MD60,Y_GE65,T,RO,2012-01-01,14.4
PC,LI_R_MD60,Y_GE65,T,RO,2013-01-01,14.5
PC,LI_R_MD60,Y_GE65,T,RO,2014-01-01,15.7
PC,LI_R_MD60,Y_GE65,T,RO,2015-01-01,19.4
PC,LI_R_MD60,Y_GE65,T,RO,2016-01-01,19.1
PC,LI_R_MD60,Y_GE65,T,RO,2017-01-01,20.0
PC,LI_R_MD60,Y_GE65,T,RS,2006-01-01,
PC,LI_R_MD60,Y_GE65,T,RS,2007-01-01,
PC,LI_R_MD60,Y_GE65,T,RS,2008-01-01,
PC,LI_R_MD60,Y_GE65,T,RS,2009-01-01,
PC,LI_R_MD60,Y_GE65,T,RS,2010-01-01,
PC,LI_R_MD60,Y_GE65,T,RS,2011-01-01,
PC,LI_R_MD60,Y_GE65,T,RS,2012-01-01,
PC,LI_R_MD60,Y_GE65,T,RS,2013-01-01,19.4
PC,LI_R_MD60,Y_GE65,T,RS,2014-01-01,20.4
PC,LI_R_MD60,Y_GE65,T,RS,2015-01-01,19.7
PC,LI_R_MD60,Y_GE65,T,RS,2016-01-01,19.1
PC,LI_R_MD60,Y_GE65,T,RS,2017-01-01,
PC,LI_R_MD60,Y_GE65,T,SE,2006-01-01,11.3
PC,LI_R_MD60,Y_GE65,T,SE,2007-01-01,9.9
PC,LI_R_MD60,Y_GE65,T,SE,2008-01-01,15.3
PC,LI_R_MD60,Y_GE65,T,SE,2009-01-01,16.2
PC,LI_R_MD60,Y_GE65,T,SE,2010-01-01,14.2
PC,LI_R_MD60,Y_GE65,T,SE,2011-01-01,15.9
PC,LI_R_MD60,Y_GE65,T,SE,2012-01-01,15.9
PC,LI_R_MD60,Y_GE65,T,SE,2013-01-01,15.0
PC,LI_R_MD60,Y_GE65,T,SE,2014-01-01,13.6
PC,LI_R_MD60,Y_GE65,T,SE,2015-01-01,15.9
PC,LI_R_MD60,Y_GE65,T,SE,2016-01-01,16.8
PC,LI_R_MD60,Y_GE65,T,SE,2017-01-01,15.8
PC,LI_R_MD60,Y_GE65,T,SI,2006-01-01,19.9
PC,LI_R_MD60,Y_GE65,T,SI,2007-01-01,19.4
PC,LI_R_MD60,Y_GE65,T,SI,2008-01-01,21.3
PC,LI_R_MD60,Y_GE65,T,SI,2009-01-01,20.0
PC,LI_R_MD60,Y_GE65,T,SI,2010-01-01,20.2
PC,LI_R_MD60,Y_GE65,T,SI,2011-01-01,20.9
PC,LI_R_MD60,Y_GE65,T,SI,2012-01-01,19.6
PC,LI_R_MD60,Y_GE65,T,SI,2013-01-01,20.5
PC,LI_R_MD60,Y_GE65,T,SI,2014-01-01,17.1
PC,LI_R_MD60,Y_GE65,T,SI,2015-01-01,17.2
PC,LI_R_MD60,Y_GE65,T,SI,2016-01-01,17.6
PC,LI_R_MD60,Y_GE65,T,SI,2017-01-01,16.4
PC,LI_R_MD60,Y_GE65,T,SK,2006-01-01,8.5
PC,LI_R_MD60,Y_GE65,T,SK,2007-01-01,8.5
PC,LI_R_MD60,Y_GE65,T,SK,2008-01-01,9.9
PC,LI_R_MD60,Y_GE65,T,SK,2009-01-01,10.8
PC,LI_R_MD60,Y_GE65,T,SK,2010-01-01,7.7
PC,LI_R_MD60,Y_GE65,T,SK,2011-01-01,6.3
PC,LI_R_MD60,Y_GE65,T,SK,2012-01-01,7.8
PC,LI_R_MD60,Y_GE65,T,SK,2013-01-01,6.0
PC,LI_R_MD60,Y_GE65,T,SK,2014-01-01,6.2
PC,LI_R_MD60,Y_GE65,T,SK,2015-01-01,5.6
PC,LI_R_MD60,Y_GE65,T,SK,2016-01-01,5.7
PC,LI_R_MD60,Y_GE65,T,SK,2017-01-01,6.9
PC,LI_R_MD60,Y_GE65,T,TR,2006-01-01,20.0
PC,LI_R_MD60,Y_GE65,T,TR,2007-01-01,18.4
PC,LI_R_MD60,Y_GE65,T,TR,2008-01-01,18.9
PC,LI_R_MD60,Y_GE65,T,TR,2009-01-01,20.2
PC,LI_R_MD60,Y_GE65,T,TR,2010-01-01,19.3
PC,LI_R_MD60,Y_GE65,T,TR,2011-01-01,19.0
PC,LI_R_MD60,Y_GE65,T,TR,2012-01-01,20.5
PC,LI_R_MD60,Y_GE65,T,TR,2013-01-01,18.4
PC,LI_R_MD60,Y_GE65,T,TR,2014-01-01,19.3
PC,LI_R_MD60,Y_GE65,T,TR,2015-01-01,18.7
PC,LI_R_MD60,Y_GE65,T,TR,2016-01-01,
PC,LI_R_MD60,Y_GE65,T,TR,2017-01-01,
PC,LI_R_MD60,Y_GE65,T,UK,2006-01-01,26.1
PC,LI_R_MD60,Y_GE65,T,UK,2007-01-01,26.5
PC,LI_R_MD60,Y_GE65,T,UK,2008-01-01,27.3
PC,LI_R_MD60,Y_GE65,T,UK,2009-01-01,22.3
PC,LI_R_MD60,Y_GE65,T,UK,2010-01-01,21.3
PC,LI_R_MD60,Y_GE65,T,UK,2011-01-01,21.8
PC,LI_R_MD60,Y_GE65,T,UK,2012-01-01,16.4
PC,LI_R_MD60,Y_GE65,T,UK,2013-01-01,16.6
PC,LI_R_MD60,Y_GE65,T,UK,2014-01-01,17.7
PC,LI_R_MD60,Y_GE65,T,UK,2015-01-01,16.5
PC,LI_R_MD60,Y_GE65,T,UK,2016-01-01,17.1
PC,LI_R_MD60,Y_GE65,T,UK,2017-01-01,
