unit,co_nco,na_item,finpos,sector,geo\time,date,value
MIO_NAC,CO,F4,LIAB,S11,AT,1995-01-01,: 
MIO_NAC,CO,F4,LIAB,S11,AT,1996-01-01,7726.7 
MIO_NAC,CO,F4,LIAB,S11,AT,1997-01-01,4921.2 
MIO_NAC,CO,F4,LIAB,S11,AT,1998-01-01,8346.3 
MIO_NAC,CO,F4,LIAB,S11,AT,1999-01-01,14549.5 
MIO_NAC,CO,F4,LIAB,S11,AT,2000-01-01,16957.1 
MIO_NAC,CO,F4,LIAB,S11,AT,2001-01-01,11728.3 
MIO_NAC,CO,F4,LIAB,S11,AT,2002-01-01,5846.0 
MIO_NAC,CO,F4,LIAB,S11,AT,2003-01-01,6247.2 
MIO_NAC,CO,F4,LIAB,S11,AT,2004-01-01,-548.5 
MIO_NAC,CO,F4,LIAB,S11,AT,2005-01-01,6529.8 
MIO_NAC,CO,F4,LIAB,S11,AT,2006-01-01,6425.8 
MIO_NAC,CO,F4,LIAB,S11,AT,2007-01-01,12503.5 
MIO_NAC,CO,F4,LIAB,S11,AT,2008-01-01,11632.0 
MIO_NAC,CO,F4,LIAB,S11,AT,2009-01-01,-1299.1 
MIO_NAC,CO,F4,LIAB,S11,AT,2010-01-01,-972.6 
MIO_NAC,CO,F4,LIAB,S11,AT,2011-01-01,2198.1 
MIO_NAC,CO,F4,LIAB,S11,AT,2012-01-01,685.7
MIO_NAC,CO,F4,LIAB,S11,AT,2013-01-01,-423.1
MIO_NAC,CO,F4,LIAB,S11,AT,2014-01-01,1787.6
MIO_NAC,CO,F4,LIAB,S11,AT,2015-01-01,3781.4
MIO_NAC,CO,F4,LIAB,S11,AT,2016-01-01,7815.6
MIO_NAC,CO,F4,LIAB,S11,AT,2017-01-01,12098.1 
MIO_NAC,CO,F4,LIAB,S11,BE,1995-01-01,4957.6 
MIO_NAC,CO,F4,LIAB,S11,BE,1996-01-01,7208.0 
MIO_NAC,CO,F4,LIAB,S11,BE,1997-01-01,10961.7 
MIO_NAC,CO,F4,LIAB,S11,BE,1998-01-01,16604.6 
MIO_NAC,CO,F4,LIAB,S11,BE,1999-01-01,17636.9 
MIO_NAC,CO,F4,LIAB,S11,BE,2000-01-01,17860.2 
MIO_NAC,CO,F4,LIAB,S11,BE,2001-01-01,6257.7 
MIO_NAC,CO,F4,LIAB,S11,BE,2002-01-01,9695.2 
MIO_NAC,CO,F4,LIAB,S11,BE,2003-01-01,26572.7 
MIO_NAC,CO,F4,LIAB,S11,BE,2004-01-01,19600.2 
MIO_NAC,CO,F4,LIAB,S11,BE,2005-01-01,5332.0 
MIO_NAC,CO,F4,LIAB,S11,BE,2006-01-01,2245.7 
MIO_NAC,CO,F4,LIAB,S11,BE,2007-01-01,42057.5 
MIO_NAC,CO,F4,LIAB,S11,BE,2008-01-01,44248.9 
MIO_NAC,CO,F4,LIAB,S11,BE,2009-01-01,9063.7 
MIO_NAC,CO,F4,LIAB,S11,BE,2010-01-01,-5849.6 
MIO_NAC,CO,F4,LIAB,S11,BE,2011-01-01,64192.4 
MIO_NAC,CO,F4,LIAB,S11,BE,2012-01-01,42182.2
MIO_NAC,CO,F4,LIAB,S11,BE,2013-01-01,20813.0
MIO_NAC,CO,F4,LIAB,S11,BE,2014-01-01,-24873.9
MIO_NAC,CO,F4,LIAB,S11,BE,2015-01-01,34071.3
MIO_NAC,CO,F4,LIAB,S11,BE,2016-01-01,75796.7
MIO_NAC,CO,F4,LIAB,S11,BE,2017-01-01,-18182.0 
MIO_NAC,CO,F4,LIAB,S11,BG,1995-01-01,0.0 
MIO_NAC,CO,F4,LIAB,S11,BG,1996-01-01,708.0 
MIO_NAC,CO,F4,LIAB,S11,BG,1997-01-01,345.0 
MIO_NAC,CO,F4,LIAB,S11,BG,1998-01-01,547.0 
MIO_NAC,CO,F4,LIAB,S11,BG,1999-01-01,1091.0 
MIO_NAC,CO,F4,LIAB,S11,BG,2000-01-01,2363.0 
MIO_NAC,CO,F4,LIAB,S11,BG,2001-01-01,1467.0 
MIO_NAC,CO,F4,LIAB,S11,BG,2002-01-01,2202.0 
MIO_NAC,CO,F4,LIAB,S11,BG,2003-01-01,2945.0 
MIO_NAC,CO,F4,LIAB,S11,BG,2004-01-01,5614.0 
MIO_NAC,CO,F4,LIAB,S11,BG,2005-01-01,5852.0 
MIO_NAC,CO,F4,LIAB,S11,BG,2006-01-01,11303.0 
MIO_NAC,CO,F4,LIAB,S11,BG,2007-01-01,22001.0 
MIO_NAC,CO,F4,LIAB,S11,BG,2008-01-01,19320.0 
MIO_NAC,CO,F4,LIAB,S11,BG,2009-01-01,2742.0 
MIO_NAC,CO,F4,LIAB,S11,BG,2010-01-01,2928.0 
MIO_NAC,CO,F4,LIAB,S11,BG,2011-01-01,1220.0 
MIO_NAC,CO,F4,LIAB,S11,BG,2012-01-01,2780.0
MIO_NAC,CO,F4,LIAB,S11,BG,2013-01-01,4246.0
MIO_NAC,CO,F4,LIAB,S11,BG,2014-01-01,-1094.0
MIO_NAC,CO,F4,LIAB,S11,BG,2015-01-01,-123.0
MIO_NAC,CO,F4,LIAB,S11,BG,2016-01-01,1699.0
MIO_NAC,CO,F4,LIAB,S11,BG,2017-01-01,4564.0 
MIO_NAC,CO,F4,LIAB,S11,CY,1995-01-01,4277.9 
MIO_NAC,CO,F4,LIAB,S11,CY,1996-01-01,1252.4 
MIO_NAC,CO,F4,LIAB,S11,CY,1997-01-01,1260.2 
MIO_NAC,CO,F4,LIAB,S11,CY,1998-01-01,463.2 
MIO_NAC,CO,F4,LIAB,S11,CY,1999-01-01,515.7 
MIO_NAC,CO,F4,LIAB,S11,CY,2000-01-01,2956.8 
MIO_NAC,CO,F4,LIAB,S11,CY,2001-01-01,-204.9 
MIO_NAC,CO,F4,LIAB,S11,CY,2002-01-01,-1583.3 
MIO_NAC,CO,F4,LIAB,S11,CY,2003-01-01,133.1 
MIO_NAC,CO,F4,LIAB,S11,CY,2004-01-01,84.6 
MIO_NAC,CO,F4,LIAB,S11,CY,2005-01-01,2235.8 
MIO_NAC,CO,F4,LIAB,S11,CY,2006-01-01,747.4 
MIO_NAC,CO,F4,LIAB,S11,CY,2007-01-01,2928.7 
MIO_NAC,CO,F4,LIAB,S11,CY,2008-01-01,3053.6 
MIO_NAC,CO,F4,LIAB,S11,CY,2009-01-01,969.2 
MIO_NAC,CO,F4,LIAB,S11,CY,2010-01-01,737.1 
MIO_NAC,CO,F4,LIAB,S11,CY,2011-01-01,1394.7 
MIO_NAC,CO,F4,LIAB,S11,CY,2012-01-01,2536.6
MIO_NAC,CO,F4,LIAB,S11,CY,2013-01-01,-824.8
MIO_NAC,CO,F4,LIAB,S11,CY,2014-01-01,410.0
MIO_NAC,CO,F4,LIAB,S11,CY,2015-01-01,955.8
MIO_NAC,CO,F4,LIAB,S11,CY,2016-01-01,1923.2
MIO_NAC,CO,F4,LIAB,S11,CY,2017-01-01,1702.9 
MIO_NAC,CO,F4,LIAB,S11,CZ,1995-01-01,119942.0 
MIO_NAC,CO,F4,LIAB,S11,CZ,1996-01-01,173753.0 
MIO_NAC,CO,F4,LIAB,S11,CZ,1997-01-01,212725.0 
MIO_NAC,CO,F4,LIAB,S11,CZ,1998-01-01,-63529.0 
MIO_NAC,CO,F4,LIAB,S11,CZ,1999-01-01,-3658.0 
MIO_NAC,CO,F4,LIAB,S11,CZ,2000-01-01,-28839.0 
MIO_NAC,CO,F4,LIAB,S11,CZ,2001-01-01,-51802.0 
MIO_NAC,CO,F4,LIAB,S11,CZ,2002-01-01,41049.0 
MIO_NAC,CO,F4,LIAB,S11,CZ,2003-01-01,-107295.0 
MIO_NAC,CO,F4,LIAB,S11,CZ,2004-01-01,78767.0 
MIO_NAC,CO,F4,LIAB,S11,CZ,2005-01-01,44081.0 
MIO_NAC,CO,F4,LIAB,S11,CZ,2006-01-01,148926.0 
MIO_NAC,CO,F4,LIAB,S11,CZ,2007-01-01,118391.0 
MIO_NAC,CO,F4,LIAB,S11,CZ,2008-01-01,192532.0 
MIO_NAC,CO,F4,LIAB,S11,CZ,2009-01-01,-105452.0 
MIO_NAC,CO,F4,LIAB,S11,CZ,2010-01-01,25614.0 
MIO_NAC,CO,F4,LIAB,S11,CZ,2011-01-01,14442.0 
MIO_NAC,CO,F4,LIAB,S11,CZ,2012-01-01,83265.0
MIO_NAC,CO,F4,LIAB,S11,CZ,2013-01-01,55040.0
MIO_NAC,CO,F4,LIAB,S11,CZ,2014-01-01,8460.0
MIO_NAC,CO,F4,LIAB,S11,CZ,2015-01-01,-17368.0
MIO_NAC,CO,F4,LIAB,S11,CZ,2016-01-01,69343.0
MIO_NAC,CO,F4,LIAB,S11,CZ,2017-01-01,119920.0 
MIO_NAC,CO,F4,LIAB,S11,DE,1995-01-01,32567.0 
MIO_NAC,CO,F4,LIAB,S11,DE,1996-01-01,49718.0 
MIO_NAC,CO,F4,LIAB,S11,DE,1997-01-01,41557.0 
MIO_NAC,CO,F4,LIAB,S11,DE,1998-01-01,70352.0 
MIO_NAC,CO,F4,LIAB,S11,DE,1999-01-01,94871.0 
MIO_NAC,CO,F4,LIAB,S11,DE,2000-01-01,76153.0 
MIO_NAC,CO,F4,LIAB,S11,DE,2001-01-01,45208.0 
MIO_NAC,CO,F4,LIAB,S11,DE,2002-01-01,-15047.0 
MIO_NAC,CO,F4,LIAB,S11,DE,2003-01-01,-17348.0 
MIO_NAC,CO,F4,LIAB,S11,DE,2004-01-01,-40881.0 
MIO_NAC,CO,F4,LIAB,S11,DE,2005-01-01,-2820.0 
MIO_NAC,CO,F4,LIAB,S11,DE,2006-01-01,24133.0 
MIO_NAC,CO,F4,LIAB,S11,DE,2007-01-01,61731.0 
MIO_NAC,CO,F4,LIAB,S11,DE,2008-01-01,20274.0 
MIO_NAC,CO,F4,LIAB,S11,DE,2009-01-01,-11821.0 
MIO_NAC,CO,F4,LIAB,S11,DE,2010-01-01,-8821.0 
MIO_NAC,CO,F4,LIAB,S11,DE,2011-01-01,23140.0 
MIO_NAC,CO,F4,LIAB,S11,DE,2012-01-01,665.0
MIO_NAC,CO,F4,LIAB,S11,DE,2013-01-01,32120.0
MIO_NAC,CO,F4,LIAB,S11,DE,2014-01-01,-19665.0
MIO_NAC,CO,F4,LIAB,S11,DE,2015-01-01,53393.0
MIO_NAC,CO,F4,LIAB,S11,DE,2016-01-01,44513.0
MIO_NAC,CO,F4,LIAB,S11,DE,2017-01-01,96291.0 
MIO_NAC,CO,F4,LIAB,S11,DK,1995-01-01,-44211.0 
MIO_NAC,CO,F4,LIAB,S11,DK,1996-01-01,24567.0 
MIO_NAC,CO,F4,LIAB,S11,DK,1997-01-01,-18528.0 
MIO_NAC,CO,F4,LIAB,S11,DK,1998-01-01,18502.0 
MIO_NAC,CO,F4,LIAB,S11,DK,1999-01-01,29462.0 
MIO_NAC,CO,F4,LIAB,S11,DK,2000-01-01,186108.0 
MIO_NAC,CO,F4,LIAB,S11,DK,2001-01-01,28985.0 
MIO_NAC,CO,F4,LIAB,S11,DK,2002-01-01,5384.0 
MIO_NAC,CO,F4,LIAB,S11,DK,2003-01-01,46771.0 
MIO_NAC,CO,F4,LIAB,S11,DK,2004-01-01,-36730.0 
MIO_NAC,CO,F4,LIAB,S11,DK,2005-01-01,139035.0 
MIO_NAC,CO,F4,LIAB,S11,DK,2006-01-01,187079.0 
MIO_NAC,CO,F4,LIAB,S11,DK,2007-01-01,96817.0 
MIO_NAC,CO,F4,LIAB,S11,DK,2008-01-01,217145.0 
MIO_NAC,CO,F4,LIAB,S11,DK,2009-01-01,-126376.0 
MIO_NAC,CO,F4,LIAB,S11,DK,2010-01-01,-100943.0 
MIO_NAC,CO,F4,LIAB,S11,DK,2011-01-01,29490.0 
MIO_NAC,CO,F4,LIAB,S11,DK,2012-01-01,105868.0
MIO_NAC,CO,F4,LIAB,S11,DK,2013-01-01,-83155.0
MIO_NAC,CO,F4,LIAB,S11,DK,2014-01-01,-50923.0
MIO_NAC,CO,F4,LIAB,S11,DK,2015-01-01,-28031.0
MIO_NAC,CO,F4,LIAB,S11,DK,2016-01-01,-9006.0
MIO_NAC,CO,F4,LIAB,S11,DK,2017-01-01,-84581.0 
MIO_NAC,CO,F4,LIAB,S11,EE,1995-01-01,201.1 
MIO_NAC,CO,F4,LIAB,S11,EE,1996-01-01,385.3 
MIO_NAC,CO,F4,LIAB,S11,EE,1997-01-01,603.2 
MIO_NAC,CO,F4,LIAB,S11,EE,1998-01-01,606.2 
MIO_NAC,CO,F4,LIAB,S11,EE,1999-01-01,62.6 
MIO_NAC,CO,F4,LIAB,S11,EE,2000-01-01,292.8 
MIO_NAC,CO,F4,LIAB,S11,EE,2001-01-01,750.6 
MIO_NAC,CO,F4,LIAB,S11,EE,2002-01-01,453.7 
MIO_NAC,CO,F4,LIAB,S11,EE,2003-01-01,791.1 
MIO_NAC,CO,F4,LIAB,S11,EE,2004-01-01,886.7 
MIO_NAC,CO,F4,LIAB,S11,EE,2005-01-01,1214.7 
MIO_NAC,CO,F4,LIAB,S11,EE,2006-01-01,2456.4 
MIO_NAC,CO,F4,LIAB,S11,EE,2007-01-01,768.6 
MIO_NAC,CO,F4,LIAB,S11,EE,2008-01-01,1255.6 
MIO_NAC,CO,F4,LIAB,S11,EE,2009-01-01,-485.5 
MIO_NAC,CO,F4,LIAB,S11,EE,2010-01-01,-786.3 
MIO_NAC,CO,F4,LIAB,S11,EE,2011-01-01,-306.0 
MIO_NAC,CO,F4,LIAB,S11,EE,2012-01-01,991.2
MIO_NAC,CO,F4,LIAB,S11,EE,2013-01-01,629.6
MIO_NAC,CO,F4,LIAB,S11,EE,2014-01-01,738.0
MIO_NAC,CO,F4,LIAB,S11,EE,2015-01-01,122.5
MIO_NAC,CO,F4,LIAB,S11,EE,2016-01-01,734.1
MIO_NAC,CO,F4,LIAB,S11,EE,2017-01-01,231.8 
MIO_NAC,CO,F4,LIAB,S11,EL,1995-01-01,2763.1 
MIO_NAC,CO,F4,LIAB,S11,EL,1996-01-01,3149.6 
MIO_NAC,CO,F4,LIAB,S11,EL,1997-01-01,3594.8 
MIO_NAC,CO,F4,LIAB,S11,EL,1998-01-01,5945.7 
MIO_NAC,CO,F4,LIAB,S11,EL,1999-01-01,5744.5 
MIO_NAC,CO,F4,LIAB,S11,EL,2000-01-01,6673.8 
MIO_NAC,CO,F4,LIAB,S11,EL,2001-01-01,9517.4 
MIO_NAC,CO,F4,LIAB,S11,EL,2002-01-01,4944.2 
MIO_NAC,CO,F4,LIAB,S11,EL,2003-01-01,8488.3 
MIO_NAC,CO,F4,LIAB,S11,EL,2004-01-01,6104.8 
MIO_NAC,CO,F4,LIAB,S11,EL,2005-01-01,9459.7 
MIO_NAC,CO,F4,LIAB,S11,EL,2006-01-01,13752.5 
MIO_NAC,CO,F4,LIAB,S11,EL,2007-01-01,13383.8 
MIO_NAC,CO,F4,LIAB,S11,EL,2008-01-01,15320.6 
MIO_NAC,CO,F4,LIAB,S11,EL,2009-01-01,3315.0 
MIO_NAC,CO,F4,LIAB,S11,EL,2010-01-01,9838.3 
MIO_NAC,CO,F4,LIAB,S11,EL,2011-01-01,-7580.5 
MIO_NAC,CO,F4,LIAB,S11,EL,2012-01-01,-5188.6
MIO_NAC,CO,F4,LIAB,S11,EL,2013-01-01,-5498.5
MIO_NAC,CO,F4,LIAB,S11,EL,2014-01-01,-1519.4
MIO_NAC,CO,F4,LIAB,S11,EL,2015-01-01,-1535.4
MIO_NAC,CO,F4,LIAB,S11,EL,2016-01-01,-665.0
MIO_NAC,CO,F4,LIAB,S11,EL,2017-01-01,91.9 
MIO_NAC,CO,F4,LIAB,S11,ES,1995-01-01,7010.0 
MIO_NAC,CO,F4,LIAB,S11,ES,1996-01-01,11881.0 
MIO_NAC,CO,F4,LIAB,S11,ES,1997-01-01,19954.0 
MIO_NAC,CO,F4,LIAB,S11,ES,1998-01-01,34700.0 
MIO_NAC,CO,F4,LIAB,S11,ES,1999-01-01,46369.0 
MIO_NAC,CO,F4,LIAB,S11,ES,2000-01-01,69887.0 
MIO_NAC,CO,F4,LIAB,S11,ES,2001-01-01,66528.0 
MIO_NAC,CO,F4,LIAB,S11,ES,2002-01-01,59612.0 
MIO_NAC,CO,F4,LIAB,S11,ES,2003-01-01,74778.0 
MIO_NAC,CO,F4,LIAB,S11,ES,2004-01-01,75441.0 
MIO_NAC,CO,F4,LIAB,S11,ES,2005-01-01,139819.0 
MIO_NAC,CO,F4,LIAB,S11,ES,2006-01-01,223763.0 
MIO_NAC,CO,F4,LIAB,S11,ES,2007-01-01,186407.0 
MIO_NAC,CO,F4,LIAB,S11,ES,2008-01-01,91002.0 
MIO_NAC,CO,F4,LIAB,S11,ES,2009-01-01,-11029.0 
MIO_NAC,CO,F4,LIAB,S11,ES,2010-01-01,8490.0 
MIO_NAC,CO,F4,LIAB,S11,ES,2011-01-01,-18638.0 
MIO_NAC,CO,F4,LIAB,S11,ES,2012-01-01,-84052.0
MIO_NAC,CO,F4,LIAB,S11,ES,2013-01-01,-68783.0
MIO_NAC,CO,F4,LIAB,S11,ES,2014-01-01,-40913.0
MIO_NAC,CO,F4,LIAB,S11,ES,2015-01-01,-7348.0
MIO_NAC,CO,F4,LIAB,S11,ES,2016-01-01,-5582.0
MIO_NAC,CO,F4,LIAB,S11,ES,2017-01-01,2324.0 
MIO_NAC,CO,F4,LIAB,S11,FI,1995-01-01,-1955.0 
MIO_NAC,CO,F4,LIAB,S11,FI,1996-01-01,575.0 
MIO_NAC,CO,F4,LIAB,S11,FI,1997-01-01,-1258.0 
MIO_NAC,CO,F4,LIAB,S11,FI,1998-01-01,4041.0 
MIO_NAC,CO,F4,LIAB,S11,FI,1999-01-01,7297.0 
MIO_NAC,CO,F4,LIAB,S11,FI,2000-01-01,9092.0 
MIO_NAC,CO,F4,LIAB,S11,FI,2001-01-01,-1618.0 
MIO_NAC,CO,F4,LIAB,S11,FI,2002-01-01,6154.0 
MIO_NAC,CO,F4,LIAB,S11,FI,2003-01-01,730.0 
MIO_NAC,CO,F4,LIAB,S11,FI,2004-01-01,3347.0 
MIO_NAC,CO,F4,LIAB,S11,FI,2005-01-01,8926.0 
MIO_NAC,CO,F4,LIAB,S11,FI,2006-01-01,3703.0 
MIO_NAC,CO,F4,LIAB,S11,FI,2007-01-01,14119.0 
MIO_NAC,CO,F4,LIAB,S11,FI,2008-01-01,27298.0 
MIO_NAC,CO,F4,LIAB,S11,FI,2009-01-01,-8334.0 
MIO_NAC,CO,F4,LIAB,S11,FI,2010-01-01,6392.0 
MIO_NAC,CO,F4,LIAB,S11,FI,2011-01-01,-647.0 
MIO_NAC,CO,F4,LIAB,S11,FI,2012-01-01,-5.0
MIO_NAC,CO,F4,LIAB,S11,FI,2013-01-01,-4141.0
MIO_NAC,CO,F4,LIAB,S11,FI,2014-01-01,4696.0
MIO_NAC,CO,F4,LIAB,S11,FI,2015-01-01,12894.0
MIO_NAC,CO,F4,LIAB,S11,FI,2016-01-01,-3778.0
MIO_NAC,CO,F4,LIAB,S11,FI,2017-01-01,8599.0 
MIO_NAC,CO,F4,LIAB,S11,FR,1995-01-01,0.0 
MIO_NAC,CO,F4,LIAB,S11,FR,1996-01-01,21857.0 
MIO_NAC,CO,F4,LIAB,S11,FR,1997-01-01,22984.0 
MIO_NAC,CO,F4,LIAB,S11,FR,1998-01-01,18897.0 
MIO_NAC,CO,F4,LIAB,S11,FR,1999-01-01,46684.0 
MIO_NAC,CO,F4,LIAB,S11,FR,2000-01-01,75957.0 
MIO_NAC,CO,F4,LIAB,S11,FR,2001-01-01,41946.0 
MIO_NAC,CO,F4,LIAB,S11,FR,2002-01-01,39472.0 
MIO_NAC,CO,F4,LIAB,S11,FR,2003-01-01,8442.0 
MIO_NAC,CO,F4,LIAB,S11,FR,2004-01-01,50510.0 
MIO_NAC,CO,F4,LIAB,S11,FR,2005-01-01,68679.0 
MIO_NAC,CO,F4,LIAB,S11,FR,2006-01-01,86923.0 
MIO_NAC,CO,F4,LIAB,S11,FR,2007-01-01,127144.0 
MIO_NAC,CO,F4,LIAB,S11,FR,2008-01-01,107310.0 
MIO_NAC,CO,F4,LIAB,S11,FR,2009-01-01,-20204.0 
MIO_NAC,CO,F4,LIAB,S11,FR,2010-01-01,11168.0 
MIO_NAC,CO,F4,LIAB,S11,FR,2011-01-01,54964.0 
MIO_NAC,CO,F4,LIAB,S11,FR,2012-01-01,10145.0
MIO_NAC,CO,F4,LIAB,S11,FR,2013-01-01,3534.0
MIO_NAC,CO,F4,LIAB,S11,FR,2014-01-01,2900.0
MIO_NAC,CO,F4,LIAB,S11,FR,2015-01-01,37529.0
MIO_NAC,CO,F4,LIAB,S11,FR,2016-01-01,60120.0
MIO_NAC,CO,F4,LIAB,S11,FR,2017-01-01,65041.0 
MIO_NAC,CO,F4,LIAB,S11,HR,1995-01-01,: 
MIO_NAC,CO,F4,LIAB,S11,HR,1996-01-01,: 
MIO_NAC,CO,F4,LIAB,S11,HR,1997-01-01,: 
MIO_NAC,CO,F4,LIAB,S11,HR,1998-01-01,: 
MIO_NAC,CO,F4,LIAB,S11,HR,1999-01-01,: 
MIO_NAC,CO,F4,LIAB,S11,HR,2000-01-01,: 
MIO_NAC,CO,F4,LIAB,S11,HR,2001-01-01,: 
MIO_NAC,CO,F4,LIAB,S11,HR,2002-01-01,14500.4 
MIO_NAC,CO,F4,LIAB,S11,HR,2003-01-01,13011.4 
MIO_NAC,CO,F4,LIAB,S11,HR,2004-01-01,15760.4 
MIO_NAC,CO,F4,LIAB,S11,HR,2005-01-01,22734.1 
MIO_NAC,CO,F4,LIAB,S11,HR,2006-01-01,32970.5 
MIO_NAC,CO,F4,LIAB,S11,HR,2007-01-01,31370.3 
MIO_NAC,CO,F4,LIAB,S11,HR,2008-01-01,41172.4 
MIO_NAC,CO,F4,LIAB,S11,HR,2009-01-01,10706.9 
MIO_NAC,CO,F4,LIAB,S11,HR,2010-01-01,11918.7 
MIO_NAC,CO,F4,LIAB,S11,HR,2011-01-01,-6264.3 
MIO_NAC,CO,F4,LIAB,S11,HR,2012-01-01,-16677.2
MIO_NAC,CO,F4,LIAB,S11,HR,2013-01-01,351.8
MIO_NAC,CO,F4,LIAB,S11,HR,2014-01-01,4803.4
MIO_NAC,CO,F4,LIAB,S11,HR,2015-01-01,-3410.4
MIO_NAC,CO,F4,LIAB,S11,HR,2016-01-01,-1008.3
MIO_NAC,CO,F4,LIAB,S11,HR,2017-01-01,2540.6 
MIO_NAC,CO,F4,LIAB,S11,HU,1995-01-01,127224.0 
MIO_NAC,CO,F4,LIAB,S11,HU,1996-01-01,500966.0 
MIO_NAC,CO,F4,LIAB,S11,HU,1997-01-01,683167.0 
MIO_NAC,CO,F4,LIAB,S11,HU,1998-01-01,485152.0 
MIO_NAC,CO,F4,LIAB,S11,HU,1999-01-01,762482.0 
MIO_NAC,CO,F4,LIAB,S11,HU,2000-01-01,1331047.0 
MIO_NAC,CO,F4,LIAB,S11,HU,2001-01-01,1136485.0 
MIO_NAC,CO,F4,LIAB,S11,HU,2002-01-01,545204.0 
MIO_NAC,CO,F4,LIAB,S11,HU,2003-01-01,1627661.0 
MIO_NAC,CO,F4,LIAB,S11,HU,2004-01-01,1582424.0 
MIO_NAC,CO,F4,LIAB,S11,HU,2005-01-01,1284522.0 
MIO_NAC,CO,F4,LIAB,S11,HU,2006-01-01,2102383.0 
MIO_NAC,CO,F4,LIAB,S11,HU,2007-01-01,2625094.0 
MIO_NAC,CO,F4,LIAB,S11,HU,2008-01-01,2060793.0 
MIO_NAC,CO,F4,LIAB,S11,HU,2009-01-01,1699033.0 
MIO_NAC,CO,F4,LIAB,S11,HU,2010-01-01,-985036.0 
MIO_NAC,CO,F4,LIAB,S11,HU,2011-01-01,-305961.0 
MIO_NAC,CO,F4,LIAB,S11,HU,2012-01-01,-787504.0
MIO_NAC,CO,F4,LIAB,S11,HU,2013-01-01,172804.0
MIO_NAC,CO,F4,LIAB,S11,HU,2014-01-01,302802.0
MIO_NAC,CO,F4,LIAB,S11,HU,2015-01-01,515583.0
MIO_NAC,CO,F4,LIAB,S11,HU,2016-01-01,-1448693.0
MIO_NAC,CO,F4,LIAB,S11,HU,2017-01-01,359397.0 
MIO_NAC,CO,F4,LIAB,S11,IE,1995-01-01,: 
MIO_NAC,CO,F4,LIAB,S11,IE,1996-01-01,: 
MIO_NAC,CO,F4,LIAB,S11,IE,1997-01-01,: 
MIO_NAC,CO,F4,LIAB,S11,IE,1998-01-01,: 
MIO_NAC,CO,F4,LIAB,S11,IE,1999-01-01,: 
MIO_NAC,CO,F4,LIAB,S11,IE,2000-01-01,: 
MIO_NAC,CO,F4,LIAB,S11,IE,2001-01-01,: 
MIO_NAC,CO,F4,LIAB,S11,IE,2002-01-01,9013.0 
MIO_NAC,CO,F4,LIAB,S11,IE,2003-01-01,-5992.0 
MIO_NAC,CO,F4,LIAB,S11,IE,2004-01-01,13187.0 
MIO_NAC,CO,F4,LIAB,S11,IE,2005-01-01,25340.0 
MIO_NAC,CO,F4,LIAB,S11,IE,2006-01-01,47275.0 
MIO_NAC,CO,F4,LIAB,S11,IE,2007-01-01,23146.0 
MIO_NAC,CO,F4,LIAB,S11,IE,2008-01-01,35369.0 
MIO_NAC,CO,F4,LIAB,S11,IE,2009-01-01,-7974.0 
MIO_NAC,CO,F4,LIAB,S11,IE,2010-01-01,13426.0 
MIO_NAC,CO,F4,LIAB,S11,IE,2011-01-01,36910.0 
MIO_NAC,CO,F4,LIAB,S11,IE,2012-01-01,4787.0
MIO_NAC,CO,F4,LIAB,S11,IE,2013-01-01,1308.0
MIO_NAC,CO,F4,LIAB,S11,IE,2014-01-01,11432.0
MIO_NAC,CO,F4,LIAB,S11,IE,2015-01-01,-2501.0
MIO_NAC,CO,F4,LIAB,S11,IE,2016-01-01,-49348.0
MIO_NAC,CO,F4,LIAB,S11,IE,2017-01-01,-21990.0 
MIO_NAC,CO,F4,LIAB,S11,IT,1995-01-01,29984.0 
MIO_NAC,CO,F4,LIAB,S11,IT,1996-01-01,11347.0 
MIO_NAC,CO,F4,LIAB,S11,IT,1997-01-01,15621.0 
MIO_NAC,CO,F4,LIAB,S11,IT,1998-01-01,22385.0 
MIO_NAC,CO,F4,LIAB,S11,IT,1999-01-01,58379.0 
MIO_NAC,CO,F4,LIAB,S11,IT,2000-01-01,72653.0 
MIO_NAC,CO,F4,LIAB,S11,IT,2001-01-01,56152.0 
MIO_NAC,CO,F4,LIAB,S11,IT,2002-01-01,35257.0 
MIO_NAC,CO,F4,LIAB,S11,IT,2003-01-01,53770.0 
MIO_NAC,CO,F4,LIAB,S11,IT,2004-01-01,43056.0 
MIO_NAC,CO,F4,LIAB,S11,IT,2005-01-01,78591.0 
MIO_NAC,CO,F4,LIAB,S11,IT,2006-01-01,86808.0 
MIO_NAC,CO,F4,LIAB,S11,IT,2007-01-01,121424.0 
MIO_NAC,CO,F4,LIAB,S11,IT,2008-01-01,79779.0 
MIO_NAC,CO,F4,LIAB,S11,IT,2009-01-01,-24366.0 
MIO_NAC,CO,F4,LIAB,S11,IT,2010-01-01,25560.0 
MIO_NAC,CO,F4,LIAB,S11,IT,2011-01-01,23944.0 
MIO_NAC,CO,F4,LIAB,S11,IT,2012-01-01,-18646.0
MIO_NAC,CO,F4,LIAB,S11,IT,2013-01-01,-55250.0
MIO_NAC,CO,F4,LIAB,S11,IT,2014-01-01,-7149.0
MIO_NAC,CO,F4,LIAB,S11,IT,2015-01-01,-19069.0
MIO_NAC,CO,F4,LIAB,S11,IT,2016-01-01,-4211.0
MIO_NAC,CO,F4,LIAB,S11,IT,2017-01-01,-4104.0 
MIO_NAC,CO,F4,LIAB,S11,LT,1995-01-01,395.4 
MIO_NAC,CO,F4,LIAB,S11,LT,1996-01-01,226.4 
MIO_NAC,CO,F4,LIAB,S11,LT,1997-01-01,507.1 
MIO_NAC,CO,F4,LIAB,S11,LT,1998-01-01,623.2 
MIO_NAC,CO,F4,LIAB,S11,LT,1999-01-01,504.9 
MIO_NAC,CO,F4,LIAB,S11,LT,2000-01-01,297.0 
MIO_NAC,CO,F4,LIAB,S11,LT,2001-01-01,95.1 
MIO_NAC,CO,F4,LIAB,S11,LT,2002-01-01,347.8 
MIO_NAC,CO,F4,LIAB,S11,LT,2003-01-01,977.2 
MIO_NAC,CO,F4,LIAB,S11,LT,2004-01-01,937.7 
MIO_NAC,CO,F4,LIAB,S11,LT,2005-01-01,1739.7 
MIO_NAC,CO,F4,LIAB,S11,LT,2006-01-01,2445.2 
MIO_NAC,CO,F4,LIAB,S11,LT,2007-01-01,4430.2 
MIO_NAC,CO,F4,LIAB,S11,LT,2008-01-01,1820.1 
MIO_NAC,CO,F4,LIAB,S11,LT,2009-01-01,-2049.5 
MIO_NAC,CO,F4,LIAB,S11,LT,2010-01-01,-1173.9 
MIO_NAC,CO,F4,LIAB,S11,LT,2011-01-01,-397.3 
MIO_NAC,CO,F4,LIAB,S11,LT,2012-01-01,360.3
MIO_NAC,CO,F4,LIAB,S11,LT,2013-01-01,-183.1
MIO_NAC,CO,F4,LIAB,S11,LT,2014-01-01,-80.6
MIO_NAC,CO,F4,LIAB,S11,LT,2015-01-01,332.6
MIO_NAC,CO,F4,LIAB,S11,LT,2016-01-01,1074.8
MIO_NAC,CO,F4,LIAB,S11,LT,2017-01-01,492.2 
MIO_NAC,CO,F4,LIAB,S11,LU,1995-01-01,: 
MIO_NAC,CO,F4,LIAB,S11,LU,1996-01-01,: 
MIO_NAC,CO,F4,LIAB,S11,LU,1997-01-01,: 
MIO_NAC,CO,F4,LIAB,S11,LU,1998-01-01,: 
MIO_NAC,CO,F4,LIAB,S11,LU,1999-01-01,2374.2 
MIO_NAC,CO,F4,LIAB,S11,LU,2000-01-01,2326.6 
MIO_NAC,CO,F4,LIAB,S11,LU,2001-01-01,6639.0 
MIO_NAC,CO,F4,LIAB,S11,LU,2002-01-01,1893.5 
MIO_NAC,CO,F4,LIAB,S11,LU,2003-01-01,15261.8 
MIO_NAC,CO,F4,LIAB,S11,LU,2004-01-01,-4077.8 
MIO_NAC,CO,F4,LIAB,S11,LU,2005-01-01,-28.5 
MIO_NAC,CO,F4,LIAB,S11,LU,2006-01-01,6625.0 
MIO_NAC,CO,F4,LIAB,S11,LU,2007-01-01,51082.8 
MIO_NAC,CO,F4,LIAB,S11,LU,2008-01-01,-4001.4 
MIO_NAC,CO,F4,LIAB,S11,LU,2009-01-01,-4530.5 
MIO_NAC,CO,F4,LIAB,S11,LU,2010-01-01,-13924.2 
MIO_NAC,CO,F4,LIAB,S11,LU,2011-01-01,6651.2 
MIO_NAC,CO,F4,LIAB,S11,LU,2012-01-01,4895.2
MIO_NAC,CO,F4,LIAB,S11,LU,2013-01-01,11051.2
MIO_NAC,CO,F4,LIAB,S11,LU,2014-01-01,14313.8
MIO_NAC,CO,F4,LIAB,S11,LU,2015-01-01,8492.5
MIO_NAC,CO,F4,LIAB,S11,LU,2016-01-01,3710.2
MIO_NAC,CO,F4,LIAB,S11,LU,2017-01-01,-11044.7 
MIO_NAC,CO,F4,LIAB,S11,LV,1995-01-01,-152.0 
MIO_NAC,CO,F4,LIAB,S11,LV,1996-01-01,167.0 
MIO_NAC,CO,F4,LIAB,S11,LV,1997-01-01,467.0 
MIO_NAC,CO,F4,LIAB,S11,LV,1998-01-01,489.0 
MIO_NAC,CO,F4,LIAB,S11,LV,1999-01-01,160.0 
MIO_NAC,CO,F4,LIAB,S11,LV,2000-01-01,274.0 
MIO_NAC,CO,F4,LIAB,S11,LV,2001-01-01,346.0 
MIO_NAC,CO,F4,LIAB,S11,LV,2002-01-01,495.0 
MIO_NAC,CO,F4,LIAB,S11,LV,2003-01-01,295.0 
MIO_NAC,CO,F4,LIAB,S11,LV,2004-01-01,1186.1 
MIO_NAC,CO,F4,LIAB,S11,LV,2005-01-01,1955.3 
MIO_NAC,CO,F4,LIAB,S11,LV,2006-01-01,2737.8 
MIO_NAC,CO,F4,LIAB,S11,LV,2007-01-01,3664.2 
MIO_NAC,CO,F4,LIAB,S11,LV,2008-01-01,1638.7 
MIO_NAC,CO,F4,LIAB,S11,LV,2009-01-01,-706.4 
MIO_NAC,CO,F4,LIAB,S11,LV,2010-01-01,993.8 
MIO_NAC,CO,F4,LIAB,S11,LV,2011-01-01,147.3 
MIO_NAC,CO,F4,LIAB,S11,LV,2012-01-01,-293.3
MIO_NAC,CO,F4,LIAB,S11,LV,2013-01-01,432.5
MIO_NAC,CO,F4,LIAB,S11,LV,2014-01-01,-2130.6
MIO_NAC,CO,F4,LIAB,S11,LV,2015-01-01,312.0
MIO_NAC,CO,F4,LIAB,S11,LV,2016-01-01,23.0
MIO_NAC,CO,F4,LIAB,S11,LV,2017-01-01,31.0 
MIO_NAC,CO,F4,LIAB,S11,MT,1995-01-01,277.4 e
MIO_NAC,CO,F4,LIAB,S11,MT,1996-01-01,323.6 e
MIO_NAC,CO,F4,LIAB,S11,MT,1997-01-01,256.3 e
MIO_NAC,CO,F4,LIAB,S11,MT,1998-01-01,113.7 e
MIO_NAC,CO,F4,LIAB,S11,MT,1999-01-01,148.9 e
MIO_NAC,CO,F4,LIAB,S11,MT,2000-01-01,197.4 e
MIO_NAC,CO,F4,LIAB,S11,MT,2001-01-01,153.3 e
MIO_NAC,CO,F4,LIAB,S11,MT,2002-01-01,-22.3 e
MIO_NAC,CO,F4,LIAB,S11,MT,2003-01-01,-153.5 e
MIO_NAC,CO,F4,LIAB,S11,MT,2004-01-01,266.4 
MIO_NAC,CO,F4,LIAB,S11,MT,2005-01-01,197.1 
MIO_NAC,CO,F4,LIAB,S11,MT,2006-01-01,-13.5 
MIO_NAC,CO,F4,LIAB,S11,MT,2007-01-01,246.5 
MIO_NAC,CO,F4,LIAB,S11,MT,2008-01-01,545.6 
MIO_NAC,CO,F4,LIAB,S11,MT,2009-01-01,445.5 
MIO_NAC,CO,F4,LIAB,S11,MT,2010-01-01,315.1 
MIO_NAC,CO,F4,LIAB,S11,MT,2011-01-01,108.8 
MIO_NAC,CO,F4,LIAB,S11,MT,2012-01-01,-223.7
MIO_NAC,CO,F4,LIAB,S11,MT,2013-01-01,-9.8
MIO_NAC,CO,F4,LIAB,S11,MT,2014-01-01,215.3
MIO_NAC,CO,F4,LIAB,S11,MT,2015-01-01,87.8
MIO_NAC,CO,F4,LIAB,S11,MT,2016-01-01,820.7
MIO_NAC,CO,F4,LIAB,S11,MT,2017-01-01,631.0 
MIO_NAC,CO,F4,LIAB,S11,NL,1995-01-01,-1348.0 
MIO_NAC,CO,F4,LIAB,S11,NL,1996-01-01,13444.0 
MIO_NAC,CO,F4,LIAB,S11,NL,1997-01-01,9666.0 
MIO_NAC,CO,F4,LIAB,S11,NL,1998-01-01,21878.0 
MIO_NAC,CO,F4,LIAB,S11,NL,1999-01-01,32701.0 
MIO_NAC,CO,F4,LIAB,S11,NL,2000-01-01,22381.0 
MIO_NAC,CO,F4,LIAB,S11,NL,2001-01-01,20087.0 
MIO_NAC,CO,F4,LIAB,S11,NL,2002-01-01,16801.0 
MIO_NAC,CO,F4,LIAB,S11,NL,2003-01-01,22730.0 
MIO_NAC,CO,F4,LIAB,S11,NL,2004-01-01,15288.0 
MIO_NAC,CO,F4,LIAB,S11,NL,2005-01-01,33996.0 
MIO_NAC,CO,F4,LIAB,S11,NL,2006-01-01,20778.0 
MIO_NAC,CO,F4,LIAB,S11,NL,2007-01-01,48066.0 
MIO_NAC,CO,F4,LIAB,S11,NL,2008-01-01,39459.0 
MIO_NAC,CO,F4,LIAB,S11,NL,2009-01-01,21631.0 
MIO_NAC,CO,F4,LIAB,S11,NL,2010-01-01,-3530.0 
MIO_NAC,CO,F4,LIAB,S11,NL,2011-01-01,34953.0 
MIO_NAC,CO,F4,LIAB,S11,NL,2012-01-01,23204.0
MIO_NAC,CO,F4,LIAB,S11,NL,2013-01-01,68339.0
MIO_NAC,CO,F4,LIAB,S11,NL,2014-01-01,32335.0
MIO_NAC,CO,F4,LIAB,S11,NL,2015-01-01,-10201.0
MIO_NAC,CO,F4,LIAB,S11,NL,2016-01-01,-429.0
MIO_NAC,CO,F4,LIAB,S11,NL,2017-01-01,9460.0 p
MIO_NAC,CO,F4,LIAB,S11,PL,1995-01-01,13813.0 
MIO_NAC,CO,F4,LIAB,S11,PL,1996-01-01,18418.0 
MIO_NAC,CO,F4,LIAB,S11,PL,1997-01-01,13738.1 
MIO_NAC,CO,F4,LIAB,S11,PL,1998-01-01,32952.7 
MIO_NAC,CO,F4,LIAB,S11,PL,1999-01-01,15578.9 
MIO_NAC,CO,F4,LIAB,S11,PL,2000-01-01,23224.6 
MIO_NAC,CO,F4,LIAB,S11,PL,2001-01-01,17327.3 
MIO_NAC,CO,F4,LIAB,S11,PL,2002-01-01,4365.7 
MIO_NAC,CO,F4,LIAB,S11,PL,2003-01-01,5559.0 
MIO_NAC,CO,F4,LIAB,S11,PL,2004-01-01,-12996.0 
MIO_NAC,CO,F4,LIAB,S11,PL,2005-01-01,11201.0 
MIO_NAC,CO,F4,LIAB,S11,PL,2006-01-01,52222.0 
MIO_NAC,CO,F4,LIAB,S11,PL,2007-01-01,57007.0 
MIO_NAC,CO,F4,LIAB,S11,PL,2008-01-01,103145.0 
MIO_NAC,CO,F4,LIAB,S11,PL,2009-01-01,9777.0 
MIO_NAC,CO,F4,LIAB,S11,PL,2010-01-01,10094.0 
MIO_NAC,CO,F4,LIAB,S11,PL,2011-01-01,55241.0 
MIO_NAC,CO,F4,LIAB,S11,PL,2012-01-01,41989.0
MIO_NAC,CO,F4,LIAB,S11,PL,2013-01-01,13605.0
MIO_NAC,CO,F4,LIAB,S11,PL,2014-01-01,35936.0
MIO_NAC,CO,F4,LIAB,S11,PL,2015-01-01,36118.0
MIO_NAC,CO,F4,LIAB,S11,PL,2016-01-01,51826.0
MIO_NAC,CO,F4,LIAB,S11,PL,2017-01-01,25065.0 
MIO_NAC,CO,F4,LIAB,S11,PT,1995-01-01,1654.9 
MIO_NAC,CO,F4,LIAB,S11,PT,1996-01-01,3179.5 
MIO_NAC,CO,F4,LIAB,S11,PT,1997-01-01,6965.7 
MIO_NAC,CO,F4,LIAB,S11,PT,1998-01-01,11106.4 
MIO_NAC,CO,F4,LIAB,S11,PT,1999-01-01,9181.1 
MIO_NAC,CO,F4,LIAB,S11,PT,2000-01-01,14932.9 
MIO_NAC,CO,F4,LIAB,S11,PT,2001-01-01,13511.1 
MIO_NAC,CO,F4,LIAB,S11,PT,2002-01-01,4530.4 
MIO_NAC,CO,F4,LIAB,S11,PT,2003-01-01,5716.4 
MIO_NAC,CO,F4,LIAB,S11,PT,2004-01-01,6956.0 
MIO_NAC,CO,F4,LIAB,S11,PT,2005-01-01,3925.2 
MIO_NAC,CO,F4,LIAB,S11,PT,2006-01-01,6839.5 
MIO_NAC,CO,F4,LIAB,S11,PT,2007-01-01,14304.5 
MIO_NAC,CO,F4,LIAB,S11,PT,2008-01-01,17663.8 
MIO_NAC,CO,F4,LIAB,S11,PT,2009-01-01,4765.6 
MIO_NAC,CO,F4,LIAB,S11,PT,2010-01-01,6046.0 
MIO_NAC,CO,F4,LIAB,S11,PT,2011-01-01,2160.9 
MIO_NAC,CO,F4,LIAB,S11,PT,2012-01-01,-1746.2
MIO_NAC,CO,F4,LIAB,S11,PT,2013-01-01,-1245.6
MIO_NAC,CO,F4,LIAB,S11,PT,2014-01-01,-912.4
MIO_NAC,CO,F4,LIAB,S11,PT,2015-01-01,-225.4
MIO_NAC,CO,F4,LIAB,S11,PT,2016-01-01,-616.9
MIO_NAC,CO,F4,LIAB,S11,PT,2017-01-01,-2.5 
MIO_NAC,CO,F4,LIAB,S11,RO,1995-01-01,248.8 e
MIO_NAC,CO,F4,LIAB,S11,RO,1996-01-01,552.8 e
MIO_NAC,CO,F4,LIAB,S11,RO,1997-01-01,1212.9 e
MIO_NAC,CO,F4,LIAB,S11,RO,1998-01-01,2206.3 
MIO_NAC,CO,F4,LIAB,S11,RO,1999-01-01,-1578.5 
MIO_NAC,CO,F4,LIAB,S11,RO,2000-01-01,1833.5 
MIO_NAC,CO,F4,LIAB,S11,RO,2001-01-01,4929.2 
MIO_NAC,CO,F4,LIAB,S11,RO,2002-01-01,9445.7 
MIO_NAC,CO,F4,LIAB,S11,RO,2003-01-01,8671.3 
MIO_NAC,CO,F4,LIAB,S11,RO,2004-01-01,17284.2 
MIO_NAC,CO,F4,LIAB,S11,RO,2005-01-01,21364.7 
MIO_NAC,CO,F4,LIAB,S11,RO,2006-01-01,32100.2 
MIO_NAC,CO,F4,LIAB,S11,RO,2007-01-01,44906.6 
MIO_NAC,CO,F4,LIAB,S11,RO,2008-01-01,44129.0 
MIO_NAC,CO,F4,LIAB,S11,RO,2009-01-01,-4058.2 
MIO_NAC,CO,F4,LIAB,S11,RO,2010-01-01,3441.0 
MIO_NAC,CO,F4,LIAB,S11,RO,2011-01-01,11708.0 
MIO_NAC,CO,F4,LIAB,S11,RO,2012-01-01,2306.5
MIO_NAC,CO,F4,LIAB,S11,RO,2013-01-01,-8384.3
MIO_NAC,CO,F4,LIAB,S11,RO,2014-01-01,-13842.5
MIO_NAC,CO,F4,LIAB,S11,RO,2015-01-01,-4718.1
MIO_NAC,CO,F4,LIAB,S11,RO,2016-01-01,-753.8
MIO_NAC,CO,F4,LIAB,S11,RO,2017-01-01,4498.8 
MIO_NAC,CO,F4,LIAB,S11,SE,1995-01-01,-15700.0 
MIO_NAC,CO,F4,LIAB,S11,SE,1996-01-01,-5379.0 
MIO_NAC,CO,F4,LIAB,S11,SE,1997-01-01,11829.0 
MIO_NAC,CO,F4,LIAB,S11,SE,1998-01-01,127964.0 
MIO_NAC,CO,F4,LIAB,S11,SE,1999-01-01,162207.0 
MIO_NAC,CO,F4,LIAB,S11,SE,2000-01-01,174414.0 
MIO_NAC,CO,F4,LIAB,S11,SE,2001-01-01,207249.0 
MIO_NAC,CO,F4,LIAB,S11,SE,2002-01-01,35125.0 
MIO_NAC,CO,F4,LIAB,S11,SE,2003-01-01,25798.0 
MIO_NAC,CO,F4,LIAB,S11,SE,2004-01-01,72542.0 
MIO_NAC,CO,F4,LIAB,S11,SE,2005-01-01,192656.0 
MIO_NAC,CO,F4,LIAB,S11,SE,2006-01-01,148899.0 
MIO_NAC,CO,F4,LIAB,S11,SE,2007-01-01,422172.0 
MIO_NAC,CO,F4,LIAB,S11,SE,2008-01-01,424292.0 
MIO_NAC,CO,F4,LIAB,S11,SE,2009-01-01,-86633.0 
MIO_NAC,CO,F4,LIAB,S11,SE,2010-01-01,20885.0 
MIO_NAC,CO,F4,LIAB,S11,SE,2011-01-01,79952.0 
MIO_NAC,CO,F4,LIAB,S11,SE,2012-01-01,-88060.0
MIO_NAC,CO,F4,LIAB,S11,SE,2013-01-01,4864.0
MIO_NAC,CO,F4,LIAB,S11,SE,2014-01-01,27235.0
MIO_NAC,CO,F4,LIAB,S11,SE,2015-01-01,53698.0
MIO_NAC,CO,F4,LIAB,S11,SE,2016-01-01,76428.0
MIO_NAC,CO,F4,LIAB,S11,SE,2017-01-01,181252.0 
MIO_NAC,CO,F4,LIAB,S11,SI,1995-01-01,659.0 
MIO_NAC,CO,F4,LIAB,S11,SI,1996-01-01,321.0 
MIO_NAC,CO,F4,LIAB,S11,SI,1997-01-01,636.0 
MIO_NAC,CO,F4,LIAB,S11,SI,1998-01-01,989.0 
MIO_NAC,CO,F4,LIAB,S11,SI,1999-01-01,1337.0 
MIO_NAC,CO,F4,LIAB,S11,SI,2000-01-01,1375.0 
MIO_NAC,CO,F4,LIAB,S11,SI,2001-01-01,1744.0 
MIO_NAC,CO,F4,LIAB,S11,SI,2002-01-01,1333.0 
MIO_NAC,CO,F4,LIAB,S11,SI,2003-01-01,1783.0 
MIO_NAC,CO,F4,LIAB,S11,SI,2004-01-01,1816.0 
MIO_NAC,CO,F4,LIAB,S11,SI,2005-01-01,2464.0 
MIO_NAC,CO,F4,LIAB,S11,SI,2006-01-01,2982.0 
MIO_NAC,CO,F4,LIAB,S11,SI,2007-01-01,5684.0 
MIO_NAC,CO,F4,LIAB,S11,SI,2008-01-01,4878.0 
MIO_NAC,CO,F4,LIAB,S11,SI,2009-01-01,43.0 
MIO_NAC,CO,F4,LIAB,S11,SI,2010-01-01,102.0 
MIO_NAC,CO,F4,LIAB,S11,SI,2011-01-01,87.0 
MIO_NAC,CO,F4,LIAB,S11,SI,2012-01-01,-799.0
MIO_NAC,CO,F4,LIAB,S11,SI,2013-01-01,-1148.0
MIO_NAC,CO,F4,LIAB,S11,SI,2014-01-01,-1929.0
MIO_NAC,CO,F4,LIAB,S11,SI,2015-01-01,-2132.0
MIO_NAC,CO,F4,LIAB,S11,SI,2016-01-01,-511.0
MIO_NAC,CO,F4,LIAB,S11,SI,2017-01-01,-428.0 
MIO_NAC,CO,F4,LIAB,S11,SK,1995-01-01,1505.9 
MIO_NAC,CO,F4,LIAB,S11,SK,1996-01-01,1414.1 
MIO_NAC,CO,F4,LIAB,S11,SK,1997-01-01,1426.3 
MIO_NAC,CO,F4,LIAB,S11,SK,1998-01-01,2265.4 
MIO_NAC,CO,F4,LIAB,S11,SK,1999-01-01,-338.4 
MIO_NAC,CO,F4,LIAB,S11,SK,2000-01-01,-3042.7 
MIO_NAC,CO,F4,LIAB,S11,SK,2001-01-01,1015.8 
MIO_NAC,CO,F4,LIAB,S11,SK,2002-01-01,1791.4 
MIO_NAC,CO,F4,LIAB,S11,SK,2003-01-01,186.8 
MIO_NAC,CO,F4,LIAB,S11,SK,2004-01-01,-765.3 
MIO_NAC,CO,F4,LIAB,S11,SK,2005-01-01,527.1 
MIO_NAC,CO,F4,LIAB,S11,SK,2006-01-01,1441.2 
MIO_NAC,CO,F4,LIAB,S11,SK,2007-01-01,2192.2 
MIO_NAC,CO,F4,LIAB,S11,SK,2008-01-01,3587.6 
MIO_NAC,CO,F4,LIAB,S11,SK,2009-01-01,-968.2 
MIO_NAC,CO,F4,LIAB,S11,SK,2010-01-01,-112.5 
MIO_NAC,CO,F4,LIAB,S11,SK,2011-01-01,414.0 
MIO_NAC,CO,F4,LIAB,S11,SK,2012-01-01,657.5
MIO_NAC,CO,F4,LIAB,S11,SK,2013-01-01,-94.4
MIO_NAC,CO,F4,LIAB,S11,SK,2014-01-01,-282.2
MIO_NAC,CO,F4,LIAB,S11,SK,2015-01-01,3792.1
MIO_NAC,CO,F4,LIAB,S11,SK,2016-01-01,3309.7
MIO_NAC,CO,F4,LIAB,S11,SK,2017-01-01,1156.0 
MIO_NAC,CO,F4,LIAB,S11,UK,1995-01-01,-2978.0 
MIO_NAC,CO,F4,LIAB,S11,UK,1996-01-01,-4274.0 
MIO_NAC,CO,F4,LIAB,S11,UK,1997-01-01,59143.0 
MIO_NAC,CO,F4,LIAB,S11,UK,1998-01-01,21187.0 
MIO_NAC,CO,F4,LIAB,S11,UK,1999-01-01,63901.0 
MIO_NAC,CO,F4,LIAB,S11,UK,2000-01-01,17554.0 
MIO_NAC,CO,F4,LIAB,S11,UK,2001-01-01,71244.0 
MIO_NAC,CO,F4,LIAB,S11,UK,2002-01-01,42040.0 
MIO_NAC,CO,F4,LIAB,S11,UK,2003-01-01,25760.0 
MIO_NAC,CO,F4,LIAB,S11,UK,2004-01-01,59249.0 
MIO_NAC,CO,F4,LIAB,S11,UK,2005-01-01,76123.0 
MIO_NAC,CO,F4,LIAB,S11,UK,2006-01-01,100575.0 
MIO_NAC,CO,F4,LIAB,S11,UK,2007-01-01,142071.0 
MIO_NAC,CO,F4,LIAB,S11,UK,2008-01-01,125735.0 
MIO_NAC,CO,F4,LIAB,S11,UK,2009-01-01,-87965.0 
MIO_NAC,CO,F4,LIAB,S11,UK,2010-01-01,-36121.0 
MIO_NAC,CO,F4,LIAB,S11,UK,2011-01-01,-27664.0 
MIO_NAC,CO,F4,LIAB,S11,UK,2012-01-01,7899.0
MIO_NAC,CO,F4,LIAB,S11,UK,2013-01-01,67751.0
MIO_NAC,CO,F4,LIAB,S11,UK,2014-01-01,68969.0
MIO_NAC,CO,F4,LIAB,S11,UK,2015-01-01,-11858.0
MIO_NAC,CO,F4,LIAB,S11,UK,2016-01-01,124118.0
MIO_NAC,CO,F4,LIAB,S11,UK,2017-01-01,65556.0 
MIO_NAC,CO,F4,LIAB,S14,AT,1995-01-01,: 
MIO_NAC,CO,F4,LIAB,S14,AT,1996-01-01,3760.1 
MIO_NAC,CO,F4,LIAB,S14,AT,1997-01-01,3587.3 
MIO_NAC,CO,F4,LIAB,S14,AT,1998-01-01,2454.3 
MIO_NAC,CO,F4,LIAB,S14,AT,1999-01-01,6221.6 
MIO_NAC,CO,F4,LIAB,S14,AT,2000-01-01,5762.8 
MIO_NAC,CO,F4,LIAB,S14,AT,2001-01-01,5063.7 
MIO_NAC,CO,F4,LIAB,S14,AT,2002-01-01,5455.2 
MIO_NAC,CO,F4,LIAB,S14,AT,2003-01-01,5158.7 
MIO_NAC,CO,F4,LIAB,S14,AT,2004-01-01,7408.8 
MIO_NAC,CO,F4,LIAB,S14,AT,2005-01-01,8205.1 
MIO_NAC,CO,F4,LIAB,S14,AT,2006-01-01,7018.5 
MIO_NAC,CO,F4,LIAB,S14,AT,2007-01-01,5496.7 
MIO_NAC,CO,F4,LIAB,S14,AT,2008-01-01,2772.1 
MIO_NAC,CO,F4,LIAB,S14,AT,2009-01-01,894.9 
MIO_NAC,CO,F4,LIAB,S14,AT,2010-01-01,1083.5 
MIO_NAC,CO,F4,LIAB,S14,AT,2011-01-01,2728.8 
MIO_NAC,CO,F4,LIAB,S14,AT,2012-01-01,328.3
MIO_NAC,CO,F4,LIAB,S14,AT,2013-01-01,1342.7
MIO_NAC,CO,F4,LIAB,S14,AT,2014-01-01,2266.8
MIO_NAC,CO,F4,LIAB,S14,AT,2015-01-01,2749.6
MIO_NAC,CO,F4,LIAB,S14,AT,2016-01-01,2795.3
MIO_NAC,CO,F4,LIAB,S14,AT,2017-01-01,4855.4 
MIO_NAC,CO,F4,LIAB,S14,BE,1995-01-01,: 
MIO_NAC,CO,F4,LIAB,S14,BE,1996-01-01,: 
MIO_NAC,CO,F4,LIAB,S14,BE,1997-01-01,: 
MIO_NAC,CO,F4,LIAB,S14,BE,1998-01-01,: 
MIO_NAC,CO,F4,LIAB,S14,BE,1999-01-01,: 
MIO_NAC,CO,F4,LIAB,S14,BE,2000-01-01,: 
MIO_NAC,CO,F4,LIAB,S14,BE,2001-01-01,: 
MIO_NAC,CO,F4,LIAB,S14,BE,2002-01-01,: 
MIO_NAC,CO,F4,LIAB,S14,BE,2003-01-01,: 
MIO_NAC,CO,F4,LIAB,S14,BE,2004-01-01,: 
MIO_NAC,CO,F4,LIAB,S14,BE,2005-01-01,: 
MIO_NAC,CO,F4,LIAB,S14,BE,2006-01-01,: 
MIO_NAC,CO,F4,LIAB,S14,BE,2007-01-01,: 
MIO_NAC,CO,F4,LIAB,S14,BE,2008-01-01,: 
MIO_NAC,CO,F4,LIAB,S14,BE,2009-01-01,: 
MIO_NAC,CO,F4,LIAB,S14,BE,2010-01-01,: 
MIO_NAC,CO,F4,LIAB,S14,BE,2011-01-01,: 
MIO_NAC,CO,F4,LIAB,S14,BE,2012-01-01,6727.7
MIO_NAC,CO,F4,LIAB,S14,BE,2013-01-01,6932.9
MIO_NAC,CO,F4,LIAB,S14,BE,2014-01-01,10698.8
MIO_NAC,CO,F4,LIAB,S14,BE,2015-01-01,9369.9
MIO_NAC,CO,F4,LIAB,S14,BE,2016-01-01,9912.2
MIO_NAC,CO,F4,LIAB,S14,BE,2017-01-01,12421.1 
MIO_NAC,CO,F4,LIAB,S14,BG,1995-01-01,0.0 
MIO_NAC,CO,F4,LIAB,S14,BG,1996-01-01,-1.0 
MIO_NAC,CO,F4,LIAB,S14,BG,1997-01-01,163.0 
MIO_NAC,CO,F4,LIAB,S14,BG,1998-01-01,309.0 
MIO_NAC,CO,F4,LIAB,S14,BG,1999-01-01,45.0 
MIO_NAC,CO,F4,LIAB,S14,BG,2000-01-01,97.0 
MIO_NAC,CO,F4,LIAB,S14,BG,2001-01-01,332.0 
MIO_NAC,CO,F4,LIAB,S14,BG,2002-01-01,448.0 
MIO_NAC,CO,F4,LIAB,S14,BG,2003-01-01,1105.0 
MIO_NAC,CO,F4,LIAB,S14,BG,2004-01-01,1871.0 
MIO_NAC,CO,F4,LIAB,S14,BG,2005-01-01,2556.0 
MIO_NAC,CO,F4,LIAB,S14,BG,2006-01-01,2273.0 
MIO_NAC,CO,F4,LIAB,S14,BG,2007-01-01,4600.0 
MIO_NAC,CO,F4,LIAB,S14,BG,2008-01-01,4615.0 
MIO_NAC,CO,F4,LIAB,S14,BG,2009-01-01,1116.0 
MIO_NAC,CO,F4,LIAB,S14,BG,2010-01-01,-212.0 
MIO_NAC,CO,F4,LIAB,S14,BG,2011-01-01,-236.0 
MIO_NAC,CO,F4,LIAB,S14,BG,2012-01-01,-179.0
MIO_NAC,CO,F4,LIAB,S14,BG,2013-01-01,-27.0
MIO_NAC,CO,F4,LIAB,S14,BG,2014-01-01,188.0
MIO_NAC,CO,F4,LIAB,S14,BG,2015-01-01,10.0
MIO_NAC,CO,F4,LIAB,S14,BG,2016-01-01,489.0
MIO_NAC,CO,F4,LIAB,S14,BG,2017-01-01,1134.0 
MIO_NAC,CO,F4,LIAB,S14,CY,1995-01-01,1337.0 
MIO_NAC,CO,F4,LIAB,S14,CY,1996-01-01,429.1 
MIO_NAC,CO,F4,LIAB,S14,CY,1997-01-01,1058.0 
MIO_NAC,CO,F4,LIAB,S14,CY,1998-01-01,999.4 
MIO_NAC,CO,F4,LIAB,S14,CY,1999-01-01,1833.4 
MIO_NAC,CO,F4,LIAB,S14,CY,2000-01-01,904.4 
MIO_NAC,CO,F4,LIAB,S14,CY,2001-01-01,308.5 
MIO_NAC,CO,F4,LIAB,S14,CY,2002-01-01,231.6 
MIO_NAC,CO,F4,LIAB,S14,CY,2003-01-01,66.9 
MIO_NAC,CO,F4,LIAB,S14,CY,2004-01-01,1129.5 
MIO_NAC,CO,F4,LIAB,S14,CY,2005-01-01,4238.7 
MIO_NAC,CO,F4,LIAB,S14,CY,2006-01-01,1222.3 
MIO_NAC,CO,F4,LIAB,S14,CY,2007-01-01,2362.5 
MIO_NAC,CO,F4,LIAB,S14,CY,2008-01-01,2599.1 
MIO_NAC,CO,F4,LIAB,S14,CY,2009-01-01,1497.7 
MIO_NAC,CO,F4,LIAB,S14,CY,2010-01-01,2173.2 
MIO_NAC,CO,F4,LIAB,S14,CY,2011-01-01,1081.8 
MIO_NAC,CO,F4,LIAB,S14,CY,2012-01-01,658.0
MIO_NAC,CO,F4,LIAB,S14,CY,2013-01-01,-1649.6
MIO_NAC,CO,F4,LIAB,S14,CY,2014-01-01,-444.2
MIO_NAC,CO,F4,LIAB,S14,CY,2015-01-01,-90.2
MIO_NAC,CO,F4,LIAB,S14,CY,2016-01-01,-51.9
MIO_NAC,CO,F4,LIAB,S14,CY,2017-01-01,-3.0 
MIO_NAC,CO,F4,LIAB,S14,CZ,1995-01-01,1772.0 
MIO_NAC,CO,F4,LIAB,S14,CZ,1996-01-01,-17181.0 
MIO_NAC,CO,F4,LIAB,S14,CZ,1997-01-01,12258.0 
MIO_NAC,CO,F4,LIAB,S14,CZ,1998-01-01,-2633.0 
MIO_NAC,CO,F4,LIAB,S14,CZ,1999-01-01,19617.0 
MIO_NAC,CO,F4,LIAB,S14,CZ,2000-01-01,18089.0 
MIO_NAC,CO,F4,LIAB,S14,CZ,2001-01-01,22636.0 
MIO_NAC,CO,F4,LIAB,S14,CZ,2002-01-01,80104.0 
MIO_NAC,CO,F4,LIAB,S14,CZ,2003-01-01,36177.0 
MIO_NAC,CO,F4,LIAB,S14,CZ,2004-01-01,110912.0 
MIO_NAC,CO,F4,LIAB,S14,CZ,2005-01-01,114364.0 
MIO_NAC,CO,F4,LIAB,S14,CZ,2006-01-01,129666.0 
MIO_NAC,CO,F4,LIAB,S14,CZ,2007-01-01,222257.0 
MIO_NAC,CO,F4,LIAB,S14,CZ,2008-01-01,148129.0 
MIO_NAC,CO,F4,LIAB,S14,CZ,2009-01-01,84048.0 
MIO_NAC,CO,F4,LIAB,S14,CZ,2010-01-01,33523.0 
MIO_NAC,CO,F4,LIAB,S14,CZ,2011-01-01,76837.0 
MIO_NAC,CO,F4,LIAB,S14,CZ,2012-01-01,48726.0
MIO_NAC,CO,F4,LIAB,S14,CZ,2013-01-01,58872.0
MIO_NAC,CO,F4,LIAB,S14,CZ,2014-01-01,23572.0
MIO_NAC,CO,F4,LIAB,S14,CZ,2015-01-01,84624.0
MIO_NAC,CO,F4,LIAB,S14,CZ,2016-01-01,108357.0
MIO_NAC,CO,F4,LIAB,S14,CZ,2017-01-01,45811.0 
MIO_NAC,CO,F4,LIAB,S14,DE,1995-01-01,74956.0 
MIO_NAC,CO,F4,LIAB,S14,DE,1996-01-01,78782.0 
MIO_NAC,CO,F4,LIAB,S14,DE,1997-01-01,62850.0 
MIO_NAC,CO,F4,LIAB,S14,DE,1998-01-01,73216.0 
MIO_NAC,CO,F4,LIAB,S14,DE,1999-01-01,81891.0 
MIO_NAC,CO,F4,LIAB,S14,DE,2000-01-01,44387.0 
MIO_NAC,CO,F4,LIAB,S14,DE,2001-01-01,20839.0 
MIO_NAC,CO,F4,LIAB,S14,DE,2002-01-01,14970.0 
MIO_NAC,CO,F4,LIAB,S14,DE,2003-01-01,17007.0 
MIO_NAC,CO,F4,LIAB,S14,DE,2004-01-01,-387.0 
MIO_NAC,CO,F4,LIAB,S14,DE,2005-01-01,-5365.0 
MIO_NAC,CO,F4,LIAB,S14,DE,2006-01-01,-5134.0 
MIO_NAC,CO,F4,LIAB,S14,DE,2007-01-01,-19961.0 
MIO_NAC,CO,F4,LIAB,S14,DE,2008-01-01,-14793.0 
MIO_NAC,CO,F4,LIAB,S14,DE,2009-01-01,-5697.0 
MIO_NAC,CO,F4,LIAB,S14,DE,2010-01-01,4865.0 
MIO_NAC,CO,F4,LIAB,S14,DE,2011-01-01,11566.0 
MIO_NAC,CO,F4,LIAB,S14,DE,2012-01-01,15649.0
MIO_NAC,CO,F4,LIAB,S14,DE,2013-01-01,12003.0
MIO_NAC,CO,F4,LIAB,S14,DE,2014-01-01,20589.0
MIO_NAC,CO,F4,LIAB,S14,DE,2015-01-01,38195.0
MIO_NAC,CO,F4,LIAB,S14,DE,2016-01-01,47377.0
MIO_NAC,CO,F4,LIAB,S14,DE,2017-01-01,55634.0 
MIO_NAC,CO,F4,LIAB,S14,DK,1995-01-01,50452.0 
MIO_NAC,CO,F4,LIAB,S14,DK,1996-01-01,64830.0 
MIO_NAC,CO,F4,LIAB,S14,DK,1997-01-01,81635.0 
MIO_NAC,CO,F4,LIAB,S14,DK,1998-01-01,92137.0 
MIO_NAC,CO,F4,LIAB,S14,DK,1999-01-01,70683.0 
MIO_NAC,CO,F4,LIAB,S14,DK,2000-01-01,73571.0 
MIO_NAC,CO,F4,LIAB,S14,DK,2001-01-01,92090.0 
MIO_NAC,CO,F4,LIAB,S14,DK,2002-01-01,73577.0 
MIO_NAC,CO,F4,LIAB,S14,DK,2003-01-01,90331.0 
MIO_NAC,CO,F4,LIAB,S14,DK,2004-01-01,134307.0 
MIO_NAC,CO,F4,LIAB,S14,DK,2005-01-01,208114.0 
MIO_NAC,CO,F4,LIAB,S14,DK,2006-01-01,216344.0 
MIO_NAC,CO,F4,LIAB,S14,DK,2007-01-01,211745.0 
MIO_NAC,CO,F4,LIAB,S14,DK,2008-01-01,127657.0 
MIO_NAC,CO,F4,LIAB,S14,DK,2009-01-01,78231.0 
MIO_NAC,CO,F4,LIAB,S14,DK,2010-01-01,44480.0 
MIO_NAC,CO,F4,LIAB,S14,DK,2011-01-01,41674.0 
MIO_NAC,CO,F4,LIAB,S14,DK,2012-01-01,13110.0
MIO_NAC,CO,F4,LIAB,S14,DK,2013-01-01,11095.0
MIO_NAC,CO,F4,LIAB,S14,DK,2014-01-01,45673.0
MIO_NAC,CO,F4,LIAB,S14,DK,2015-01-01,65584.0
MIO_NAC,CO,F4,LIAB,S14,DK,2016-01-01,53201.0
MIO_NAC,CO,F4,LIAB,S14,DK,2017-01-01,53129.0 
MIO_NAC,CO,F4,LIAB,S14,EE,1995-01-01,17.1 
MIO_NAC,CO,F4,LIAB,S14,EE,1996-01-01,71.2 
MIO_NAC,CO,F4,LIAB,S14,EE,1997-01-01,161.0 
MIO_NAC,CO,F4,LIAB,S14,EE,1998-01-01,-140.8 
MIO_NAC,CO,F4,LIAB,S14,EE,1999-01-01,82.6 
MIO_NAC,CO,F4,LIAB,S14,EE,2000-01-01,135.2 
MIO_NAC,CO,F4,LIAB,S14,EE,2001-01-01,222.3 
MIO_NAC,CO,F4,LIAB,S14,EE,2002-01-01,375.6 
MIO_NAC,CO,F4,LIAB,S14,EE,2003-01-01,527.4 
MIO_NAC,CO,F4,LIAB,S14,EE,2004-01-01,635.8 
MIO_NAC,CO,F4,LIAB,S14,EE,2005-01-01,1222.4 
MIO_NAC,CO,F4,LIAB,S14,EE,2006-01-01,2215.6 
MIO_NAC,CO,F4,LIAB,S14,EE,2007-01-01,1139.7 
MIO_NAC,CO,F4,LIAB,S14,EE,2008-01-01,599.4 
MIO_NAC,CO,F4,LIAB,S14,EE,2009-01-01,-296.8 
MIO_NAC,CO,F4,LIAB,S14,EE,2010-01-01,-184.8 
MIO_NAC,CO,F4,LIAB,S14,EE,2011-01-01,-215.8 
MIO_NAC,CO,F4,LIAB,S14,EE,2012-01-01,-5.7
MIO_NAC,CO,F4,LIAB,S14,EE,2013-01-01,54.1
MIO_NAC,CO,F4,LIAB,S14,EE,2014-01-01,233.6
MIO_NAC,CO,F4,LIAB,S14,EE,2015-01-01,413.9
MIO_NAC,CO,F4,LIAB,S14,EE,2016-01-01,555.8
MIO_NAC,CO,F4,LIAB,S14,EE,2017-01-01,586.6 
MIO_NAC,CO,F4,LIAB,S14,EL,1995-01-01,1163.3 
MIO_NAC,CO,F4,LIAB,S14,EL,1996-01-01,1462.7 
MIO_NAC,CO,F4,LIAB,S14,EL,1997-01-01,1586.6 
MIO_NAC,CO,F4,LIAB,S14,EL,1998-01-01,2101.1 
MIO_NAC,CO,F4,LIAB,S14,EL,1999-01-01,2819.2 
MIO_NAC,CO,F4,LIAB,S14,EL,2000-01-01,4135.3 
MIO_NAC,CO,F4,LIAB,S14,EL,2001-01-01,7021.9 
MIO_NAC,CO,F4,LIAB,S14,EL,2002-01-01,8250.9 
MIO_NAC,CO,F4,LIAB,S14,EL,2003-01-01,9300.0 
MIO_NAC,CO,F4,LIAB,S14,EL,2004-01-01,13072.8 
MIO_NAC,CO,F4,LIAB,S14,EL,2005-01-01,15982.7 
MIO_NAC,CO,F4,LIAB,S14,EL,2006-01-01,17957.1 
MIO_NAC,CO,F4,LIAB,S14,EL,2007-01-01,19473.9 
MIO_NAC,CO,F4,LIAB,S14,EL,2008-01-01,13472.4 
MIO_NAC,CO,F4,LIAB,S14,EL,2009-01-01,3473.7 
MIO_NAC,CO,F4,LIAB,S14,EL,2010-01-01,-1498.9 
MIO_NAC,CO,F4,LIAB,S14,EL,2011-01-01,-5658.3 
MIO_NAC,CO,F4,LIAB,S14,EL,2012-01-01,-5051.9
MIO_NAC,CO,F4,LIAB,S14,EL,2013-01-01,-3895.7
MIO_NAC,CO,F4,LIAB,S14,EL,2014-01-01,-3424.5
MIO_NAC,CO,F4,LIAB,S14,EL,2015-01-01,-3469.0
MIO_NAC,CO,F4,LIAB,S14,EL,2016-01-01,-2990.3
MIO_NAC,CO,F4,LIAB,S14,EL,2017-01-01,-1861.4 
MIO_NAC,CO,F4,LIAB,S14,ES,1995-01-01,11794.0 
MIO_NAC,CO,F4,LIAB,S14,ES,1996-01-01,14823.0 
MIO_NAC,CO,F4,LIAB,S14,ES,1997-01-01,22344.0 
MIO_NAC,CO,F4,LIAB,S14,ES,1998-01-01,33508.0 
MIO_NAC,CO,F4,LIAB,S14,ES,1999-01-01,40503.0 
MIO_NAC,CO,F4,LIAB,S14,ES,2000-01-01,43541.0 
MIO_NAC,CO,F4,LIAB,S14,ES,2001-01-01,36643.0 
MIO_NAC,CO,F4,LIAB,S14,ES,2002-01-01,53198.0 
MIO_NAC,CO,F4,LIAB,S14,ES,2003-01-01,71302.0 
MIO_NAC,CO,F4,LIAB,S14,ES,2004-01-01,90506.0 
MIO_NAC,CO,F4,LIAB,S14,ES,2005-01-01,110798.0 
MIO_NAC,CO,F4,LIAB,S14,ES,2006-01-01,126579.0 
MIO_NAC,CO,F4,LIAB,S14,ES,2007-01-01,96648.0 
MIO_NAC,CO,F4,LIAB,S14,ES,2008-01-01,38319.0 
MIO_NAC,CO,F4,LIAB,S14,ES,2009-01-01,-2328.0 
MIO_NAC,CO,F4,LIAB,S14,ES,2010-01-01,1247.0 
MIO_NAC,CO,F4,LIAB,S14,ES,2011-01-01,-22850.0 
MIO_NAC,CO,F4,LIAB,S14,ES,2012-01-01,-35181.0
MIO_NAC,CO,F4,LIAB,S14,ES,2013-01-01,-40428.0
MIO_NAC,CO,F4,LIAB,S14,ES,2014-01-01,-30164.0
MIO_NAC,CO,F4,LIAB,S14,ES,2015-01-01,-16158.0
MIO_NAC,CO,F4,LIAB,S14,ES,2016-01-01,-9270.0
MIO_NAC,CO,F4,LIAB,S14,ES,2017-01-01,-4992.0 
MIO_NAC,CO,F4,LIAB,S14,FI,1995-01-01,-1480.0 
MIO_NAC,CO,F4,LIAB,S14,FI,1996-01-01,-1122.0 
MIO_NAC,CO,F4,LIAB,S14,FI,1997-01-01,463.0 
MIO_NAC,CO,F4,LIAB,S14,FI,1998-01-01,2102.0 
MIO_NAC,CO,F4,LIAB,S14,FI,1999-01-01,3858.0 
MIO_NAC,CO,F4,LIAB,S14,FI,2000-01-01,3538.0 
MIO_NAC,CO,F4,LIAB,S14,FI,2001-01-01,2924.0 
MIO_NAC,CO,F4,LIAB,S14,FI,2002-01-01,4337.0 
MIO_NAC,CO,F4,LIAB,S14,FI,2003-01-01,6254.0 
MIO_NAC,CO,F4,LIAB,S14,FI,2004-01-01,7976.0 
MIO_NAC,CO,F4,LIAB,S14,FI,2005-01-01,10365.0 
MIO_NAC,CO,F4,LIAB,S14,FI,2006-01-01,9507.0 
MIO_NAC,CO,F4,LIAB,S14,FI,2007-01-01,9352.0 
MIO_NAC,CO,F4,LIAB,S14,FI,2008-01-01,6844.0 
MIO_NAC,CO,F4,LIAB,S14,FI,2009-01-01,5541.0 
MIO_NAC,CO,F4,LIAB,S14,FI,2010-01-01,6262.0 
MIO_NAC,CO,F4,LIAB,S14,FI,2011-01-01,6275.0 
MIO_NAC,CO,F4,LIAB,S14,FI,2012-01-01,6355.0
MIO_NAC,CO,F4,LIAB,S14,FI,2013-01-01,3389.0
MIO_NAC,CO,F4,LIAB,S14,FI,2014-01-01,4435.0
MIO_NAC,CO,F4,LIAB,S14,FI,2015-01-01,5311.0
MIO_NAC,CO,F4,LIAB,S14,FI,2016-01-01,5069.0
MIO_NAC,CO,F4,LIAB,S14,FI,2017-01-01,7645.0 
MIO_NAC,CO,F4,LIAB,S14,FR,1995-01-01,0.0 
MIO_NAC,CO,F4,LIAB,S14,FR,1996-01-01,16916.0 
MIO_NAC,CO,F4,LIAB,S14,FR,1997-01-01,20661.0 
MIO_NAC,CO,F4,LIAB,S14,FR,1998-01-01,11459.0 
MIO_NAC,CO,F4,LIAB,S14,FR,1999-01-01,33090.0 
MIO_NAC,CO,F4,LIAB,S14,FR,2000-01-01,28640.0 
MIO_NAC,CO,F4,LIAB,S14,FR,2001-01-01,30586.0 
MIO_NAC,CO,F4,LIAB,S14,FR,2002-01-01,32225.0 
MIO_NAC,CO,F4,LIAB,S14,FR,2003-01-01,43660.0 
MIO_NAC,CO,F4,LIAB,S14,FR,2004-01-01,53033.0 
MIO_NAC,CO,F4,LIAB,S14,FR,2005-01-01,77357.0 
MIO_NAC,CO,F4,LIAB,S14,FR,2006-01-01,80785.0 
MIO_NAC,CO,F4,LIAB,S14,FR,2007-01-01,90790.0 
MIO_NAC,CO,F4,LIAB,S14,FR,2008-01-01,62329.0 
MIO_NAC,CO,F4,LIAB,S14,FR,2009-01-01,32281.0 
MIO_NAC,CO,F4,LIAB,S14,FR,2010-01-01,54915.0 
MIO_NAC,CO,F4,LIAB,S14,FR,2011-01-01,47910.0 
MIO_NAC,CO,F4,LIAB,S14,FR,2012-01-01,26010.0
MIO_NAC,CO,F4,LIAB,S14,FR,2013-01-01,19868.0
MIO_NAC,CO,F4,LIAB,S14,FR,2014-01-01,21696.0
MIO_NAC,CO,F4,LIAB,S14,FR,2015-01-01,37999.0
MIO_NAC,CO,F4,LIAB,S14,FR,2016-01-01,53557.0
MIO_NAC,CO,F4,LIAB,S14,FR,2017-01-01,73303.0 
MIO_NAC,CO,F4,LIAB,S14,HR,1995-01-01,: 
MIO_NAC,CO,F4,LIAB,S14,HR,1996-01-01,: 
MIO_NAC,CO,F4,LIAB,S14,HR,1997-01-01,: 
MIO_NAC,CO,F4,LIAB,S14,HR,1998-01-01,: 
MIO_NAC,CO,F4,LIAB,S14,HR,1999-01-01,: 
MIO_NAC,CO,F4,LIAB,S14,HR,2000-01-01,: 
MIO_NAC,CO,F4,LIAB,S14,HR,2001-01-01,: 
MIO_NAC,CO,F4,LIAB,S14,HR,2002-01-01,13988.7 
MIO_NAC,CO,F4,LIAB,S14,HR,2003-01-01,12759.7 
MIO_NAC,CO,F4,LIAB,S14,HR,2004-01-01,10756.2 
MIO_NAC,CO,F4,LIAB,S14,HR,2005-01-01,13907.3 
MIO_NAC,CO,F4,LIAB,S14,HR,2006-01-01,18446.5 
MIO_NAC,CO,F4,LIAB,S14,HR,2007-01-01,18921.4 
MIO_NAC,CO,F4,LIAB,S14,HR,2008-01-01,14375.0 
MIO_NAC,CO,F4,LIAB,S14,HR,2009-01-01,-3344.1 
MIO_NAC,CO,F4,LIAB,S14,HR,2010-01-01,4116.3 
MIO_NAC,CO,F4,LIAB,S14,HR,2011-01-01,-1997.3 
MIO_NAC,CO,F4,LIAB,S14,HR,2012-01-01,-2056.6
MIO_NAC,CO,F4,LIAB,S14,HR,2013-01-01,-1659.2
MIO_NAC,CO,F4,LIAB,S14,HR,2014-01-01,-575.0
MIO_NAC,CO,F4,LIAB,S14,HR,2015-01-01,-2165.0
MIO_NAC,CO,F4,LIAB,S14,HR,2016-01-01,416.0
MIO_NAC,CO,F4,LIAB,S14,HR,2017-01-01,4566.1 
MIO_NAC,CO,F4,LIAB,S14,HU,1995-01-01,-26700.0 
MIO_NAC,CO,F4,LIAB,S14,HU,1996-01-01,-17891.0 
MIO_NAC,CO,F4,LIAB,S14,HU,1997-01-01,52333.0 
MIO_NAC,CO,F4,LIAB,S14,HU,1998-01-01,13222.0 
MIO_NAC,CO,F4,LIAB,S14,HU,1999-01-01,125649.0 
MIO_NAC,CO,F4,LIAB,S14,HU,2000-01-01,264335.0 
MIO_NAC,CO,F4,LIAB,S14,HU,2001-01-01,425618.0 
MIO_NAC,CO,F4,LIAB,S14,HU,2002-01-01,801205.0 
MIO_NAC,CO,F4,LIAB,S14,HU,2003-01-01,1155846.0 
MIO_NAC,CO,F4,LIAB,S14,HU,2004-01-01,1016190.0 
MIO_NAC,CO,F4,LIAB,S14,HU,2005-01-01,1044209.0 
MIO_NAC,CO,F4,LIAB,S14,HU,2006-01-01,1195451.0 
MIO_NAC,CO,F4,LIAB,S14,HU,2007-01-01,1454883.0 
MIO_NAC,CO,F4,LIAB,S14,HU,2008-01-01,1327680.0 
MIO_NAC,CO,F4,LIAB,S14,HU,2009-01-01,-80631.0 
MIO_NAC,CO,F4,LIAB,S14,HU,2010-01-01,-303662.0 
MIO_NAC,CO,F4,LIAB,S14,HU,2011-01-01,-987817.0 
MIO_NAC,CO,F4,LIAB,S14,HU,2012-01-01,-954962.0
MIO_NAC,CO,F4,LIAB,S14,HU,2013-01-01,-469190.0
MIO_NAC,CO,F4,LIAB,S14,HU,2014-01-01,-328186.0
MIO_NAC,CO,F4,LIAB,S14,HU,2015-01-01,-1165848.0
MIO_NAC,CO,F4,LIAB,S14,HU,2016-01-01,89487.0
MIO_NAC,CO,F4,LIAB,S14,HU,2017-01-01,131028.0 
MIO_NAC,CO,F4,LIAB,S14,IE,1995-01-01,: 
MIO_NAC,CO,F4,LIAB,S14,IE,1996-01-01,: 
MIO_NAC,CO,F4,LIAB,S14,IE,1997-01-01,: 
MIO_NAC,CO,F4,LIAB,S14,IE,1998-01-01,: 
MIO_NAC,CO,F4,LIAB,S14,IE,1999-01-01,: 
MIO_NAC,CO,F4,LIAB,S14,IE,2000-01-01,: 
MIO_NAC,CO,F4,LIAB,S14,IE,2001-01-01,: 
MIO_NAC,CO,F4,LIAB,S14,IE,2002-01-01,: 
MIO_NAC,CO,F4,LIAB,S14,IE,2003-01-01,: 
MIO_NAC,CO,F4,LIAB,S14,IE,2004-01-01,: 
MIO_NAC,CO,F4,LIAB,S14,IE,2005-01-01,: 
MIO_NAC,CO,F4,LIAB,S14,IE,2006-01-01,: 
MIO_NAC,CO,F4,LIAB,S14,IE,2007-01-01,: 
MIO_NAC,CO,F4,LIAB,S14,IE,2008-01-01,: 
MIO_NAC,CO,F4,LIAB,S14,IE,2009-01-01,: 
MIO_NAC,CO,F4,LIAB,S14,IE,2010-01-01,: 
MIO_NAC,CO,F4,LIAB,S14,IE,2011-01-01,: 
MIO_NAC,CO,F4,LIAB,S14,IE,2012-01-01,-7376.0
MIO_NAC,CO,F4,LIAB,S14,IE,2013-01-01,-4645.0
MIO_NAC,CO,F4,LIAB,S14,IE,2014-01-01,-5527.0
MIO_NAC,CO,F4,LIAB,S14,IE,2015-01-01,-4436.0
MIO_NAC,CO,F4,LIAB,S14,IE,2016-01-01,-2684.0
MIO_NAC,CO,F4,LIAB,S14,IE,2017-01-01,-2167.0 
MIO_NAC,CO,F4,LIAB,S14,IT,1995-01-01,16304.0 
MIO_NAC,CO,F4,LIAB,S14,IT,1996-01-01,13369.0 
MIO_NAC,CO,F4,LIAB,S14,IT,1997-01-01,13510.0 
MIO_NAC,CO,F4,LIAB,S14,IT,1998-01-01,15179.0 
MIO_NAC,CO,F4,LIAB,S14,IT,1999-01-01,37101.0 
MIO_NAC,CO,F4,LIAB,S14,IT,2000-01-01,38081.0 
MIO_NAC,CO,F4,LIAB,S14,IT,2001-01-01,34233.0 
MIO_NAC,CO,F4,LIAB,S14,IT,2002-01-01,36148.0 
MIO_NAC,CO,F4,LIAB,S14,IT,2003-01-01,37733.0 
MIO_NAC,CO,F4,LIAB,S14,IT,2004-01-01,53275.0 
MIO_NAC,CO,F4,LIAB,S14,IT,2005-01-01,62185.0 
MIO_NAC,CO,F4,LIAB,S14,IT,2006-01-01,64419.0 
MIO_NAC,CO,F4,LIAB,S14,IT,2007-01-01,63043.0 
MIO_NAC,CO,F4,LIAB,S14,IT,2008-01-01,31408.0 
MIO_NAC,CO,F4,LIAB,S14,IT,2009-01-01,25938.0 
MIO_NAC,CO,F4,LIAB,S14,IT,2010-01-01,32279.0 
MIO_NAC,CO,F4,LIAB,S14,IT,2011-01-01,17399.0 
MIO_NAC,CO,F4,LIAB,S14,IT,2012-01-01,-7069.0
MIO_NAC,CO,F4,LIAB,S14,IT,2013-01-01,-11173.0
MIO_NAC,CO,F4,LIAB,S14,IT,2014-01-01,-5088.0
MIO_NAC,CO,F4,LIAB,S14,IT,2015-01-01,-53.0
MIO_NAC,CO,F4,LIAB,S14,IT,2016-01-01,8868.0
MIO_NAC,CO,F4,LIAB,S14,IT,2017-01-01,18208.0 
MIO_NAC,CO,F4,LIAB,S14,LT,1995-01-01,-5.7 
MIO_NAC,CO,F4,LIAB,S14,LT,1996-01-01,1.8 
MIO_NAC,CO,F4,LIAB,S14,LT,1997-01-01,34.6 
MIO_NAC,CO,F4,LIAB,S14,LT,1998-01-01,59.4 
MIO_NAC,CO,F4,LIAB,S14,LT,1999-01-01,43.8 
MIO_NAC,CO,F4,LIAB,S14,LT,2000-01-01,-19.1 
MIO_NAC,CO,F4,LIAB,S14,LT,2001-01-01,60.1 
MIO_NAC,CO,F4,LIAB,S14,LT,2002-01-01,225.4 
MIO_NAC,CO,F4,LIAB,S14,LT,2003-01-01,244.3 
MIO_NAC,CO,F4,LIAB,S14,LT,2004-01-01,654.3 
MIO_NAC,CO,F4,LIAB,S14,LT,2005-01-01,1244.8 
MIO_NAC,CO,F4,LIAB,S14,LT,2006-01-01,2020.4 
MIO_NAC,CO,F4,LIAB,S14,LT,2007-01-01,2779.5 
MIO_NAC,CO,F4,LIAB,S14,LT,2008-01-01,1567.3 
MIO_NAC,CO,F4,LIAB,S14,LT,2009-01-01,-495.8 
MIO_NAC,CO,F4,LIAB,S14,LT,2010-01-01,-499.7 
MIO_NAC,CO,F4,LIAB,S14,LT,2011-01-01,-284.9 
MIO_NAC,CO,F4,LIAB,S14,LT,2012-01-01,-173.0
MIO_NAC,CO,F4,LIAB,S14,LT,2013-01-01,1.8
MIO_NAC,CO,F4,LIAB,S14,LT,2014-01-01,164.0
MIO_NAC,CO,F4,LIAB,S14,LT,2015-01-01,518.7
MIO_NAC,CO,F4,LIAB,S14,LT,2016-01-01,612.4
MIO_NAC,CO,F4,LIAB,S14,LT,2017-01-01,670.2 
MIO_NAC,CO,F4,LIAB,S14,LU,1995-01-01,: 
MIO_NAC,CO,F4,LIAB,S14,LU,1996-01-01,: 
MIO_NAC,CO,F4,LIAB,S14,LU,1997-01-01,: 
MIO_NAC,CO,F4,LIAB,S14,LU,1998-01-01,: 
MIO_NAC,CO,F4,LIAB,S14,LU,1999-01-01,811.3 
MIO_NAC,CO,F4,LIAB,S14,LU,2000-01-01,28.4 
MIO_NAC,CO,F4,LIAB,S14,LU,2001-01-01,525.4 
MIO_NAC,CO,F4,LIAB,S14,LU,2002-01-01,684.0 
MIO_NAC,CO,F4,LIAB,S14,LU,2003-01-01,1460.8 
MIO_NAC,CO,F4,LIAB,S14,LU,2004-01-01,1109.2 
MIO_NAC,CO,F4,LIAB,S14,LU,2005-01-01,1455.1 
MIO_NAC,CO,F4,LIAB,S14,LU,2006-01-01,1745.1 
MIO_NAC,CO,F4,LIAB,S14,LU,2007-01-01,3519.5 
MIO_NAC,CO,F4,LIAB,S14,LU,2008-01-01,1480.1 
MIO_NAC,CO,F4,LIAB,S14,LU,2009-01-01,880.5 
MIO_NAC,CO,F4,LIAB,S14,LU,2010-01-01,1751.5 
MIO_NAC,CO,F4,LIAB,S14,LU,2011-01-01,1652.0 
MIO_NAC,CO,F4,LIAB,S14,LU,2012-01-01,2057.0
MIO_NAC,CO,F4,LIAB,S14,LU,2013-01-01,1092.6
MIO_NAC,CO,F4,LIAB,S14,LU,2014-01-01,2467.3
MIO_NAC,CO,F4,LIAB,S14,LU,2015-01-01,1597.7
MIO_NAC,CO,F4,LIAB,S14,LU,2016-01-01,2044.2
MIO_NAC,CO,F4,LIAB,S14,LU,2017-01-01,2574.9 
MIO_NAC,CO,F4,LIAB,S14,LV,1995-01-01,-2.0 
MIO_NAC,CO,F4,LIAB,S14,LV,1996-01-01,-1.0 
MIO_NAC,CO,F4,LIAB,S14,LV,1997-01-01,32.0 
MIO_NAC,CO,F4,LIAB,S14,LV,1998-01-01,54.0 
MIO_NAC,CO,F4,LIAB,S14,LV,1999-01-01,46.0 
MIO_NAC,CO,F4,LIAB,S14,LV,2000-01-01,176.0 
MIO_NAC,CO,F4,LIAB,S14,LV,2001-01-01,134.0 
MIO_NAC,CO,F4,LIAB,S14,LV,2002-01-01,304.0 
MIO_NAC,CO,F4,LIAB,S14,LV,2003-01-01,429.0 
MIO_NAC,CO,F4,LIAB,S14,LV,2004-01-01,876.6 
MIO_NAC,CO,F4,LIAB,S14,LV,2005-01-01,1778.0 
MIO_NAC,CO,F4,LIAB,S14,LV,2006-01-01,3001.5 
MIO_NAC,CO,F4,LIAB,S14,LV,2007-01-01,2971.8 
MIO_NAC,CO,F4,LIAB,S14,LV,2008-01-01,622.6 
MIO_NAC,CO,F4,LIAB,S14,LV,2009-01-01,-901.1 
MIO_NAC,CO,F4,LIAB,S14,LV,2010-01-01,-493.1 
MIO_NAC,CO,F4,LIAB,S14,LV,2011-01-01,-595.2 
MIO_NAC,CO,F4,LIAB,S14,LV,2012-01-01,-561.3
MIO_NAC,CO,F4,LIAB,S14,LV,2013-01-01,-238.2
MIO_NAC,CO,F4,LIAB,S14,LV,2014-01-01,-644.0
MIO_NAC,CO,F4,LIAB,S14,LV,2015-01-01,-233.0
MIO_NAC,CO,F4,LIAB,S14,LV,2016-01-01,11.0
MIO_NAC,CO,F4,LIAB,S14,LV,2017-01-01,123.0 
MIO_NAC,CO,F4,LIAB,S14,MT,1995-01-01,44.2 e
MIO_NAC,CO,F4,LIAB,S14,MT,1996-01-01,99.1 e
MIO_NAC,CO,F4,LIAB,S14,MT,1997-01-01,55.6 e
MIO_NAC,CO,F4,LIAB,S14,MT,1998-01-01,88.6 e
MIO_NAC,CO,F4,LIAB,S14,MT,1999-01-01,121.8 e
MIO_NAC,CO,F4,LIAB,S14,MT,2000-01-01,129.8 e
MIO_NAC,CO,F4,LIAB,S14,MT,2001-01-01,172.6 e
MIO_NAC,CO,F4,LIAB,S14,MT,2002-01-01,152.1 e
MIO_NAC,CO,F4,LIAB,S14,MT,2003-01-01,460.7 e
MIO_NAC,CO,F4,LIAB,S14,MT,2004-01-01,235.2 
MIO_NAC,CO,F4,LIAB,S14,MT,2005-01-01,535.8 
MIO_NAC,CO,F4,LIAB,S14,MT,2006-01-01,448.0 
MIO_NAC,CO,F4,LIAB,S14,MT,2007-01-01,191.6 
MIO_NAC,CO,F4,LIAB,S14,MT,2008-01-01,297.1 
MIO_NAC,CO,F4,LIAB,S14,MT,2009-01-01,313.4 
MIO_NAC,CO,F4,LIAB,S14,MT,2010-01-01,197.1 
MIO_NAC,CO,F4,LIAB,S14,MT,2011-01-01,260.6 
MIO_NAC,CO,F4,LIAB,S14,MT,2012-01-01,191.5
MIO_NAC,CO,F4,LIAB,S14,MT,2013-01-01,256.1
MIO_NAC,CO,F4,LIAB,S14,MT,2014-01-01,205.8
MIO_NAC,CO,F4,LIAB,S14,MT,2015-01-01,130.0
MIO_NAC,CO,F4,LIAB,S14,MT,2016-01-01,122.8
MIO_NAC,CO,F4,LIAB,S14,MT,2017-01-01,-307.2 
MIO_NAC,CO,F4,LIAB,S14,NL,1995-01-01,: 
MIO_NAC,CO,F4,LIAB,S14,NL,1996-01-01,: 
MIO_NAC,CO,F4,LIAB,S14,NL,1997-01-01,: 
MIO_NAC,CO,F4,LIAB,S14,NL,1998-01-01,: 
MIO_NAC,CO,F4,LIAB,S14,NL,1999-01-01,: 
MIO_NAC,CO,F4,LIAB,S14,NL,2000-01-01,: 
MIO_NAC,CO,F4,LIAB,S14,NL,2001-01-01,: 
MIO_NAC,CO,F4,LIAB,S14,NL,2002-01-01,: 
MIO_NAC,CO,F4,LIAB,S14,NL,2003-01-01,: 
MIO_NAC,CO,F4,LIAB,S14,NL,2004-01-01,: 
MIO_NAC,CO,F4,LIAB,S14,NL,2005-01-01,: 
MIO_NAC,CO,F4,LIAB,S14,NL,2006-01-01,: 
MIO_NAC,CO,F4,LIAB,S14,NL,2007-01-01,: 
MIO_NAC,CO,F4,LIAB,S14,NL,2008-01-01,: 
MIO_NAC,CO,F4,LIAB,S14,NL,2009-01-01,: 
MIO_NAC,CO,F4,LIAB,S14,NL,2010-01-01,: 
MIO_NAC,CO,F4,LIAB,S14,NL,2011-01-01,: 
MIO_NAC,CO,F4,LIAB,S14,NL,2012-01-01,4252.0
MIO_NAC,CO,F4,LIAB,S14,NL,2013-01-01,-14131.0
MIO_NAC,CO,F4,LIAB,S14,NL,2014-01-01,-4439.0
MIO_NAC,CO,F4,LIAB,S14,NL,2015-01-01,8463.0
MIO_NAC,CO,F4,LIAB,S14,NL,2016-01-01,7496.0
MIO_NAC,CO,F4,LIAB,S14,NL,2017-01-01,9528.0 p
MIO_NAC,CO,F4,LIAB,S14,PL,1995-01-01,2816.0 
MIO_NAC,CO,F4,LIAB,S14,PL,1996-01-01,8065.0 
MIO_NAC,CO,F4,LIAB,S14,PL,1997-01-01,7259.7 
MIO_NAC,CO,F4,LIAB,S14,PL,1998-01-01,14350.4 
MIO_NAC,CO,F4,LIAB,S14,PL,1999-01-01,3150.1 
MIO_NAC,CO,F4,LIAB,S14,PL,2000-01-01,11327.8 
MIO_NAC,CO,F4,LIAB,S14,PL,2001-01-01,7843.1 
MIO_NAC,CO,F4,LIAB,S14,PL,2002-01-01,9061.4 
MIO_NAC,CO,F4,LIAB,S14,PL,2003-01-01,14178.5 
MIO_NAC,CO,F4,LIAB,S14,PL,2004-01-01,19085.0 
MIO_NAC,CO,F4,LIAB,S14,PL,2005-01-01,27016.0 
MIO_NAC,CO,F4,LIAB,S14,PL,2006-01-01,50877.0 
MIO_NAC,CO,F4,LIAB,S14,PL,2007-01-01,80372.0 
MIO_NAC,CO,F4,LIAB,S14,PL,2008-01-01,86989.0 
MIO_NAC,CO,F4,LIAB,S14,PL,2009-01-01,50884.0 
MIO_NAC,CO,F4,LIAB,S14,PL,2010-01-01,39923.0 
MIO_NAC,CO,F4,LIAB,S14,PL,2011-01-01,39121.0 
MIO_NAC,CO,F4,LIAB,S14,PL,2012-01-01,24263.0
MIO_NAC,CO,F4,LIAB,S14,PL,2013-01-01,28842.0
MIO_NAC,CO,F4,LIAB,S14,PL,2014-01-01,26059.0
MIO_NAC,CO,F4,LIAB,S14,PL,2015-01-01,24724.0
MIO_NAC,CO,F4,LIAB,S14,PL,2016-01-01,28273.0
MIO_NAC,CO,F4,LIAB,S14,PL,2017-01-01,34185.0 
MIO_NAC,CO,F4,LIAB,S14,PT,1995-01-01,: 
MIO_NAC,CO,F4,LIAB,S14,PT,1996-01-01,: 
MIO_NAC,CO,F4,LIAB,S14,PT,1997-01-01,: 
MIO_NAC,CO,F4,LIAB,S14,PT,1998-01-01,: 
MIO_NAC,CO,F4,LIAB,S14,PT,1999-01-01,: 
MIO_NAC,CO,F4,LIAB,S14,PT,2000-01-01,: 
MIO_NAC,CO,F4,LIAB,S14,PT,2001-01-01,: 
MIO_NAC,CO,F4,LIAB,S14,PT,2002-01-01,: 
MIO_NAC,CO,F4,LIAB,S14,PT,2003-01-01,: 
MIO_NAC,CO,F4,LIAB,S14,PT,2004-01-01,: 
MIO_NAC,CO,F4,LIAB,S14,PT,2005-01-01,: 
MIO_NAC,CO,F4,LIAB,S14,PT,2006-01-01,: 
MIO_NAC,CO,F4,LIAB,S14,PT,2007-01-01,: 
MIO_NAC,CO,F4,LIAB,S14,PT,2008-01-01,: 
MIO_NAC,CO,F4,LIAB,S14,PT,2009-01-01,: 
MIO_NAC,CO,F4,LIAB,S14,PT,2010-01-01,: 
MIO_NAC,CO,F4,LIAB,S14,PT,2011-01-01,: 
MIO_NAC,CO,F4,LIAB,S14,PT,2012-01-01,-7221.3
MIO_NAC,CO,F4,LIAB,S14,PT,2013-01-01,-5089.2
MIO_NAC,CO,F4,LIAB,S14,PT,2014-01-01,-4838.3
MIO_NAC,CO,F4,LIAB,S14,PT,2015-01-01,-2689.0
MIO_NAC,CO,F4,LIAB,S14,PT,2016-01-01,-2526.6
MIO_NAC,CO,F4,LIAB,S14,PT,2017-01-01,569.0 
MIO_NAC,CO,F4,LIAB,S14,RO,1995-01-01,15.7 e
MIO_NAC,CO,F4,LIAB,S14,RO,1996-01-01,48.2 e
MIO_NAC,CO,F4,LIAB,S14,RO,1997-01-01,118.7 e
MIO_NAC,CO,F4,LIAB,S14,RO,1998-01-01,216.0 
MIO_NAC,CO,F4,LIAB,S14,RO,1999-01-01,-35.9 
MIO_NAC,CO,F4,LIAB,S14,RO,2000-01-01,54.2 
MIO_NAC,CO,F4,LIAB,S14,RO,2001-01-01,325.1 
MIO_NAC,CO,F4,LIAB,S14,RO,2002-01-01,2232.5 
MIO_NAC,CO,F4,LIAB,S14,RO,2003-01-01,6443.1 
MIO_NAC,CO,F4,LIAB,S14,RO,2004-01-01,5455.6 
MIO_NAC,CO,F4,LIAB,S14,RO,2005-01-01,11968.5 
MIO_NAC,CO,F4,LIAB,S14,RO,2006-01-01,20435.5 
MIO_NAC,CO,F4,LIAB,S14,RO,2007-01-01,39866.1 
MIO_NAC,CO,F4,LIAB,S14,RO,2008-01-01,24443.5 
MIO_NAC,CO,F4,LIAB,S14,RO,2009-01-01,-4526.3 
MIO_NAC,CO,F4,LIAB,S14,RO,2010-01-01,1213.8 
MIO_NAC,CO,F4,LIAB,S14,RO,2011-01-01,2009.5 
MIO_NAC,CO,F4,LIAB,S14,RO,2012-01-01,-699.0
MIO_NAC,CO,F4,LIAB,S14,RO,2013-01-01,-782.7
MIO_NAC,CO,F4,LIAB,S14,RO,2014-01-01,-2088.7
MIO_NAC,CO,F4,LIAB,S14,RO,2015-01-01,5866.1
MIO_NAC,CO,F4,LIAB,S14,RO,2016-01-01,5267.1
MIO_NAC,CO,F4,LIAB,S14,RO,2017-01-01,9957.6 
MIO_NAC,CO,F4,LIAB,S14,SE,1995-01-01,-3070.0 
MIO_NAC,CO,F4,LIAB,S14,SE,1996-01-01,20696.0 
MIO_NAC,CO,F4,LIAB,S14,SE,1997-01-01,50186.0 
MIO_NAC,CO,F4,LIAB,S14,SE,1998-01-01,54594.0 
MIO_NAC,CO,F4,LIAB,S14,SE,1999-01-01,81039.0 
MIO_NAC,CO,F4,LIAB,S14,SE,2000-01-01,95993.0 
MIO_NAC,CO,F4,LIAB,S14,SE,2001-01-01,92362.0 
MIO_NAC,CO,F4,LIAB,S14,SE,2002-01-01,99669.0 
MIO_NAC,CO,F4,LIAB,S14,SE,2003-01-01,119449.0 
MIO_NAC,CO,F4,LIAB,S14,SE,2004-01-01,146200.0 
MIO_NAC,CO,F4,LIAB,S14,SE,2005-01-01,175064.0 
MIO_NAC,CO,F4,LIAB,S14,SE,2006-01-01,182151.0 
MIO_NAC,CO,F4,LIAB,S14,SE,2007-01-01,182027.0 
MIO_NAC,CO,F4,LIAB,S14,SE,2008-01-01,177790.0 
MIO_NAC,CO,F4,LIAB,S14,SE,2009-01-01,197781.0 
MIO_NAC,CO,F4,LIAB,S14,SE,2010-01-01,189860.0 
MIO_NAC,CO,F4,LIAB,S14,SE,2011-01-01,139877.0 
MIO_NAC,CO,F4,LIAB,S14,SE,2012-01-01,117415.0
MIO_NAC,CO,F4,LIAB,S14,SE,2013-01-01,136300.0
MIO_NAC,CO,F4,LIAB,S14,SE,2014-01-01,176605.0
MIO_NAC,CO,F4,LIAB,S14,SE,2015-01-01,232810.0
MIO_NAC,CO,F4,LIAB,S14,SE,2016-01-01,240756.0
MIO_NAC,CO,F4,LIAB,S14,SE,2017-01-01,254808.0 
MIO_NAC,CO,F4,LIAB,S14,SI,1995-01-01,: 
MIO_NAC,CO,F4,LIAB,S14,SI,1996-01-01,: 
MIO_NAC,CO,F4,LIAB,S14,SI,1997-01-01,: 
MIO_NAC,CO,F4,LIAB,S14,SI,1998-01-01,: 
MIO_NAC,CO,F4,LIAB,S14,SI,1999-01-01,: 
MIO_NAC,CO,F4,LIAB,S14,SI,2000-01-01,: 
MIO_NAC,CO,F4,LIAB,S14,SI,2001-01-01,: 
MIO_NAC,CO,F4,LIAB,S14,SI,2002-01-01,348.0 
MIO_NAC,CO,F4,LIAB,S14,SI,2003-01-01,370.0 
MIO_NAC,CO,F4,LIAB,S14,SI,2004-01-01,433.0 
MIO_NAC,CO,F4,LIAB,S14,SI,2005-01-01,962.0 
MIO_NAC,CO,F4,LIAB,S14,SI,2006-01-01,1300.0 
MIO_NAC,CO,F4,LIAB,S14,SI,2007-01-01,1816.0 
MIO_NAC,CO,F4,LIAB,S14,SI,2008-01-01,1014.0 
MIO_NAC,CO,F4,LIAB,S14,SI,2009-01-01,645.0 
MIO_NAC,CO,F4,LIAB,S14,SI,2010-01-01,599.0 
MIO_NAC,CO,F4,LIAB,S14,SI,2011-01-01,84.0 
MIO_NAC,CO,F4,LIAB,S14,SI,2012-01-01,-296.0
MIO_NAC,CO,F4,LIAB,S14,SI,2013-01-01,-302.0
MIO_NAC,CO,F4,LIAB,S14,SI,2014-01-01,-97.0
MIO_NAC,CO,F4,LIAB,S14,SI,2015-01-01,84.0
MIO_NAC,CO,F4,LIAB,S14,SI,2016-01-01,439.0
MIO_NAC,CO,F4,LIAB,S14,SI,2017-01-01,694.0 
MIO_NAC,CO,F4,LIAB,S14,SK,1995-01-01,75.3 
MIO_NAC,CO,F4,LIAB,S14,SK,1996-01-01,121.2 
MIO_NAC,CO,F4,LIAB,S14,SK,1997-01-01,169.4 
MIO_NAC,CO,F4,LIAB,S14,SK,1998-01-01,310.5 
MIO_NAC,CO,F4,LIAB,S14,SK,1999-01-01,-6.4 
MIO_NAC,CO,F4,LIAB,S14,SK,2000-01-01,333.0 
MIO_NAC,CO,F4,LIAB,S14,SK,2001-01-01,756.1 
MIO_NAC,CO,F4,LIAB,S14,SK,2002-01-01,944.5 
MIO_NAC,CO,F4,LIAB,S14,SK,2003-01-01,1171.0 
MIO_NAC,CO,F4,LIAB,S14,SK,2004-01-01,1439.7 
MIO_NAC,CO,F4,LIAB,S14,SK,2005-01-01,3105.2 
MIO_NAC,CO,F4,LIAB,S14,SK,2006-01-01,3303.6 
MIO_NAC,CO,F4,LIAB,S14,SK,2007-01-01,3832.3 
MIO_NAC,CO,F4,LIAB,S14,SK,2008-01-01,3820.9 
MIO_NAC,CO,F4,LIAB,S14,SK,2009-01-01,3036.3 
MIO_NAC,CO,F4,LIAB,S14,SK,2010-01-01,1586.8 
MIO_NAC,CO,F4,LIAB,S14,SK,2011-01-01,1833.6 
MIO_NAC,CO,F4,LIAB,S14,SK,2012-01-01,1487.6
MIO_NAC,CO,F4,LIAB,S14,SK,2013-01-01,1686.2
MIO_NAC,CO,F4,LIAB,S14,SK,2014-01-01,2429.7
MIO_NAC,CO,F4,LIAB,S14,SK,2015-01-01,2720.3
MIO_NAC,CO,F4,LIAB,S14,SK,2016-01-01,2881.4
MIO_NAC,CO,F4,LIAB,S14,SK,2017-01-01,2892.3 
MIO_NAC,CO,F4,LIAB,S14,UK,1995-01-01,37987.0 
MIO_NAC,CO,F4,LIAB,S14,UK,1996-01-01,44299.0 
MIO_NAC,CO,F4,LIAB,S14,UK,1997-01-01,36882.0 
MIO_NAC,CO,F4,LIAB,S14,UK,1998-01-01,43100.0 
MIO_NAC,CO,F4,LIAB,S14,UK,1999-01-01,52342.0 
MIO_NAC,CO,F4,LIAB,S14,UK,2000-01-01,53857.0 
MIO_NAC,CO,F4,LIAB,S14,UK,2001-01-01,73575.0 
MIO_NAC,CO,F4,LIAB,S14,UK,2002-01-01,105798.0 
MIO_NAC,CO,F4,LIAB,S14,UK,2003-01-01,124502.0 
MIO_NAC,CO,F4,LIAB,S14,UK,2004-01-01,129410.0 
MIO_NAC,CO,F4,LIAB,S14,UK,2005-01-01,103101.0 
MIO_NAC,CO,F4,LIAB,S14,UK,2006-01-01,118914.0 
MIO_NAC,CO,F4,LIAB,S14,UK,2007-01-01,122312.0 
MIO_NAC,CO,F4,LIAB,S14,UK,2008-01-01,49508.0 
MIO_NAC,CO,F4,LIAB,S14,UK,2009-01-01,4062.0 
MIO_NAC,CO,F4,LIAB,S14,UK,2010-01-01,9572.0 
MIO_NAC,CO,F4,LIAB,S14,UK,2011-01-01,18428.0 
MIO_NAC,CO,F4,LIAB,S14,UK,2012-01-01,14977.0
MIO_NAC,CO,F4,LIAB,S14,UK,2013-01-01,28255.0
MIO_NAC,CO,F4,LIAB,S14,UK,2014-01-01,42114.0
MIO_NAC,CO,F4,LIAB,S14,UK,2015-01-01,48106.0
MIO_NAC,CO,F4,LIAB,S14,UK,2016-01-01,72759.0
MIO_NAC,CO,F4,LIAB,S14,UK,2017-01-01,74537.0 
MIO_NAC,CO,F4,LIAB,S15,AT,1995-01-01,: 
MIO_NAC,CO,F4,LIAB,S15,AT,1996-01-01,44.0 
MIO_NAC,CO,F4,LIAB,S15,AT,1997-01-01,47.1 
MIO_NAC,CO,F4,LIAB,S15,AT,1998-01-01,55.4 
MIO_NAC,CO,F4,LIAB,S15,AT,1999-01-01,64.3 
MIO_NAC,CO,F4,LIAB,S15,AT,2000-01-01,179.3 
MIO_NAC,CO,F4,LIAB,S15,AT,2001-01-01,17.7 
MIO_NAC,CO,F4,LIAB,S15,AT,2002-01-01,-3.2 
MIO_NAC,CO,F4,LIAB,S15,AT,2003-01-01,38.9 
MIO_NAC,CO,F4,LIAB,S15,AT,2004-01-01,260.2 
MIO_NAC,CO,F4,LIAB,S15,AT,2005-01-01,-135.1 
MIO_NAC,CO,F4,LIAB,S15,AT,2006-01-01,-165.4 
MIO_NAC,CO,F4,LIAB,S15,AT,2007-01-01,-8.0 
MIO_NAC,CO,F4,LIAB,S15,AT,2008-01-01,6.2 
MIO_NAC,CO,F4,LIAB,S15,AT,2009-01-01,115.2 
MIO_NAC,CO,F4,LIAB,S15,AT,2010-01-01,-76.3 
MIO_NAC,CO,F4,LIAB,S15,AT,2011-01-01,-0.5 
MIO_NAC,CO,F4,LIAB,S15,AT,2012-01-01,52.5
MIO_NAC,CO,F4,LIAB,S15,AT,2013-01-01,15.8
MIO_NAC,CO,F4,LIAB,S15,AT,2014-01-01,-610.0
MIO_NAC,CO,F4,LIAB,S15,AT,2015-01-01,-48.0
MIO_NAC,CO,F4,LIAB,S15,AT,2016-01-01,652.2
MIO_NAC,CO,F4,LIAB,S15,AT,2017-01-01,-57.9 
MIO_NAC,CO,F4,LIAB,S15,BE,1995-01-01,: 
MIO_NAC,CO,F4,LIAB,S15,BE,1996-01-01,: 
MIO_NAC,CO,F4,LIAB,S15,BE,1997-01-01,: 
MIO_NAC,CO,F4,LIAB,S15,BE,1998-01-01,: 
MIO_NAC,CO,F4,LIAB,S15,BE,1999-01-01,: 
MIO_NAC,CO,F4,LIAB,S15,BE,2000-01-01,: 
MIO_NAC,CO,F4,LIAB,S15,BE,2001-01-01,: 
MIO_NAC,CO,F4,LIAB,S15,BE,2002-01-01,: 
MIO_NAC,CO,F4,LIAB,S15,BE,2003-01-01,: 
MIO_NAC,CO,F4,LIAB,S15,BE,2004-01-01,: 
MIO_NAC,CO,F4,LIAB,S15,BE,2005-01-01,: 
MIO_NAC,CO,F4,LIAB,S15,BE,2006-01-01,: 
MIO_NAC,CO,F4,LIAB,S15,BE,2007-01-01,: 
MIO_NAC,CO,F4,LIAB,S15,BE,2008-01-01,: 
MIO_NAC,CO,F4,LIAB,S15,BE,2009-01-01,: 
MIO_NAC,CO,F4,LIAB,S15,BE,2010-01-01,: 
MIO_NAC,CO,F4,LIAB,S15,BE,2011-01-01,: 
MIO_NAC,CO,F4,LIAB,S15,BE,2012-01-01,195.8
MIO_NAC,CO,F4,LIAB,S15,BE,2013-01-01,441.0
MIO_NAC,CO,F4,LIAB,S15,BE,2014-01-01,337.1
MIO_NAC,CO,F4,LIAB,S15,BE,2015-01-01,-368.3
MIO_NAC,CO,F4,LIAB,S15,BE,2016-01-01,29.7
MIO_NAC,CO,F4,LIAB,S15,BE,2017-01-01,-244.6 
MIO_NAC,CO,F4,LIAB,S15,BG,1995-01-01,0.0 
MIO_NAC,CO,F4,LIAB,S15,BG,1996-01-01,0.0 
MIO_NAC,CO,F4,LIAB,S15,BG,1997-01-01,0.0 
MIO_NAC,CO,F4,LIAB,S15,BG,1998-01-01,0.0 
MIO_NAC,CO,F4,LIAB,S15,BG,1999-01-01,0.0 
MIO_NAC,CO,F4,LIAB,S15,BG,2000-01-01,1.0 
MIO_NAC,CO,F4,LIAB,S15,BG,2001-01-01,11.0 
MIO_NAC,CO,F4,LIAB,S15,BG,2002-01-01,2.0 
MIO_NAC,CO,F4,LIAB,S15,BG,2003-01-01,8.0 
MIO_NAC,CO,F4,LIAB,S15,BG,2004-01-01,11.0 
MIO_NAC,CO,F4,LIAB,S15,BG,2005-01-01,15.0 
MIO_NAC,CO,F4,LIAB,S15,BG,2006-01-01,0.0 
MIO_NAC,CO,F4,LIAB,S15,BG,2007-01-01,18.0 
MIO_NAC,CO,F4,LIAB,S15,BG,2008-01-01,33.0 
MIO_NAC,CO,F4,LIAB,S15,BG,2009-01-01,-22.0 
MIO_NAC,CO,F4,LIAB,S15,BG,2010-01-01,5.0 
MIO_NAC,CO,F4,LIAB,S15,BG,2011-01-01,8.0 
MIO_NAC,CO,F4,LIAB,S15,BG,2012-01-01,11.0
MIO_NAC,CO,F4,LIAB,S15,BG,2013-01-01,-16.0
MIO_NAC,CO,F4,LIAB,S15,BG,2014-01-01,-8.0
MIO_NAC,CO,F4,LIAB,S15,BG,2015-01-01,0.0
MIO_NAC,CO,F4,LIAB,S15,BG,2016-01-01,394.0
MIO_NAC,CO,F4,LIAB,S15,BG,2017-01-01,322.0 
MIO_NAC,CO,F4,LIAB,S15,CY,1995-01-01,45.9 
MIO_NAC,CO,F4,LIAB,S15,CY,1996-01-01,6.8 
MIO_NAC,CO,F4,LIAB,S15,CY,1997-01-01,10.0 
MIO_NAC,CO,F4,LIAB,S15,CY,1998-01-01,14.9 
MIO_NAC,CO,F4,LIAB,S15,CY,1999-01-01,92.1 
MIO_NAC,CO,F4,LIAB,S15,CY,2000-01-01,16.3 
MIO_NAC,CO,F4,LIAB,S15,CY,2001-01-01,14.2 
MIO_NAC,CO,F4,LIAB,S15,CY,2002-01-01,14.8 
MIO_NAC,CO,F4,LIAB,S15,CY,2003-01-01,17.6 
MIO_NAC,CO,F4,LIAB,S15,CY,2004-01-01,2.8 
MIO_NAC,CO,F4,LIAB,S15,CY,2005-01-01,-0.8 
MIO_NAC,CO,F4,LIAB,S15,CY,2006-01-01,9.8 
MIO_NAC,CO,F4,LIAB,S15,CY,2007-01-01,34.9 
MIO_NAC,CO,F4,LIAB,S15,CY,2008-01-01,13.7 
MIO_NAC,CO,F4,LIAB,S15,CY,2009-01-01,8.1 
MIO_NAC,CO,F4,LIAB,S15,CY,2010-01-01,3.0 
MIO_NAC,CO,F4,LIAB,S15,CY,2011-01-01,17.0 
MIO_NAC,CO,F4,LIAB,S15,CY,2012-01-01,67.0
MIO_NAC,CO,F4,LIAB,S15,CY,2013-01-01,9.0
MIO_NAC,CO,F4,LIAB,S15,CY,2014-01-01,-13.0
MIO_NAC,CO,F4,LIAB,S15,CY,2015-01-01,-60.0
MIO_NAC,CO,F4,LIAB,S15,CY,2016-01-01,-96.0
MIO_NAC,CO,F4,LIAB,S15,CY,2017-01-01,-21.0 
MIO_NAC,CO,F4,LIAB,S15,CZ,1995-01-01,-290.0 
MIO_NAC,CO,F4,LIAB,S15,CZ,1996-01-01,430.0 
MIO_NAC,CO,F4,LIAB,S15,CZ,1997-01-01,-20.0 
MIO_NAC,CO,F4,LIAB,S15,CZ,1998-01-01,509.0 
MIO_NAC,CO,F4,LIAB,S15,CZ,1999-01-01,-108.0 
MIO_NAC,CO,F4,LIAB,S15,CZ,2000-01-01,326.0 
MIO_NAC,CO,F4,LIAB,S15,CZ,2001-01-01,2870.0 
MIO_NAC,CO,F4,LIAB,S15,CZ,2002-01-01,364.0 
MIO_NAC,CO,F4,LIAB,S15,CZ,2003-01-01,-1843.0 
MIO_NAC,CO,F4,LIAB,S15,CZ,2004-01-01,-808.0 
MIO_NAC,CO,F4,LIAB,S15,CZ,2005-01-01,783.0 
MIO_NAC,CO,F4,LIAB,S15,CZ,2006-01-01,1083.0 
MIO_NAC,CO,F4,LIAB,S15,CZ,2007-01-01,2015.0 
MIO_NAC,CO,F4,LIAB,S15,CZ,2008-01-01,-435.0 
MIO_NAC,CO,F4,LIAB,S15,CZ,2009-01-01,4587.0 
MIO_NAC,CO,F4,LIAB,S15,CZ,2010-01-01,-904.0 
MIO_NAC,CO,F4,LIAB,S15,CZ,2011-01-01,-695.0 
MIO_NAC,CO,F4,LIAB,S15,CZ,2012-01-01,-479.0
MIO_NAC,CO,F4,LIAB,S15,CZ,2013-01-01,-430.0
MIO_NAC,CO,F4,LIAB,S15,CZ,2014-01-01,-74.0
MIO_NAC,CO,F4,LIAB,S15,CZ,2015-01-01,263.0
MIO_NAC,CO,F4,LIAB,S15,CZ,2016-01-01,338.0
MIO_NAC,CO,F4,LIAB,S15,CZ,2017-01-01,144.0 
MIO_NAC,CO,F4,LIAB,S15,DE,1995-01-01,-1062.0 
MIO_NAC,CO,F4,LIAB,S15,DE,1996-01-01,244.0 
MIO_NAC,CO,F4,LIAB,S15,DE,1997-01-01,1393.0 
MIO_NAC,CO,F4,LIAB,S15,DE,1998-01-01,263.0 
MIO_NAC,CO,F4,LIAB,S15,DE,1999-01-01,228.0 
MIO_NAC,CO,F4,LIAB,S15,DE,2000-01-01,444.0 
MIO_NAC,CO,F4,LIAB,S15,DE,2001-01-01,122.0 
MIO_NAC,CO,F4,LIAB,S15,DE,2002-01-01,337.0 
MIO_NAC,CO,F4,LIAB,S15,DE,2003-01-01,-607.0 
MIO_NAC,CO,F4,LIAB,S15,DE,2004-01-01,-529.0 
MIO_NAC,CO,F4,LIAB,S15,DE,2005-01-01,719.0 
MIO_NAC,CO,F4,LIAB,S15,DE,2006-01-01,-260.0 
MIO_NAC,CO,F4,LIAB,S15,DE,2007-01-01,-667.0 
MIO_NAC,CO,F4,LIAB,S15,DE,2008-01-01,-403.0 
MIO_NAC,CO,F4,LIAB,S15,DE,2009-01-01,-427.0 
MIO_NAC,CO,F4,LIAB,S15,DE,2010-01-01,221.0 
MIO_NAC,CO,F4,LIAB,S15,DE,2011-01-01,-13.0 
MIO_NAC,CO,F4,LIAB,S15,DE,2012-01-01,-29.0
MIO_NAC,CO,F4,LIAB,S15,DE,2013-01-01,216.0
MIO_NAC,CO,F4,LIAB,S15,DE,2014-01-01,172.0
MIO_NAC,CO,F4,LIAB,S15,DE,2015-01-01,-498.0
MIO_NAC,CO,F4,LIAB,S15,DE,2016-01-01,275.0
MIO_NAC,CO,F4,LIAB,S15,DE,2017-01-01,211.0 
MIO_NAC,CO,F4,LIAB,S15,DK,1995-01-01,-655.0 
MIO_NAC,CO,F4,LIAB,S15,DK,1996-01-01,-909.0 
MIO_NAC,CO,F4,LIAB,S15,DK,1997-01-01,-415.0 
MIO_NAC,CO,F4,LIAB,S15,DK,1998-01-01,1706.0 
MIO_NAC,CO,F4,LIAB,S15,DK,1999-01-01,-1914.0 
MIO_NAC,CO,F4,LIAB,S15,DK,2000-01-01,3356.0 
MIO_NAC,CO,F4,LIAB,S15,DK,2001-01-01,1300.0 
MIO_NAC,CO,F4,LIAB,S15,DK,2002-01-01,248.0 
MIO_NAC,CO,F4,LIAB,S15,DK,2003-01-01,1595.0 
MIO_NAC,CO,F4,LIAB,S15,DK,2004-01-01,773.0 
MIO_NAC,CO,F4,LIAB,S15,DK,2005-01-01,924.0 
MIO_NAC,CO,F4,LIAB,S15,DK,2006-01-01,1959.0 
MIO_NAC,CO,F4,LIAB,S15,DK,2007-01-01,-702.0 
MIO_NAC,CO,F4,LIAB,S15,DK,2008-01-01,965.0 
MIO_NAC,CO,F4,LIAB,S15,DK,2009-01-01,-459.0 
MIO_NAC,CO,F4,LIAB,S15,DK,2010-01-01,2210.0 
MIO_NAC,CO,F4,LIAB,S15,DK,2011-01-01,3001.0 
MIO_NAC,CO,F4,LIAB,S15,DK,2012-01-01,74.0
MIO_NAC,CO,F4,LIAB,S15,DK,2013-01-01,1666.0
MIO_NAC,CO,F4,LIAB,S15,DK,2014-01-01,265.0
MIO_NAC,CO,F4,LIAB,S15,DK,2015-01-01,-115.0
MIO_NAC,CO,F4,LIAB,S15,DK,2016-01-01,574.0
MIO_NAC,CO,F4,LIAB,S15,DK,2017-01-01,-101.0 
MIO_NAC,CO,F4,LIAB,S15,EE,1995-01-01,0.0 
MIO_NAC,CO,F4,LIAB,S15,EE,1996-01-01,0.6 
MIO_NAC,CO,F4,LIAB,S15,EE,1997-01-01,1.6 
MIO_NAC,CO,F4,LIAB,S15,EE,1998-01-01,0.4 
MIO_NAC,CO,F4,LIAB,S15,EE,1999-01-01,0.8 
MIO_NAC,CO,F4,LIAB,S15,EE,2000-01-01,4.6 
MIO_NAC,CO,F4,LIAB,S15,EE,2001-01-01,2.8 
MIO_NAC,CO,F4,LIAB,S15,EE,2002-01-01,5.6 
MIO_NAC,CO,F4,LIAB,S15,EE,2003-01-01,9.9 
MIO_NAC,CO,F4,LIAB,S15,EE,2004-01-01,21.2 
MIO_NAC,CO,F4,LIAB,S15,EE,2005-01-01,37.6 
MIO_NAC,CO,F4,LIAB,S15,EE,2006-01-01,59.7 
MIO_NAC,CO,F4,LIAB,S15,EE,2007-01-01,77.5 
MIO_NAC,CO,F4,LIAB,S15,EE,2008-01-01,74.7 
MIO_NAC,CO,F4,LIAB,S15,EE,2009-01-01,1.8 
MIO_NAC,CO,F4,LIAB,S15,EE,2010-01-01,-39.9 
MIO_NAC,CO,F4,LIAB,S15,EE,2011-01-01,11.3 
MIO_NAC,CO,F4,LIAB,S15,EE,2012-01-01,-60.1
MIO_NAC,CO,F4,LIAB,S15,EE,2013-01-01,17.6
MIO_NAC,CO,F4,LIAB,S15,EE,2014-01-01,10.7
MIO_NAC,CO,F4,LIAB,S15,EE,2015-01-01,-5.6
MIO_NAC,CO,F4,LIAB,S15,EE,2016-01-01,22.2
MIO_NAC,CO,F4,LIAB,S15,EE,2017-01-01,47.5 
MIO_NAC,CO,F4,LIAB,S15,EL,1995-01-01,0.0 
MIO_NAC,CO,F4,LIAB,S15,EL,1996-01-01,0.0 
MIO_NAC,CO,F4,LIAB,S15,EL,1997-01-01,0.0 
MIO_NAC,CO,F4,LIAB,S15,EL,1998-01-01,0.0 
MIO_NAC,CO,F4,LIAB,S15,EL,1999-01-01,0.0 
MIO_NAC,CO,F4,LIAB,S15,EL,2000-01-01,0.0 
MIO_NAC,CO,F4,LIAB,S15,EL,2001-01-01,0.0 
MIO_NAC,CO,F4,LIAB,S15,EL,2002-01-01,0.0 
MIO_NAC,CO,F4,LIAB,S15,EL,2003-01-01,0.0 
MIO_NAC,CO,F4,LIAB,S15,EL,2004-01-01,0.0 
MIO_NAC,CO,F4,LIAB,S15,EL,2005-01-01,0.0 
MIO_NAC,CO,F4,LIAB,S15,EL,2006-01-01,0.0 
MIO_NAC,CO,F4,LIAB,S15,EL,2007-01-01,0.0 
MIO_NAC,CO,F4,LIAB,S15,EL,2008-01-01,0.0 
MIO_NAC,CO,F4,LIAB,S15,EL,2009-01-01,0.0 
MIO_NAC,CO,F4,LIAB,S15,EL,2010-01-01,0.0 
MIO_NAC,CO,F4,LIAB,S15,EL,2011-01-01,0.0 
MIO_NAC,CO,F4,LIAB,S15,EL,2012-01-01,0.0
MIO_NAC,CO,F4,LIAB,S15,EL,2013-01-01,0.0
MIO_NAC,CO,F4,LIAB,S15,EL,2014-01-01,13.4
MIO_NAC,CO,F4,LIAB,S15,EL,2015-01-01,16.1
MIO_NAC,CO,F4,LIAB,S15,EL,2016-01-01,-128.4
MIO_NAC,CO,F4,LIAB,S15,EL,2017-01-01,-102.3 
MIO_NAC,CO,F4,LIAB,S15,ES,1995-01-01,105.0 
MIO_NAC,CO,F4,LIAB,S15,ES,1996-01-01,-20.0 
MIO_NAC,CO,F4,LIAB,S15,ES,1997-01-01,-222.0 
MIO_NAC,CO,F4,LIAB,S15,ES,1998-01-01,520.0 
MIO_NAC,CO,F4,LIAB,S15,ES,1999-01-01,405.0 
MIO_NAC,CO,F4,LIAB,S15,ES,2000-01-01,155.0 
MIO_NAC,CO,F4,LIAB,S15,ES,2001-01-01,-49.0 
MIO_NAC,CO,F4,LIAB,S15,ES,2002-01-01,-314.0 
MIO_NAC,CO,F4,LIAB,S15,ES,2003-01-01,552.0 
MIO_NAC,CO,F4,LIAB,S15,ES,2004-01-01,660.0 
MIO_NAC,CO,F4,LIAB,S15,ES,2005-01-01,959.0 
MIO_NAC,CO,F4,LIAB,S15,ES,2006-01-01,1038.0 
MIO_NAC,CO,F4,LIAB,S15,ES,2007-01-01,384.0 
MIO_NAC,CO,F4,LIAB,S15,ES,2008-01-01,3.0 
MIO_NAC,CO,F4,LIAB,S15,ES,2009-01-01,-568.0 
MIO_NAC,CO,F4,LIAB,S15,ES,2010-01-01,573.0 
MIO_NAC,CO,F4,LIAB,S15,ES,2011-01-01,904.0 
MIO_NAC,CO,F4,LIAB,S15,ES,2012-01-01,-24.0
MIO_NAC,CO,F4,LIAB,S15,ES,2013-01-01,-677.0
MIO_NAC,CO,F4,LIAB,S15,ES,2014-01-01,-337.0
MIO_NAC,CO,F4,LIAB,S15,ES,2015-01-01,-145.0
MIO_NAC,CO,F4,LIAB,S15,ES,2016-01-01,-664.0
MIO_NAC,CO,F4,LIAB,S15,ES,2017-01-01,17.0 
MIO_NAC,CO,F4,LIAB,S15,FI,1995-01-01,29.0 
MIO_NAC,CO,F4,LIAB,S15,FI,1996-01-01,-67.0 
MIO_NAC,CO,F4,LIAB,S15,FI,1997-01-01,-21.0 
MIO_NAC,CO,F4,LIAB,S15,FI,1998-01-01,66.0 
MIO_NAC,CO,F4,LIAB,S15,FI,1999-01-01,130.0 
MIO_NAC,CO,F4,LIAB,S15,FI,2000-01-01,-3.0 
MIO_NAC,CO,F4,LIAB,S15,FI,2001-01-01,28.0 
MIO_NAC,CO,F4,LIAB,S15,FI,2002-01-01,238.0 
MIO_NAC,CO,F4,LIAB,S15,FI,2003-01-01,93.0 
MIO_NAC,CO,F4,LIAB,S15,FI,2004-01-01,-2.0 
MIO_NAC,CO,F4,LIAB,S15,FI,2005-01-01,201.0 
MIO_NAC,CO,F4,LIAB,S15,FI,2006-01-01,153.0 
MIO_NAC,CO,F4,LIAB,S15,FI,2007-01-01,118.0 
MIO_NAC,CO,F4,LIAB,S15,FI,2008-01-01,155.0 
MIO_NAC,CO,F4,LIAB,S15,FI,2009-01-01,-279.0 
MIO_NAC,CO,F4,LIAB,S15,FI,2010-01-01,437.0 
MIO_NAC,CO,F4,LIAB,S15,FI,2011-01-01,128.0 
MIO_NAC,CO,F4,LIAB,S15,FI,2012-01-01,22.0
MIO_NAC,CO,F4,LIAB,S15,FI,2013-01-01,-123.0
MIO_NAC,CO,F4,LIAB,S15,FI,2014-01-01,-374.0
MIO_NAC,CO,F4,LIAB,S15,FI,2015-01-01,51.0
MIO_NAC,CO,F4,LIAB,S15,FI,2016-01-01,83.0
MIO_NAC,CO,F4,LIAB,S15,FI,2017-01-01,-171.0 
MIO_NAC,CO,F4,LIAB,S15,FR,1995-01-01,0.0 
MIO_NAC,CO,F4,LIAB,S15,FR,1996-01-01,13.0 
MIO_NAC,CO,F4,LIAB,S15,FR,1997-01-01,287.0 
MIO_NAC,CO,F4,LIAB,S15,FR,1998-01-01,3343.0 
MIO_NAC,CO,F4,LIAB,S15,FR,1999-01-01,442.0 
MIO_NAC,CO,F4,LIAB,S15,FR,2000-01-01,221.0 
MIO_NAC,CO,F4,LIAB,S15,FR,2001-01-01,414.0 
MIO_NAC,CO,F4,LIAB,S15,FR,2002-01-01,560.0 
MIO_NAC,CO,F4,LIAB,S15,FR,2003-01-01,278.0 
MIO_NAC,CO,F4,LIAB,S15,FR,2004-01-01,632.0 
MIO_NAC,CO,F4,LIAB,S15,FR,2005-01-01,883.0 
MIO_NAC,CO,F4,LIAB,S15,FR,2006-01-01,717.0 
MIO_NAC,CO,F4,LIAB,S15,FR,2007-01-01,821.0 
MIO_NAC,CO,F4,LIAB,S15,FR,2008-01-01,403.0 
MIO_NAC,CO,F4,LIAB,S15,FR,2009-01-01,1425.0 
MIO_NAC,CO,F4,LIAB,S15,FR,2010-01-01,1243.0 
MIO_NAC,CO,F4,LIAB,S15,FR,2011-01-01,1585.0 
MIO_NAC,CO,F4,LIAB,S15,FR,2012-01-01,1031.0
MIO_NAC,CO,F4,LIAB,S15,FR,2013-01-01,249.0
MIO_NAC,CO,F4,LIAB,S15,FR,2014-01-01,-336.0
MIO_NAC,CO,F4,LIAB,S15,FR,2015-01-01,663.0
MIO_NAC,CO,F4,LIAB,S15,FR,2016-01-01,-286.0
MIO_NAC,CO,F4,LIAB,S15,FR,2017-01-01,933.0 
MIO_NAC,CO,F4,LIAB,S15,HR,1995-01-01,: 
MIO_NAC,CO,F4,LIAB,S15,HR,1996-01-01,: 
MIO_NAC,CO,F4,LIAB,S15,HR,1997-01-01,: 
MIO_NAC,CO,F4,LIAB,S15,HR,1998-01-01,: 
MIO_NAC,CO,F4,LIAB,S15,HR,1999-01-01,: 
MIO_NAC,CO,F4,LIAB,S15,HR,2000-01-01,: 
MIO_NAC,CO,F4,LIAB,S15,HR,2001-01-01,: 
MIO_NAC,CO,F4,LIAB,S15,HR,2002-01-01,140.0 
MIO_NAC,CO,F4,LIAB,S15,HR,2003-01-01,34.2 
MIO_NAC,CO,F4,LIAB,S15,HR,2004-01-01,62.1 
MIO_NAC,CO,F4,LIAB,S15,HR,2005-01-01,53.7 
MIO_NAC,CO,F4,LIAB,S15,HR,2006-01-01,70.0 
MIO_NAC,CO,F4,LIAB,S15,HR,2007-01-01,45.4 
MIO_NAC,CO,F4,LIAB,S15,HR,2008-01-01,57.0 
MIO_NAC,CO,F4,LIAB,S15,HR,2009-01-01,93.2 
MIO_NAC,CO,F4,LIAB,S15,HR,2010-01-01,161.7 
MIO_NAC,CO,F4,LIAB,S15,HR,2011-01-01,85.1 
MIO_NAC,CO,F4,LIAB,S15,HR,2012-01-01,-76.0
MIO_NAC,CO,F4,LIAB,S15,HR,2013-01-01,-85.9
MIO_NAC,CO,F4,LIAB,S15,HR,2014-01-01,49.9
MIO_NAC,CO,F4,LIAB,S15,HR,2015-01-01,-14.3
MIO_NAC,CO,F4,LIAB,S15,HR,2016-01-01,-94.7
MIO_NAC,CO,F4,LIAB,S15,HR,2017-01-01,56.5 
MIO_NAC,CO,F4,LIAB,S15,HU,1995-01-01,269.0 
MIO_NAC,CO,F4,LIAB,S15,HU,1996-01-01,-286.0 
MIO_NAC,CO,F4,LIAB,S15,HU,1997-01-01,676.0 
MIO_NAC,CO,F4,LIAB,S15,HU,1998-01-01,3155.0 
MIO_NAC,CO,F4,LIAB,S15,HU,1999-01-01,578.0 
MIO_NAC,CO,F4,LIAB,S15,HU,2000-01-01,3841.0 
MIO_NAC,CO,F4,LIAB,S15,HU,2001-01-01,8061.0 
MIO_NAC,CO,F4,LIAB,S15,HU,2002-01-01,-1764.0 
MIO_NAC,CO,F4,LIAB,S15,HU,2003-01-01,8073.0 
MIO_NAC,CO,F4,LIAB,S15,HU,2004-01-01,-1575.0 
MIO_NAC,CO,F4,LIAB,S15,HU,2005-01-01,-175.0 
MIO_NAC,CO,F4,LIAB,S15,HU,2006-01-01,7615.0 
MIO_NAC,CO,F4,LIAB,S15,HU,2007-01-01,1901.0 
MIO_NAC,CO,F4,LIAB,S15,HU,2008-01-01,-1124.0 
MIO_NAC,CO,F4,LIAB,S15,HU,2009-01-01,825.0 
MIO_NAC,CO,F4,LIAB,S15,HU,2010-01-01,-4913.0 
MIO_NAC,CO,F4,LIAB,S15,HU,2011-01-01,9495.0 
MIO_NAC,CO,F4,LIAB,S15,HU,2012-01-01,-2679.0
MIO_NAC,CO,F4,LIAB,S15,HU,2013-01-01,1358.0
MIO_NAC,CO,F4,LIAB,S15,HU,2014-01-01,3763.0
MIO_NAC,CO,F4,LIAB,S15,HU,2015-01-01,17144.0
MIO_NAC,CO,F4,LIAB,S15,HU,2016-01-01,-3538.0
MIO_NAC,CO,F4,LIAB,S15,HU,2017-01-01,-102.0 
MIO_NAC,CO,F4,LIAB,S15,IE,1995-01-01,: 
MIO_NAC,CO,F4,LIAB,S15,IE,1996-01-01,: 
MIO_NAC,CO,F4,LIAB,S15,IE,1997-01-01,: 
MIO_NAC,CO,F4,LIAB,S15,IE,1998-01-01,: 
MIO_NAC,CO,F4,LIAB,S15,IE,1999-01-01,: 
MIO_NAC,CO,F4,LIAB,S15,IE,2000-01-01,: 
MIO_NAC,CO,F4,LIAB,S15,IE,2001-01-01,: 
MIO_NAC,CO,F4,LIAB,S15,IE,2002-01-01,: 
MIO_NAC,CO,F4,LIAB,S15,IE,2003-01-01,: 
MIO_NAC,CO,F4,LIAB,S15,IE,2004-01-01,: 
MIO_NAC,CO,F4,LIAB,S15,IE,2005-01-01,: 
MIO_NAC,CO,F4,LIAB,S15,IE,2006-01-01,: 
MIO_NAC,CO,F4,LIAB,S15,IE,2007-01-01,: 
MIO_NAC,CO,F4,LIAB,S15,IE,2008-01-01,: 
MIO_NAC,CO,F4,LIAB,S15,IE,2009-01-01,: 
MIO_NAC,CO,F4,LIAB,S15,IE,2010-01-01,: 
MIO_NAC,CO,F4,LIAB,S15,IE,2011-01-01,: 
MIO_NAC,CO,F4,LIAB,S15,IE,2012-01-01,-91.0
MIO_NAC,CO,F4,LIAB,S15,IE,2013-01-01,3.0
MIO_NAC,CO,F4,LIAB,S15,IE,2014-01-01,-68.0
MIO_NAC,CO,F4,LIAB,S15,IE,2015-01-01,-83.0
MIO_NAC,CO,F4,LIAB,S15,IE,2016-01-01,-37.0
MIO_NAC,CO,F4,LIAB,S15,IE,2017-01-01,-34.0 
MIO_NAC,CO,F4,LIAB,S15,IT,1995-01-01,0.0 
MIO_NAC,CO,F4,LIAB,S15,IT,1996-01-01,0.0 
MIO_NAC,CO,F4,LIAB,S15,IT,1997-01-01,0.0 
MIO_NAC,CO,F4,LIAB,S15,IT,1998-01-01,5823.0 
MIO_NAC,CO,F4,LIAB,S15,IT,1999-01-01,598.0 
MIO_NAC,CO,F4,LIAB,S15,IT,2000-01-01,-238.0 
MIO_NAC,CO,F4,LIAB,S15,IT,2001-01-01,69.0 
MIO_NAC,CO,F4,LIAB,S15,IT,2002-01-01,57.0 
MIO_NAC,CO,F4,LIAB,S15,IT,2003-01-01,-143.0 
MIO_NAC,CO,F4,LIAB,S15,IT,2004-01-01,337.0 
MIO_NAC,CO,F4,LIAB,S15,IT,2005-01-01,857.0 
MIO_NAC,CO,F4,LIAB,S15,IT,2006-01-01,276.0 
MIO_NAC,CO,F4,LIAB,S15,IT,2007-01-01,394.0 
MIO_NAC,CO,F4,LIAB,S15,IT,2008-01-01,93.0 
MIO_NAC,CO,F4,LIAB,S15,IT,2009-01-01,149.0 
MIO_NAC,CO,F4,LIAB,S15,IT,2010-01-01,1169.0 
MIO_NAC,CO,F4,LIAB,S15,IT,2011-01-01,686.0 
MIO_NAC,CO,F4,LIAB,S15,IT,2012-01-01,17.0
MIO_NAC,CO,F4,LIAB,S15,IT,2013-01-01,-309.0
MIO_NAC,CO,F4,LIAB,S15,IT,2014-01-01,-362.0
MIO_NAC,CO,F4,LIAB,S15,IT,2015-01-01,-289.0
MIO_NAC,CO,F4,LIAB,S15,IT,2016-01-01,-396.0
MIO_NAC,CO,F4,LIAB,S15,IT,2017-01-01,-317.0 
MIO_NAC,CO,F4,LIAB,S15,LT,1995-01-01,8.2 
MIO_NAC,CO,F4,LIAB,S15,LT,1996-01-01,-0.5 
MIO_NAC,CO,F4,LIAB,S15,LT,1997-01-01,-2.3 
MIO_NAC,CO,F4,LIAB,S15,LT,1998-01-01,-20.4 
MIO_NAC,CO,F4,LIAB,S15,LT,1999-01-01,-0.1 
MIO_NAC,CO,F4,LIAB,S15,LT,2000-01-01,0.3 
MIO_NAC,CO,F4,LIAB,S15,LT,2001-01-01,0.5 
MIO_NAC,CO,F4,LIAB,S15,LT,2002-01-01,2.2 
MIO_NAC,CO,F4,LIAB,S15,LT,2003-01-01,1.1 
MIO_NAC,CO,F4,LIAB,S15,LT,2004-01-01,6.5 
MIO_NAC,CO,F4,LIAB,S15,LT,2005-01-01,2.5 
MIO_NAC,CO,F4,LIAB,S15,LT,2006-01-01,10.9 
MIO_NAC,CO,F4,LIAB,S15,LT,2007-01-01,4.3 
MIO_NAC,CO,F4,LIAB,S15,LT,2008-01-01,8.7 
MIO_NAC,CO,F4,LIAB,S15,LT,2009-01-01,-3.8 
MIO_NAC,CO,F4,LIAB,S15,LT,2010-01-01,0.6 
MIO_NAC,CO,F4,LIAB,S15,LT,2011-01-01,-2.1 
MIO_NAC,CO,F4,LIAB,S15,LT,2012-01-01,-3.8
MIO_NAC,CO,F4,LIAB,S15,LT,2013-01-01,-5.4
MIO_NAC,CO,F4,LIAB,S15,LT,2014-01-01,-4.3
MIO_NAC,CO,F4,LIAB,S15,LT,2015-01-01,28.4
MIO_NAC,CO,F4,LIAB,S15,LT,2016-01-01,0.4
MIO_NAC,CO,F4,LIAB,S15,LT,2017-01-01,-3.1 
MIO_NAC,CO,F4,LIAB,S15,LU,1995-01-01,: 
MIO_NAC,CO,F4,LIAB,S15,LU,1996-01-01,: 
MIO_NAC,CO,F4,LIAB,S15,LU,1997-01-01,: 
MIO_NAC,CO,F4,LIAB,S15,LU,1998-01-01,: 
MIO_NAC,CO,F4,LIAB,S15,LU,1999-01-01,8.3 
MIO_NAC,CO,F4,LIAB,S15,LU,2000-01-01,4.1 
MIO_NAC,CO,F4,LIAB,S15,LU,2001-01-01,21.5 
MIO_NAC,CO,F4,LIAB,S15,LU,2002-01-01,52.2 
MIO_NAC,CO,F4,LIAB,S15,LU,2003-01-01,7.5 
MIO_NAC,CO,F4,LIAB,S15,LU,2004-01-01,-21.6 
MIO_NAC,CO,F4,LIAB,S15,LU,2005-01-01,0.4 
MIO_NAC,CO,F4,LIAB,S15,LU,2006-01-01,-3.9 
MIO_NAC,CO,F4,LIAB,S15,LU,2007-01-01,29.3 
MIO_NAC,CO,F4,LIAB,S15,LU,2008-01-01,20.4 
MIO_NAC,CO,F4,LIAB,S15,LU,2009-01-01,36.2 
MIO_NAC,CO,F4,LIAB,S15,LU,2010-01-01,-6.2 
MIO_NAC,CO,F4,LIAB,S15,LU,2011-01-01,-31.4 
MIO_NAC,CO,F4,LIAB,S15,LU,2012-01-01,-24.6
MIO_NAC,CO,F4,LIAB,S15,LU,2013-01-01,-27.2
MIO_NAC,CO,F4,LIAB,S15,LU,2014-01-01,-105.1
MIO_NAC,CO,F4,LIAB,S15,LU,2015-01-01,15.0
MIO_NAC,CO,F4,LIAB,S15,LU,2016-01-01,5.0
MIO_NAC,CO,F4,LIAB,S15,LU,2017-01-01,-9.1 
MIO_NAC,CO,F4,LIAB,S15,LV,1995-01-01,0.0 
MIO_NAC,CO,F4,LIAB,S15,LV,1996-01-01,0.0 
MIO_NAC,CO,F4,LIAB,S15,LV,1997-01-01,0.0 
MIO_NAC,CO,F4,LIAB,S15,LV,1998-01-01,0.0 
MIO_NAC,CO,F4,LIAB,S15,LV,1999-01-01,0.0 
MIO_NAC,CO,F4,LIAB,S15,LV,2000-01-01,0.0 
MIO_NAC,CO,F4,LIAB,S15,LV,2001-01-01,-1.0 
MIO_NAC,CO,F4,LIAB,S15,LV,2002-01-01,0.0 
MIO_NAC,CO,F4,LIAB,S15,LV,2003-01-01,11.0 
MIO_NAC,CO,F4,LIAB,S15,LV,2004-01-01,2.2 
MIO_NAC,CO,F4,LIAB,S15,LV,2005-01-01,2.2 
MIO_NAC,CO,F4,LIAB,S15,LV,2006-01-01,5.3 
MIO_NAC,CO,F4,LIAB,S15,LV,2007-01-01,13.1 
MIO_NAC,CO,F4,LIAB,S15,LV,2008-01-01,17.2 
MIO_NAC,CO,F4,LIAB,S15,LV,2009-01-01,6.8 
MIO_NAC,CO,F4,LIAB,S15,LV,2010-01-01,8.0 
MIO_NAC,CO,F4,LIAB,S15,LV,2011-01-01,7.6 
MIO_NAC,CO,F4,LIAB,S15,LV,2012-01-01,4.8
MIO_NAC,CO,F4,LIAB,S15,LV,2013-01-01,0.0
MIO_NAC,CO,F4,LIAB,S15,LV,2014-01-01,-2.2
MIO_NAC,CO,F4,LIAB,S15,LV,2015-01-01,20.0
MIO_NAC,CO,F4,LIAB,S15,LV,2016-01-01,-9.0
MIO_NAC,CO,F4,LIAB,S15,LV,2017-01-01,-5.0 
MIO_NAC,CO,F4,LIAB,S15,MT,1995-01-01,0.0 
MIO_NAC,CO,F4,LIAB,S15,MT,1996-01-01,0.0 
MIO_NAC,CO,F4,LIAB,S15,MT,1997-01-01,0.0 
MIO_NAC,CO,F4,LIAB,S15,MT,1998-01-01,0.0 
MIO_NAC,CO,F4,LIAB,S15,MT,1999-01-01,0.0 
MIO_NAC,CO,F4,LIAB,S15,MT,2000-01-01,0.0 
MIO_NAC,CO,F4,LIAB,S15,MT,2001-01-01,0.0 
MIO_NAC,CO,F4,LIAB,S15,MT,2002-01-01,0.0 
MIO_NAC,CO,F4,LIAB,S15,MT,2003-01-01,0.0 
MIO_NAC,CO,F4,LIAB,S15,MT,2004-01-01,0.1 
MIO_NAC,CO,F4,LIAB,S15,MT,2005-01-01,0.0 
MIO_NAC,CO,F4,LIAB,S15,MT,2006-01-01,-0.1 
MIO_NAC,CO,F4,LIAB,S15,MT,2007-01-01,0.5 
MIO_NAC,CO,F4,LIAB,S15,MT,2008-01-01,-0.5 
MIO_NAC,CO,F4,LIAB,S15,MT,2009-01-01,0.1 
MIO_NAC,CO,F4,LIAB,S15,MT,2010-01-01,0.1 
MIO_NAC,CO,F4,LIAB,S15,MT,2011-01-01,-0.1 
MIO_NAC,CO,F4,LIAB,S15,MT,2012-01-01,0.0
MIO_NAC,CO,F4,LIAB,S15,MT,2013-01-01,0.0
MIO_NAC,CO,F4,LIAB,S15,MT,2014-01-01,-156.6
MIO_NAC,CO,F4,LIAB,S15,MT,2015-01-01,0.2
MIO_NAC,CO,F4,LIAB,S15,MT,2016-01-01,-0.5
MIO_NAC,CO,F4,LIAB,S15,MT,2017-01-01,-3.7 
MIO_NAC,CO,F4,LIAB,S15,NL,1995-01-01,: 
MIO_NAC,CO,F4,LIAB,S15,NL,1996-01-01,: 
MIO_NAC,CO,F4,LIAB,S15,NL,1997-01-01,: 
MIO_NAC,CO,F4,LIAB,S15,NL,1998-01-01,: 
MIO_NAC,CO,F4,LIAB,S15,NL,1999-01-01,: 
MIO_NAC,CO,F4,LIAB,S15,NL,2000-01-01,: 
MIO_NAC,CO,F4,LIAB,S15,NL,2001-01-01,: 
MIO_NAC,CO,F4,LIAB,S15,NL,2002-01-01,: 
MIO_NAC,CO,F4,LIAB,S15,NL,2003-01-01,: 
MIO_NAC,CO,F4,LIAB,S15,NL,2004-01-01,: 
MIO_NAC,CO,F4,LIAB,S15,NL,2005-01-01,: 
MIO_NAC,CO,F4,LIAB,S15,NL,2006-01-01,: 
MIO_NAC,CO,F4,LIAB,S15,NL,2007-01-01,: 
MIO_NAC,CO,F4,LIAB,S15,NL,2008-01-01,: 
MIO_NAC,CO,F4,LIAB,S15,NL,2009-01-01,: 
MIO_NAC,CO,F4,LIAB,S15,NL,2010-01-01,: 
MIO_NAC,CO,F4,LIAB,S15,NL,2011-01-01,: 
MIO_NAC,CO,F4,LIAB,S15,NL,2012-01-01,-112.0
MIO_NAC,CO,F4,LIAB,S15,NL,2013-01-01,0.0
MIO_NAC,CO,F4,LIAB,S15,NL,2014-01-01,-19.0
MIO_NAC,CO,F4,LIAB,S15,NL,2015-01-01,-153.0
MIO_NAC,CO,F4,LIAB,S15,NL,2016-01-01,-348.0
MIO_NAC,CO,F4,LIAB,S15,NL,2017-01-01,-575.0 p
MIO_NAC,CO,F4,LIAB,S15,PL,1995-01-01,-44.0 
MIO_NAC,CO,F4,LIAB,S15,PL,1996-01-01,89.0 
MIO_NAC,CO,F4,LIAB,S15,PL,1997-01-01,384.6 
MIO_NAC,CO,F4,LIAB,S15,PL,1998-01-01,362.0 
MIO_NAC,CO,F4,LIAB,S15,PL,1999-01-01,630.4 
MIO_NAC,CO,F4,LIAB,S15,PL,2000-01-01,-205.8 
MIO_NAC,CO,F4,LIAB,S15,PL,2001-01-01,-446.8 
MIO_NAC,CO,F4,LIAB,S15,PL,2002-01-01,226.1 
MIO_NAC,CO,F4,LIAB,S15,PL,2003-01-01,-187.3 
MIO_NAC,CO,F4,LIAB,S15,PL,2004-01-01,-1.0 
MIO_NAC,CO,F4,LIAB,S15,PL,2005-01-01,0.0 
MIO_NAC,CO,F4,LIAB,S15,PL,2006-01-01,1.0 
MIO_NAC,CO,F4,LIAB,S15,PL,2007-01-01,1.0 
MIO_NAC,CO,F4,LIAB,S15,PL,2008-01-01,2.0 
MIO_NAC,CO,F4,LIAB,S15,PL,2009-01-01,0.0 
MIO_NAC,CO,F4,LIAB,S15,PL,2010-01-01,50.0 
MIO_NAC,CO,F4,LIAB,S15,PL,2011-01-01,26.0 
MIO_NAC,CO,F4,LIAB,S15,PL,2012-01-01,20.0
MIO_NAC,CO,F4,LIAB,S15,PL,2013-01-01,33.0
MIO_NAC,CO,F4,LIAB,S15,PL,2014-01-01,7.0
MIO_NAC,CO,F4,LIAB,S15,PL,2015-01-01,-13.0
MIO_NAC,CO,F4,LIAB,S15,PL,2016-01-01,-6.0
MIO_NAC,CO,F4,LIAB,S15,PL,2017-01-01,13.0 
MIO_NAC,CO,F4,LIAB,S15,PT,1995-01-01,: 
MIO_NAC,CO,F4,LIAB,S15,PT,1996-01-01,: 
MIO_NAC,CO,F4,LIAB,S15,PT,1997-01-01,: 
MIO_NAC,CO,F4,LIAB,S15,PT,1998-01-01,: 
MIO_NAC,CO,F4,LIAB,S15,PT,1999-01-01,: 
MIO_NAC,CO,F4,LIAB,S15,PT,2000-01-01,: 
MIO_NAC,CO,F4,LIAB,S15,PT,2001-01-01,: 
MIO_NAC,CO,F4,LIAB,S15,PT,2002-01-01,: 
MIO_NAC,CO,F4,LIAB,S15,PT,2003-01-01,: 
MIO_NAC,CO,F4,LIAB,S15,PT,2004-01-01,: 
MIO_NAC,CO,F4,LIAB,S15,PT,2005-01-01,: 
MIO_NAC,CO,F4,LIAB,S15,PT,2006-01-01,: 
MIO_NAC,CO,F4,LIAB,S15,PT,2007-01-01,: 
MIO_NAC,CO,F4,LIAB,S15,PT,2008-01-01,: 
MIO_NAC,CO,F4,LIAB,S15,PT,2009-01-01,: 
MIO_NAC,CO,F4,LIAB,S15,PT,2010-01-01,: 
MIO_NAC,CO,F4,LIAB,S15,PT,2011-01-01,: 
MIO_NAC,CO,F4,LIAB,S15,PT,2012-01-01,624.7
MIO_NAC,CO,F4,LIAB,S15,PT,2013-01-01,-32.3
MIO_NAC,CO,F4,LIAB,S15,PT,2014-01-01,52.8
MIO_NAC,CO,F4,LIAB,S15,PT,2015-01-01,-7.2
MIO_NAC,CO,F4,LIAB,S15,PT,2016-01-01,-48.0
MIO_NAC,CO,F4,LIAB,S15,PT,2017-01-01,-67.8 
MIO_NAC,CO,F4,LIAB,S15,RO,1995-01-01,1.6 e
MIO_NAC,CO,F4,LIAB,S15,RO,1996-01-01,3.5 e
MIO_NAC,CO,F4,LIAB,S15,RO,1997-01-01,7.8 e
MIO_NAC,CO,F4,LIAB,S15,RO,1998-01-01,14.3 
MIO_NAC,CO,F4,LIAB,S15,RO,1999-01-01,21.7 
MIO_NAC,CO,F4,LIAB,S15,RO,2000-01-01,28.8 
MIO_NAC,CO,F4,LIAB,S15,RO,2001-01-01,26.3 
MIO_NAC,CO,F4,LIAB,S15,RO,2002-01-01,69.3 
MIO_NAC,CO,F4,LIAB,S15,RO,2003-01-01,79.5 
MIO_NAC,CO,F4,LIAB,S15,RO,2004-01-01,73.6 
MIO_NAC,CO,F4,LIAB,S15,RO,2005-01-01,204.6 
MIO_NAC,CO,F4,LIAB,S15,RO,2006-01-01,187.2 
MIO_NAC,CO,F4,LIAB,S15,RO,2007-01-01,77.3 
MIO_NAC,CO,F4,LIAB,S15,RO,2008-01-01,12.9 
MIO_NAC,CO,F4,LIAB,S15,RO,2009-01-01,15.9 
MIO_NAC,CO,F4,LIAB,S15,RO,2010-01-01,-3.2 
MIO_NAC,CO,F4,LIAB,S15,RO,2011-01-01,28.8 
MIO_NAC,CO,F4,LIAB,S15,RO,2012-01-01,46.8
MIO_NAC,CO,F4,LIAB,S15,RO,2013-01-01,90.6
MIO_NAC,CO,F4,LIAB,S15,RO,2014-01-01,117.9
MIO_NAC,CO,F4,LIAB,S15,RO,2015-01-01,-3.7
MIO_NAC,CO,F4,LIAB,S15,RO,2016-01-01,-25.3
MIO_NAC,CO,F4,LIAB,S15,RO,2017-01-01,23.5 
MIO_NAC,CO,F4,LIAB,S15,SE,1995-01-01,0.0 
MIO_NAC,CO,F4,LIAB,S15,SE,1996-01-01,-251.0 
MIO_NAC,CO,F4,LIAB,S15,SE,1997-01-01,329.0 
MIO_NAC,CO,F4,LIAB,S15,SE,1998-01-01,172.0 
MIO_NAC,CO,F4,LIAB,S15,SE,1999-01-01,916.0 
MIO_NAC,CO,F4,LIAB,S15,SE,2000-01-01,-137.0 
MIO_NAC,CO,F4,LIAB,S15,SE,2001-01-01,658.0 
MIO_NAC,CO,F4,LIAB,S15,SE,2002-01-01,167.0 
MIO_NAC,CO,F4,LIAB,S15,SE,2003-01-01,425.0 
MIO_NAC,CO,F4,LIAB,S15,SE,2004-01-01,67.0 
MIO_NAC,CO,F4,LIAB,S15,SE,2005-01-01,43.0 
MIO_NAC,CO,F4,LIAB,S15,SE,2006-01-01,1118.0 
MIO_NAC,CO,F4,LIAB,S15,SE,2007-01-01,-411.0 
MIO_NAC,CO,F4,LIAB,S15,SE,2008-01-01,440.0 
MIO_NAC,CO,F4,LIAB,S15,SE,2009-01-01,280.0 
MIO_NAC,CO,F4,LIAB,S15,SE,2010-01-01,-462.0 
MIO_NAC,CO,F4,LIAB,S15,SE,2011-01-01,493.0 
MIO_NAC,CO,F4,LIAB,S15,SE,2012-01-01,-210.0
MIO_NAC,CO,F4,LIAB,S15,SE,2013-01-01,878.0
MIO_NAC,CO,F4,LIAB,S15,SE,2014-01-01,-186.0
MIO_NAC,CO,F4,LIAB,S15,SE,2015-01-01,693.0
MIO_NAC,CO,F4,LIAB,S15,SE,2016-01-01,1487.0
MIO_NAC,CO,F4,LIAB,S15,SE,2017-01-01,125.0 
MIO_NAC,CO,F4,LIAB,S15,SI,1995-01-01,: 
MIO_NAC,CO,F4,LIAB,S15,SI,1996-01-01,: 
MIO_NAC,CO,F4,LIAB,S15,SI,1997-01-01,: 
MIO_NAC,CO,F4,LIAB,S15,SI,1998-01-01,: 
MIO_NAC,CO,F4,LIAB,S15,SI,1999-01-01,: 
MIO_NAC,CO,F4,LIAB,S15,SI,2000-01-01,: 
MIO_NAC,CO,F4,LIAB,S15,SI,2001-01-01,: 
MIO_NAC,CO,F4,LIAB,S15,SI,2002-01-01,1.0 
MIO_NAC,CO,F4,LIAB,S15,SI,2003-01-01,4.0 
MIO_NAC,CO,F4,LIAB,S15,SI,2004-01-01,3.0 
MIO_NAC,CO,F4,LIAB,S15,SI,2005-01-01,7.0 
MIO_NAC,CO,F4,LIAB,S15,SI,2006-01-01,0.0 
MIO_NAC,CO,F4,LIAB,S15,SI,2007-01-01,20.0 
MIO_NAC,CO,F4,LIAB,S15,SI,2008-01-01,17.0 
MIO_NAC,CO,F4,LIAB,S15,SI,2009-01-01,4.0 
MIO_NAC,CO,F4,LIAB,S15,SI,2010-01-01,5.0 
MIO_NAC,CO,F4,LIAB,S15,SI,2011-01-01,-6.0 
MIO_NAC,CO,F4,LIAB,S15,SI,2012-01-01,-5.0
MIO_NAC,CO,F4,LIAB,S15,SI,2013-01-01,-15.0
MIO_NAC,CO,F4,LIAB,S15,SI,2014-01-01,-7.0
MIO_NAC,CO,F4,LIAB,S15,SI,2015-01-01,2.0
MIO_NAC,CO,F4,LIAB,S15,SI,2016-01-01,-13.0
MIO_NAC,CO,F4,LIAB,S15,SI,2017-01-01,1.0 
MIO_NAC,CO,F4,LIAB,S15,SK,1995-01-01,1.8 
MIO_NAC,CO,F4,LIAB,S15,SK,1996-01-01,-0.5 
MIO_NAC,CO,F4,LIAB,S15,SK,1997-01-01,0.2 
MIO_NAC,CO,F4,LIAB,S15,SK,1998-01-01,0.0 
MIO_NAC,CO,F4,LIAB,S15,SK,1999-01-01,-2.0 
MIO_NAC,CO,F4,LIAB,S15,SK,2000-01-01,-27.6 
MIO_NAC,CO,F4,LIAB,S15,SK,2001-01-01,1.9 
MIO_NAC,CO,F4,LIAB,S15,SK,2002-01-01,1.5 
MIO_NAC,CO,F4,LIAB,S15,SK,2003-01-01,3.2 
MIO_NAC,CO,F4,LIAB,S15,SK,2004-01-01,6.7 
MIO_NAC,CO,F4,LIAB,S15,SK,2005-01-01,29.0 
MIO_NAC,CO,F4,LIAB,S15,SK,2006-01-01,34.5 
MIO_NAC,CO,F4,LIAB,S15,SK,2007-01-01,30.5 
MIO_NAC,CO,F4,LIAB,S15,SK,2008-01-01,56.1 
MIO_NAC,CO,F4,LIAB,S15,SK,2009-01-01,34.8 
MIO_NAC,CO,F4,LIAB,S15,SK,2010-01-01,45.1 
MIO_NAC,CO,F4,LIAB,S15,SK,2011-01-01,63.1 
MIO_NAC,CO,F4,LIAB,S15,SK,2012-01-01,21.4
MIO_NAC,CO,F4,LIAB,S15,SK,2013-01-01,93.2
MIO_NAC,CO,F4,LIAB,S15,SK,2014-01-01,164.7
MIO_NAC,CO,F4,LIAB,S15,SK,2015-01-01,86.1
MIO_NAC,CO,F4,LIAB,S15,SK,2016-01-01,44.1
MIO_NAC,CO,F4,LIAB,S15,SK,2017-01-01,92.5 
MIO_NAC,CO,F4,LIAB,S15,UK,1995-01-01,-1719.0 
MIO_NAC,CO,F4,LIAB,S15,UK,1996-01-01,483.0 
MIO_NAC,CO,F4,LIAB,S15,UK,1997-01-01,-70.0 
MIO_NAC,CO,F4,LIAB,S15,UK,1998-01-01,396.0 
MIO_NAC,CO,F4,LIAB,S15,UK,1999-01-01,628.0 
MIO_NAC,CO,F4,LIAB,S15,UK,2000-01-01,470.0 
MIO_NAC,CO,F4,LIAB,S15,UK,2001-01-01,961.0 
MIO_NAC,CO,F4,LIAB,S15,UK,2002-01-01,1049.0 
MIO_NAC,CO,F4,LIAB,S15,UK,2003-01-01,1906.0 
MIO_NAC,CO,F4,LIAB,S15,UK,2004-01-01,1032.0 
MIO_NAC,CO,F4,LIAB,S15,UK,2005-01-01,265.0 
MIO_NAC,CO,F4,LIAB,S15,UK,2006-01-01,1341.0 
MIO_NAC,CO,F4,LIAB,S15,UK,2007-01-01,795.0 
MIO_NAC,CO,F4,LIAB,S15,UK,2008-01-01,3044.0 
MIO_NAC,CO,F4,LIAB,S15,UK,2009-01-01,1241.0 
MIO_NAC,CO,F4,LIAB,S15,UK,2010-01-01,252.0 
MIO_NAC,CO,F4,LIAB,S15,UK,2011-01-01,1789.0 
MIO_NAC,CO,F4,LIAB,S15,UK,2012-01-01,103.0
MIO_NAC,CO,F4,LIAB,S15,UK,2013-01-01,-1136.0
MIO_NAC,CO,F4,LIAB,S15,UK,2014-01-01,547.0
MIO_NAC,CO,F4,LIAB,S15,UK,2015-01-01,1769.0
MIO_NAC,CO,F4,LIAB,S15,UK,2016-01-01,1332.0
MIO_NAC,CO,F4,LIAB,S15,UK,2017-01-01,1544.0 
