age,unit,sex,geotime,date,value
TOTAL,AVG_3Y,T,AT,1995-01-01,
TOTAL,AVG_3Y,T,AT,1996-01-01,
TOTAL,AVG_3Y,T,AT,1997-01-01,4
TOTAL,AVG_3Y,T,AT,1998-01-01,4
TOTAL,AVG_3Y,T,AT,1999-01-01,4
TOTAL,AVG_3Y,T,AT,2000-01-01,4
TOTAL,AVG_3Y,T,AT,2001-01-01,4
TOTAL,AVG_3Y,T,AT,2002-01-01,4
TOTAL,AVG_3Y,T,AT,2003-01-01,4
TOTAL,AVG_3Y,T,AT,2004-01-01,4
TOTAL,AVG_3Y,T,AT,2005-01-01,5
TOTAL,AVG_3Y,T,AT,2006-01-01,5
TOTAL,AVG_3Y,T,AT,2007-01-01,5
TOTAL,AVG_3Y,T,AT,2008-01-01,4
TOTAL,AVG_3Y,T,AT,2009-01-01,4
TOTAL,AVG_3Y,T,AT,2010-01-01,4
TOTAL,AVG_3Y,T,AT,2011-01-01,4
TOTAL,AVG_3Y,T,AT,2012-01-01,4
TOTAL,AVG_3Y,T,AT,2013-01-01,5
TOTAL,AVG_3Y,T,AT,2014-01-01,
TOTAL,AVG_3Y,T,AT,2015-01-01,
TOTAL,AVG_3Y,T,AT,2016-01-01,
TOTAL,AVG_3Y,T,AT,2017-01-01,5
TOTAL,AVG_3Y,T,BE,1995-01-01,
TOTAL,AVG_3Y,T,BE,1996-01-01,
TOTAL,AVG_3Y,T,BE,1997-01-01,9
TOTAL,AVG_3Y,T,BE,1998-01-01,9
TOTAL,AVG_3Y,T,BE,1999-01-01,9
TOTAL,AVG_3Y,T,BE,2000-01-01,8
TOTAL,AVG_3Y,T,BE,2001-01-01,7
TOTAL,AVG_3Y,T,BE,2002-01-01,7
TOTAL,AVG_3Y,T,BE,2003-01-01,7
TOTAL,AVG_3Y,T,BE,2004-01-01,8
TOTAL,AVG_3Y,T,BE,2005-01-01,8
TOTAL,AVG_3Y,T,BE,2006-01-01,8
TOTAL,AVG_3Y,T,BE,2007-01-01,8
TOTAL,AVG_3Y,T,BE,2008-01-01,7
TOTAL,AVG_3Y,T,BE,2009-01-01,7
TOTAL,AVG_3Y,T,BE,2010-01-01,7
TOTAL,AVG_3Y,T,BE,2011-01-01,7
TOTAL,AVG_3Y,T,BE,2012-01-01,7
TOTAL,AVG_3Y,T,BE,2013-01-01,7
TOTAL,AVG_3Y,T,BE,2014-01-01,
TOTAL,AVG_3Y,T,BE,2015-01-01,
TOTAL,AVG_3Y,T,BE,2016-01-01,
TOTAL,AVG_3Y,T,BE,2017-01-01,7
TOTAL,AVG_3Y,T,BG,1995-01-01,
TOTAL,AVG_3Y,T,BG,1996-01-01,
TOTAL,AVG_3Y,T,BG,1997-01-01,
TOTAL,AVG_3Y,T,BG,1998-01-01,
TOTAL,AVG_3Y,T,BG,1999-01-01,
TOTAL,AVG_3Y,T,BG,2000-01-01,
TOTAL,AVG_3Y,T,BG,2001-01-01,
TOTAL,AVG_3Y,T,BG,2002-01-01,18
TOTAL,AVG_3Y,T,BG,2003-01-01,17
TOTAL,AVG_3Y,T,BG,2004-01-01,14
TOTAL,AVG_3Y,T,BG,2005-01-01,12
TOTAL,AVG_3Y,T,BG,2006-01-01,10
TOTAL,AVG_3Y,T,BG,2007-01-01,8
TOTAL,AVG_3Y,T,BG,2008-01-01,7
TOTAL,AVG_3Y,T,BG,2009-01-01,6
TOTAL,AVG_3Y,T,BG,2010-01-01,7
TOTAL,AVG_3Y,T,BG,2011-01-01,9
TOTAL,AVG_3Y,T,BG,2012-01-01,11
TOTAL,AVG_3Y,T,BG,2013-01-01,12
TOTAL,AVG_3Y,T,BG,2014-01-01,
TOTAL,AVG_3Y,T,BG,2015-01-01,
TOTAL,AVG_3Y,T,BG,2016-01-01,
TOTAL,AVG_3Y,T,BG,2017-01-01,7
TOTAL,AVG_3Y,T,CY,1995-01-01,
TOTAL,AVG_3Y,T,CY,1996-01-01,
TOTAL,AVG_3Y,T,CY,1997-01-01,
TOTAL,AVG_3Y,T,CY,1998-01-01,
TOTAL,AVG_3Y,T,CY,1999-01-01,
TOTAL,AVG_3Y,T,CY,2000-01-01,
TOTAL,AVG_3Y,T,CY,2001-01-01,
TOTAL,AVG_3Y,T,CY,2002-01-01,4
TOTAL,AVG_3Y,T,CY,2003-01-01,3
TOTAL,AVG_3Y,T,CY,2004-01-01,4
TOTAL,AVG_3Y,T,CY,2005-01-01,4
TOTAL,AVG_3Y,T,CY,2006-01-01,4
TOTAL,AVG_3Y,T,CY,2007-01-01,4
TOTAL,AVG_3Y,T,CY,2008-01-01,4
TOTAL,AVG_3Y,T,CY,2009-01-01,4
TOTAL,AVG_3Y,T,CY,2010-01-01,5
TOTAL,AVG_3Y,T,CY,2011-01-01,6
TOTAL,AVG_3Y,T,CY,2012-01-01,8
TOTAL,AVG_3Y,T,CY,2013-01-01,11
TOTAL,AVG_3Y,T,CY,2014-01-01,
TOTAL,AVG_3Y,T,CY,2015-01-01,
TOTAL,AVG_3Y,T,CY,2016-01-01,
TOTAL,AVG_3Y,T,CY,2017-01-01,13
TOTAL,AVG_3Y,T,CZ,1995-01-01,
TOTAL,AVG_3Y,T,CZ,1996-01-01,
TOTAL,AVG_3Y,T,CZ,1997-01-01,4
TOTAL,AVG_3Y,T,CZ,1998-01-01,5
TOTAL,AVG_3Y,T,CZ,1999-01-01,6
TOTAL,AVG_3Y,T,CZ,2000-01-01,8
TOTAL,AVG_3Y,T,CZ,2001-01-01,8
TOTAL,AVG_3Y,T,CZ,2002-01-01,8
TOTAL,AVG_3Y,T,CZ,2003-01-01,7
TOTAL,AVG_3Y,T,CZ,2004-01-01,7
TOTAL,AVG_3Y,T,CZ,2005-01-01,8
TOTAL,AVG_3Y,T,CZ,2006-01-01,7
TOTAL,AVG_3Y,T,CZ,2007-01-01,6
TOTAL,AVG_3Y,T,CZ,2008-01-01,5
TOTAL,AVG_3Y,T,CZ,2009-01-01,5
TOTAL,AVG_3Y,T,CZ,2010-01-01,6
TOTAL,AVG_3Y,T,CZ,2011-01-01,6
TOTAL,AVG_3Y,T,CZ,2012-01-01,7
TOTAL,AVG_3Y,T,CZ,2013-01-01,6
TOTAL,AVG_3Y,T,CZ,2014-01-01,
TOTAL,AVG_3Y,T,CZ,2015-01-01,
TOTAL,AVG_3Y,T,CZ,2016-01-01,
TOTAL,AVG_3Y,T,CZ,2017-01-01,4
TOTAL,AVG_3Y,T,DE,1995-01-01,
TOTAL,AVG_3Y,T,DE,1996-01-01,
TOTAL,AVG_3Y,T,DE,1997-01-01,8
TOTAL,AVG_3Y,T,DE,1998-01-01,9
TOTAL,AVG_3Y,T,DE,1999-01-01,9
TOTAL,AVG_3Y,T,DE,2000-01-01,8
TOTAL,AVG_3Y,T,DE,2001-01-01,8
TOTAL,AVG_3Y,T,DE,2002-01-01,8
TOTAL,AVG_3Y,T,DE,2003-01-01,8
TOTAL,AVG_3Y,T,DE,2004-01-01,9
TOTAL,AVG_3Y,T,DE,2005-01-01,10
TOTAL,AVG_3Y,T,DE,2006-01-01,10
TOTAL,AVG_3Y,T,DE,2007-01-01,9
TOTAL,AVG_3Y,T,DE,2008-01-01,8
TOTAL,AVG_3Y,T,DE,2009-01-01,7
TOTAL,AVG_3Y,T,DE,2010-01-01,7
TOTAL,AVG_3Y,T,DE,2011-01-01,6
TOTAL,AVG_3Y,T,DE,2012-01-01,6
TOTAL,AVG_3Y,T,DE,2013-01-01,5
TOTAL,AVG_3Y,T,DE,2014-01-01,
TOTAL,AVG_3Y,T,DE,2015-01-01,
TOTAL,AVG_3Y,T,DE,2016-01-01,
TOTAL,AVG_3Y,T,DE,2017-01-01,4
TOTAL,AVG_3Y,T,DK,1995-01-01,
TOTAL,AVG_3Y,T,DK,1996-01-01,
TOTAL,AVG_3Y,T,DK,1997-01-01,6
TOTAL,AVG_3Y,T,DK,1998-01-01,5
TOTAL,AVG_3Y,T,DK,1999-01-01,5
TOTAL,AVG_3Y,T,DK,2000-01-01,4
TOTAL,AVG_3Y,T,DK,2001-01-01,4
TOTAL,AVG_3Y,T,DK,2002-01-01,4
TOTAL,AVG_3Y,T,DK,2003-01-01,4
TOTAL,AVG_3Y,T,DK,2004-01-01,5
TOTAL,AVG_3Y,T,DK,2005-01-01,5
TOTAL,AVG_3Y,T,DK,2006-01-01,4
TOTAL,AVG_3Y,T,DK,2007-01-01,4
TOTAL,AVG_3Y,T,DK,2008-01-01,3
TOTAL,AVG_3Y,T,DK,2009-01-01,4
TOTAL,AVG_3Y,T,DK,2010-01-01,5
TOTAL,AVG_3Y,T,DK,2011-01-01,7
TOTAL,AVG_3Y,T,DK,2012-01-01,7
TOTAL,AVG_3Y,T,DK,2013-01-01,7
TOTAL,AVG_3Y,T,DK,2014-01-01,
TOTAL,AVG_3Y,T,DK,2015-01-01,
TOTAL,AVG_3Y,T,DK,2016-01-01,
TOTAL,AVG_3Y,T,DK,2017-01-01,6
TOTAL,AVG_3Y,T,EE,1995-01-01,
TOTAL,AVG_3Y,T,EE,1996-01-01,
TOTAL,AVG_3Y,T,EE,1997-01-01,
TOTAL,AVG_3Y,T,EE,1998-01-01,
TOTAL,AVG_3Y,T,EE,1999-01-01,
TOTAL,AVG_3Y,T,EE,2000-01-01,
TOTAL,AVG_3Y,T,EE,2001-01-01,
TOTAL,AVG_3Y,T,EE,2002-01-01,12
TOTAL,AVG_3Y,T,EE,2003-01-01,11
TOTAL,AVG_3Y,T,EE,2004-01-01,10
TOTAL,AVG_3Y,T,EE,2005-01-01,9
TOTAL,AVG_3Y,T,EE,2006-01-01,8
TOTAL,AVG_3Y,T,EE,2007-01-01,6
TOTAL,AVG_3Y,T,EE,2008-01-01,5
TOTAL,AVG_3Y,T,EE,2009-01-01,7
TOTAL,AVG_3Y,T,EE,2010-01-01,11
TOTAL,AVG_3Y,T,EE,2011-01-01,14
TOTAL,AVG_3Y,T,EE,2012-01-01,13
TOTAL,AVG_3Y,T,EE,2013-01-01,10
TOTAL,AVG_3Y,T,EE,2014-01-01,
TOTAL,AVG_3Y,T,EE,2015-01-01,
TOTAL,AVG_3Y,T,EE,2016-01-01,
TOTAL,AVG_3Y,T,EE,2017-01-01,6
TOTAL,AVG_3Y,T,EL,1995-01-01,
TOTAL,AVG_3Y,T,EL,1996-01-01,
TOTAL,AVG_3Y,T,EL,1997-01-01,
TOTAL,AVG_3Y,T,EL,1998-01-01,
TOTAL,AVG_3Y,T,EL,1999-01-01,
TOTAL,AVG_3Y,T,EL,2000-01-01,11
TOTAL,AVG_3Y,T,EL,2001-01-01,11
TOTAL,AVG_3Y,T,EL,2002-01-01,10
TOTAL,AVG_3Y,T,EL,2003-01-01,10
TOTAL,AVG_3Y,T,EL,2004-01-01,10
TOTAL,AVG_3Y,T,EL,2005-01-01,10
TOTAL,AVG_3Y,T,EL,2006-01-01,9
TOTAL,AVG_3Y,T,EL,2007-01-01,9
TOTAL,AVG_3Y,T,EL,2008-01-01,8
TOTAL,AVG_3Y,T,EL,2009-01-01,8
TOTAL,AVG_3Y,T,EL,2010-01-01,10
TOTAL,AVG_3Y,T,EL,2011-01-01,13
TOTAL,AVG_3Y,T,EL,2012-01-01,18
TOTAL,AVG_3Y,T,EL,2013-01-01,23
TOTAL,AVG_3Y,T,EL,2014-01-01,
TOTAL,AVG_3Y,T,EL,2015-01-01,
TOTAL,AVG_3Y,T,EL,2016-01-01,
TOTAL,AVG_3Y,T,EL,2017-01-01,23
TOTAL,AVG_3Y,T,ES,1995-01-01,
TOTAL,AVG_3Y,T,ES,1996-01-01,
TOTAL,AVG_3Y,T,ES,1997-01-01,19
TOTAL,AVG_3Y,T,ES,1998-01-01,18
TOTAL,AVG_3Y,T,ES,1999-01-01,16
TOTAL,AVG_3Y,T,ES,2000-01-01,14
TOTAL,AVG_3Y,T,ES,2001-01-01,12
TOTAL,AVG_3Y,T,ES,2002-01-01,11
TOTAL,AVG_3Y,T,ES,2003-01-01,11
TOTAL,AVG_3Y,T,ES,2004-01-01,11
TOTAL,AVG_3Y,T,ES,2005-01-01,10
TOTAL,AVG_3Y,T,ES,2006-01-01,9
TOTAL,AVG_3Y,T,ES,2007-01-01,8
TOTAL,AVG_3Y,T,ES,2008-01-01,9
TOTAL,AVG_3Y,T,ES,2009-01-01,12
TOTAL,AVG_3Y,T,ES,2010-01-01,16
TOTAL,AVG_3Y,T,ES,2011-01-01,19
TOTAL,AVG_3Y,T,ES,2012-01-01,22
TOTAL,AVG_3Y,T,ES,2013-01-01,24
TOTAL,AVG_3Y,T,ES,2014-01-01,
TOTAL,AVG_3Y,T,ES,2015-01-01,
TOTAL,AVG_3Y,T,ES,2016-01-01,
TOTAL,AVG_3Y,T,ES,2017-01-01,19
TOTAL,AVG_3Y,T,FI,1995-01-01,
TOTAL,AVG_3Y,T,FI,1996-01-01,
TOTAL,AVG_3Y,T,FI,1997-01-01,14
TOTAL,AVG_3Y,T,FI,1998-01-01,12
TOTAL,AVG_3Y,T,FI,1999-01-01,11
TOTAL,AVG_3Y,T,FI,2000-01-01,10
TOTAL,AVG_3Y,T,FI,2001-01-01,9
TOTAL,AVG_3Y,T,FI,2002-01-01,9
TOTAL,AVG_3Y,T,FI,2003-01-01,9
TOTAL,AVG_3Y,T,FI,2004-01-01,9
TOTAL,AVG_3Y,T,FI,2005-01-01,8
TOTAL,AVG_3Y,T,FI,2006-01-01,8
TOTAL,AVG_3Y,T,FI,2007-01-01,7
TOTAL,AVG_3Y,T,FI,2008-01-01,7
TOTAL,AVG_3Y,T,FI,2009-01-01,7
TOTAL,AVG_3Y,T,FI,2010-01-01,7
TOTAL,AVG_3Y,T,FI,2011-01-01,8
TOTAL,AVG_3Y,T,FI,2012-01-01,8
TOTAL,AVG_3Y,T,FI,2013-01-01,7
TOTAL,AVG_3Y,T,FI,2014-01-01,
TOTAL,AVG_3Y,T,FI,2015-01-01,
TOTAL,AVG_3Y,T,FI,2016-01-01,
TOTAL,AVG_3Y,T,FI,2017-01-01,8
TOTAL,AVG_3Y,T,FR,1995-01-01,
TOTAL,AVG_3Y,T,FR,1996-01-01,
TOTAL,AVG_3Y,T,FR,1997-01-01,10
TOTAL,AVG_3Y,T,FR,1998-01-01,10
TOTAL,AVG_3Y,T,FR,1999-01-01,10
TOTAL,AVG_3Y,T,FR,2000-01-01,9
TOTAL,AVG_3Y,T,FR,2001-01-01,8
TOTAL,AVG_3Y,T,FR,2002-01-01,8
TOTAL,AVG_3Y,T,FR,2003-01-01,8
TOTAL,AVG_3Y,T,FR,2004-01-01,8
TOTAL,AVG_3Y,T,FR,2005-01-01,8
TOTAL,AVG_3Y,T,FR,2006-01-01,8
TOTAL,AVG_3Y,T,FR,2007-01-01,8
TOTAL,AVG_3Y,T,FR,2008-01-01,8
TOTAL,AVG_3Y,T,FR,2009-01-01,8
TOTAL,AVG_3Y,T,FR,2010-01-01,8
TOTAL,AVG_3Y,T,FR,2011-01-01,9
TOTAL,AVG_3Y,T,FR,2012-01-01,9
TOTAL,AVG_3Y,T,FR,2013-01-01,9
TOTAL,AVG_3Y,T,FR,2014-01-01,
TOTAL,AVG_3Y,T,FR,2015-01-01,
TOTAL,AVG_3Y,T,FR,2016-01-01,
TOTAL,AVG_3Y,T,FR,2017-01-01,10
TOTAL,AVG_3Y,T,HR,1995-01-01,
TOTAL,AVG_3Y,T,HR,1996-01-01,
TOTAL,AVG_3Y,T,HR,1997-01-01,
TOTAL,AVG_3Y,T,HR,1998-01-01,
TOTAL,AVG_3Y,T,HR,1999-01-01,
TOTAL,AVG_3Y,T,HR,2000-01-01,
TOTAL,AVG_3Y,T,HR,2001-01-01,
TOTAL,AVG_3Y,T,HR,2002-01-01,15
TOTAL,AVG_3Y,T,HR,2003-01-01,15
TOTAL,AVG_3Y,T,HR,2004-01-01,14
TOTAL,AVG_3Y,T,HR,2005-01-01,13
TOTAL,AVG_3Y,T,HR,2006-01-01,12
TOTAL,AVG_3Y,T,HR,2007-01-01,11
TOTAL,AVG_3Y,T,HR,2008-01-01,10
TOTAL,AVG_3Y,T,HR,2009-01-01,9
TOTAL,AVG_3Y,T,HR,2010-01-01,9
TOTAL,AVG_3Y,T,HR,2011-01-01,11
TOTAL,AVG_3Y,T,HR,2012-01-01,13
TOTAL,AVG_3Y,T,HR,2013-01-01,15
TOTAL,AVG_3Y,T,HR,2014-01-01,
TOTAL,AVG_3Y,T,HR,2015-01-01,
TOTAL,AVG_3Y,T,HR,2016-01-01,
TOTAL,AVG_3Y,T,HR,2017-01-01,13
TOTAL,AVG_3Y,T,HU,1995-01-01,
TOTAL,AVG_3Y,T,HU,1996-01-01,
TOTAL,AVG_3Y,T,HU,1997-01-01,
TOTAL,AVG_3Y,T,HU,1998-01-01,9
TOTAL,AVG_3Y,T,HU,1999-01-01,8
TOTAL,AVG_3Y,T,HU,2000-01-01,7
TOTAL,AVG_3Y,T,HU,2001-01-01,6
TOTAL,AVG_3Y,T,HU,2002-01-01,5
TOTAL,AVG_3Y,T,HU,2003-01-01,5
TOTAL,AVG_3Y,T,HU,2004-01-01,5
TOTAL,AVG_3Y,T,HU,2005-01-01,6
TOTAL,AVG_3Y,T,HU,2006-01-01,6
TOTAL,AVG_3Y,T,HU,2007-01-01,7
TOTAL,AVG_3Y,T,HU,2008-01-01,7
TOTAL,AVG_3Y,T,HU,2009-01-01,8
TOTAL,AVG_3Y,T,HU,2010-01-01,9
TOTAL,AVG_3Y,T,HU,2011-01-01,10
TOTAL,AVG_3Y,T,HU,2012-01-01,11
TOTAL,AVG_3Y,T,HU,2013-01-01,10
TOTAL,AVG_3Y,T,HU,2014-01-01,
TOTAL,AVG_3Y,T,HU,2015-01-01,
TOTAL,AVG_3Y,T,HU,2016-01-01,
TOTAL,AVG_3Y,T,HU,2017-01-01,5
TOTAL,AVG_3Y,T,IE,1995-01-01,
TOTAL,AVG_3Y,T,IE,1996-01-01,
TOTAL,AVG_3Y,T,IE,1997-01-01,11
TOTAL,AVG_3Y,T,IE,1998-01-01,9
TOTAL,AVG_3Y,T,IE,1999-01-01,7
TOTAL,AVG_3Y,T,IE,2000-01-01,5
TOTAL,AVG_3Y,T,IE,2001-01-01,4
TOTAL,AVG_3Y,T,IE,2002-01-01,4
TOTAL,AVG_3Y,T,IE,2003-01-01,4
TOTAL,AVG_3Y,T,IE,2004-01-01,4
TOTAL,AVG_3Y,T,IE,2005-01-01,4
TOTAL,AVG_3Y,T,IE,2006-01-01,4
TOTAL,AVG_3Y,T,IE,2007-01-01,4
TOTAL,AVG_3Y,T,IE,2008-01-01,5
TOTAL,AVG_3Y,T,IE,2009-01-01,8
TOTAL,AVG_3Y,T,IE,2010-01-01,11
TOTAL,AVG_3Y,T,IE,2011-01-01,14
TOTAL,AVG_3Y,T,IE,2012-01-01,15
TOTAL,AVG_3Y,T,IE,2013-01-01,14
TOTAL,AVG_3Y,T,IE,2014-01-01,
TOTAL,AVG_3Y,T,IE,2015-01-01,
TOTAL,AVG_3Y,T,IE,2016-01-01,
TOTAL,AVG_3Y,T,IE,2017-01-01,8
TOTAL,AVG_3Y,T,IT,1995-01-01,
TOTAL,AVG_3Y,T,IT,1996-01-01,
TOTAL,AVG_3Y,T,IT,1997-01-01,11
TOTAL,AVG_3Y,T,IT,1998-01-01,11
TOTAL,AVG_3Y,T,IT,1999-01-01,11
TOTAL,AVG_3Y,T,IT,2000-01-01,10
TOTAL,AVG_3Y,T,IT,2001-01-01,10
TOTAL,AVG_3Y,T,IT,2002-01-01,9
TOTAL,AVG_3Y,T,IT,2003-01-01,8
TOTAL,AVG_3Y,T,IT,2004-01-01,8
TOTAL,AVG_3Y,T,IT,2005-01-01,8
TOTAL,AVG_3Y,T,IT,2006-01-01,7
TOTAL,AVG_3Y,T,IT,2007-01-01,6
TOTAL,AVG_3Y,T,IT,2008-01-01,6
TOTAL,AVG_3Y,T,IT,2009-01-01,6
TOTAL,AVG_3Y,T,IT,2010-01-01,7
TOTAL,AVG_3Y,T,IT,2011-01-01,8
TOTAL,AVG_3Y,T,IT,2012-01-01,9
TOTAL,AVG_3Y,T,IT,2013-01-01,10
TOTAL,AVG_3Y,T,IT,2014-01-01,
TOTAL,AVG_3Y,T,IT,2015-01-01,
TOTAL,AVG_3Y,T,IT,2016-01-01,
TOTAL,AVG_3Y,T,IT,2017-01-01,11
TOTAL,AVG_3Y,T,LT,1995-01-01,
TOTAL,AVG_3Y,T,LT,1996-01-01,
TOTAL,AVG_3Y,T,LT,1997-01-01,
TOTAL,AVG_3Y,T,LT,1998-01-01,
TOTAL,AVG_3Y,T,LT,1999-01-01,
TOTAL,AVG_3Y,T,LT,2000-01-01,14
TOTAL,AVG_3Y,T,LT,2001-01-01,16
TOTAL,AVG_3Y,T,LT,2002-01-01,15
TOTAL,AVG_3Y,T,LT,2003-01-01,14
TOTAL,AVG_3Y,T,LT,2004-01-01,12
TOTAL,AVG_3Y,T,LT,2005-01-01,10
TOTAL,AVG_3Y,T,LT,2006-01-01,8
TOTAL,AVG_3Y,T,LT,2007-01-01,6
TOTAL,AVG_3Y,T,LT,2008-01-01,5
TOTAL,AVG_3Y,T,LT,2009-01-01,8
TOTAL,AVG_3Y,T,LT,2010-01-01,12
TOTAL,AVG_3Y,T,LT,2011-01-01,15
TOTAL,AVG_3Y,T,LT,2012-01-01,15
TOTAL,AVG_3Y,T,LT,2013-01-01,13
TOTAL,AVG_3Y,T,LT,2014-01-01,
TOTAL,AVG_3Y,T,LT,2015-01-01,
TOTAL,AVG_3Y,T,LT,2016-01-01,
TOTAL,AVG_3Y,T,LT,2017-01-01,8
TOTAL,AVG_3Y,T,LU,1995-01-01,
TOTAL,AVG_3Y,T,LU,1996-01-01,
TOTAL,AVG_3Y,T,LU,1997-01-01,2
TOTAL,AVG_3Y,T,LU,1998-01-01,2
TOTAL,AVG_3Y,T,LU,1999-01-01,2
TOTAL,AVG_3Y,T,LU,2000-01-01,2
TOTAL,AVG_3Y,T,LU,2001-01-01,2
TOTAL,AVG_3Y,T,LU,2002-01-01,2
TOTAL,AVG_3Y,T,LU,2003-01-01,2
TOTAL,AVG_3Y,T,LU,2004-01-01,3
TOTAL,AVG_3Y,T,LU,2005-01-01,4
TOTAL,AVG_3Y,T,LU,2006-01-01,4
TOTAL,AVG_3Y,T,LU,2007-01-01,4
TOTAL,AVG_3Y,T,LU,2008-01-01,4
TOTAL,AVG_3Y,T,LU,2009-01-01,4
TOTAL,AVG_3Y,T,LU,2010-01-01,4
TOTAL,AVG_3Y,T,LU,2011-01-01,4
TOTAL,AVG_3Y,T,LU,2012-01-01,4
TOTAL,AVG_3Y,T,LU,2013-01-01,5
TOTAL,AVG_3Y,T,LU,2014-01-01,
TOTAL,AVG_3Y,T,LU,2015-01-01,
TOTAL,AVG_3Y,T,LU,2016-01-01,
TOTAL,AVG_3Y,T,LU,2017-01-01,6
TOTAL,AVG_3Y,T,LV,1995-01-01,
TOTAL,AVG_3Y,T,LV,1996-01-01,
TOTAL,AVG_3Y,T,LV,1997-01-01,
TOTAL,AVG_3Y,T,LV,1998-01-01,
TOTAL,AVG_3Y,T,LV,1999-01-01,
TOTAL,AVG_3Y,T,LV,2000-01-01,
TOTAL,AVG_3Y,T,LV,2001-01-01,14
TOTAL,AVG_3Y,T,LV,2002-01-01,13
TOTAL,AVG_3Y,T,LV,2003-01-01,12
TOTAL,AVG_3Y,T,LV,2004-01-01,11
TOTAL,AVG_3Y,T,LV,2005-01-01,11
TOTAL,AVG_3Y,T,LV,2006-01-01,9
TOTAL,AVG_3Y,T,LV,2007-01-01,7
TOTAL,AVG_3Y,T,LV,2008-01-01,6
TOTAL,AVG_3Y,T,LV,2009-01-01,10
TOTAL,AVG_3Y,T,LV,2010-01-01,14
TOTAL,AVG_3Y,T,LV,2011-01-01,17
TOTAL,AVG_3Y,T,LV,2012-01-01,16
TOTAL,AVG_3Y,T,LV,2013-01-01,14
TOTAL,AVG_3Y,T,LV,2014-01-01,
TOTAL,AVG_3Y,T,LV,2015-01-01,
TOTAL,AVG_3Y,T,LV,2016-01-01,
TOTAL,AVG_3Y,T,LV,2017-01-01,9
TOTAL,AVG_3Y,T,MT,1995-01-01,
TOTAL,AVG_3Y,T,MT,1996-01-01,
TOTAL,AVG_3Y,T,MT,1997-01-01,
TOTAL,AVG_3Y,T,MT,1998-01-01,
TOTAL,AVG_3Y,T,MT,1999-01-01,
TOTAL,AVG_3Y,T,MT,2000-01-01,
TOTAL,AVG_3Y,T,MT,2001-01-01,
TOTAL,AVG_3Y,T,MT,2002-01-01,7
TOTAL,AVG_3Y,T,MT,2003-01-01,7
TOTAL,AVG_3Y,T,MT,2004-01-01,7
TOTAL,AVG_3Y,T,MT,2005-01-01,7
TOTAL,AVG_3Y,T,MT,2006-01-01,7
TOTAL,AVG_3Y,T,MT,2007-01-01,7
TOTAL,AVG_3Y,T,MT,2008-01-01,6
TOTAL,AVG_3Y,T,MT,2009-01-01,6
TOTAL,AVG_3Y,T,MT,2010-01-01,7
TOTAL,AVG_3Y,T,MT,2011-01-01,7
TOTAL,AVG_3Y,T,MT,2012-01-01,7
TOTAL,AVG_3Y,T,MT,2013-01-01,6
TOTAL,AVG_3Y,T,MT,2014-01-01,
TOTAL,AVG_3Y,T,MT,2015-01-01,
TOTAL,AVG_3Y,T,MT,2016-01-01,
TOTAL,AVG_3Y,T,MT,2017-01-01,5
TOTAL,AVG_3Y,T,NL,1995-01-01,
TOTAL,AVG_3Y,T,NL,1996-01-01,
TOTAL,AVG_3Y,T,NL,1997-01-01,7
TOTAL,AVG_3Y,T,NL,1998-01-01,6
TOTAL,AVG_3Y,T,NL,1999-01-01,5
TOTAL,AVG_3Y,T,NL,2000-01-01,4
TOTAL,AVG_3Y,T,NL,2001-01-01,3
TOTAL,AVG_3Y,T,NL,2002-01-01,3
TOTAL,AVG_3Y,T,NL,2003-01-01,3
TOTAL,AVG_3Y,T,NL,2004-01-01,4
TOTAL,AVG_3Y,T,NL,2005-01-01,5
TOTAL,AVG_3Y,T,NL,2006-01-01,5
TOTAL,AVG_3Y,T,NL,2007-01-01,5
TOTAL,AVG_3Y,T,NL,2008-01-01,4
TOTAL,AVG_3Y,T,NL,2009-01-01,4
TOTAL,AVG_3Y,T,NL,2010-01-01,4
TOTAL,AVG_3Y,T,NL,2011-01-01,4
TOTAL,AVG_3Y,T,NL,2012-01-01,5
TOTAL,AVG_3Y,T,NL,2013-01-01,6
TOTAL,AVG_3Y,T,NL,2014-01-01,
TOTAL,AVG_3Y,T,NL,2015-01-01,
TOTAL,AVG_3Y,T,NL,2016-01-01,
TOTAL,AVG_3Y,T,NL,2017-01-01,5
TOTAL,AVG_3Y,T,PL,1995-01-01,
TOTAL,AVG_3Y,T,PL,1996-01-01,
TOTAL,AVG_3Y,T,PL,1997-01-01,
TOTAL,AVG_3Y,T,PL,1998-01-01,
TOTAL,AVG_3Y,T,PL,1999-01-01,11
TOTAL,AVG_3Y,T,PL,2000-01-01,13
TOTAL,AVG_3Y,T,PL,2001-01-01,15
TOTAL,AVG_3Y,T,PL,2002-01-01,18
TOTAL,AVG_3Y,T,PL,2003-01-01,19
TOTAL,AVG_3Y,T,PL,2004-01-01,19
TOTAL,AVG_3Y,T,PL,2005-01-01,18
TOTAL,AVG_3Y,T,PL,2006-01-01,17
TOTAL,AVG_3Y,T,PL,2007-01-01,13
TOTAL,AVG_3Y,T,PL,2008-01-01,10
TOTAL,AVG_3Y,T,PL,2009-01-01,8
TOTAL,AVG_3Y,T,PL,2010-01-01,8
TOTAL,AVG_3Y,T,PL,2011-01-01,9
TOTAL,AVG_3Y,T,PL,2012-01-01,9
TOTAL,AVG_3Y,T,PL,2013-01-01,10
TOTAL,AVG_3Y,T,PL,2014-01-01,
TOTAL,AVG_3Y,T,PL,2015-01-01,
TOTAL,AVG_3Y,T,PL,2016-01-01,
TOTAL,AVG_3Y,T,PL,2017-01-01,6
TOTAL,AVG_3Y,T,PT,1995-01-01,
TOTAL,AVG_3Y,T,PT,1996-01-01,
TOTAL,AVG_3Y,T,PT,1997-01-01,7
TOTAL,AVG_3Y,T,PT,1998-01-01,7
TOTAL,AVG_3Y,T,PT,1999-01-01,6
TOTAL,AVG_3Y,T,PT,2000-01-01,5
TOTAL,AVG_3Y,T,PT,2001-01-01,5
TOTAL,AVG_3Y,T,PT,2002-01-01,5
TOTAL,AVG_3Y,T,PT,2003-01-01,6
TOTAL,AVG_3Y,T,PT,2004-01-01,7
TOTAL,AVG_3Y,T,PT,2005-01-01,8
TOTAL,AVG_3Y,T,PT,2006-01-01,8
TOTAL,AVG_3Y,T,PT,2007-01-01,8
TOTAL,AVG_3Y,T,PT,2008-01-01,8
TOTAL,AVG_3Y,T,PT,2009-01-01,9
TOTAL,AVG_3Y,T,PT,2010-01-01,10
TOTAL,AVG_3Y,T,PT,2011-01-01,11
TOTAL,AVG_3Y,T,PT,2012-01-01,13
TOTAL,AVG_3Y,T,PT,2013-01-01,15
TOTAL,AVG_3Y,T,PT,2014-01-01,
TOTAL,AVG_3Y,T,PT,2015-01-01,
TOTAL,AVG_3Y,T,PT,2016-01-01,
TOTAL,AVG_3Y,T,PT,2017-01-01,10
TOTAL,AVG_3Y,T,RO,1995-01-01,
TOTAL,AVG_3Y,T,RO,1996-01-01,
TOTAL,AVG_3Y,T,RO,1997-01-01,
TOTAL,AVG_3Y,T,RO,1998-01-01,
TOTAL,AVG_3Y,T,RO,1999-01-01,6
TOTAL,AVG_3Y,T,RO,2000-01-01,7
TOTAL,AVG_3Y,T,RO,2001-01-01,7
TOTAL,AVG_3Y,T,RO,2002-01-01,7
TOTAL,AVG_3Y,T,RO,2003-01-01,7
TOTAL,AVG_3Y,T,RO,2004-01-01,8
TOTAL,AVG_3Y,T,RO,2005-01-01,7
TOTAL,AVG_3Y,T,RO,2006-01-01,7
TOTAL,AVG_3Y,T,RO,2007-01-01,6
TOTAL,AVG_3Y,T,RO,2008-01-01,6
TOTAL,AVG_3Y,T,RO,2009-01-01,6
TOTAL,AVG_3Y,T,RO,2010-01-01,6
TOTAL,AVG_3Y,T,RO,2011-01-01,6
TOTAL,AVG_3Y,T,RO,2012-01-01,7
TOTAL,AVG_3Y,T,RO,2013-01-01,7
TOTAL,AVG_3Y,T,RO,2014-01-01,
TOTAL,AVG_3Y,T,RO,2015-01-01,
TOTAL,AVG_3Y,T,RO,2016-01-01,
TOTAL,AVG_3Y,T,RO,2017-01-01,5
TOTAL,AVG_3Y,T,SE,1995-01-01,
TOTAL,AVG_3Y,T,SE,1996-01-01,
TOTAL,AVG_3Y,T,SE,1997-01-01,9
TOTAL,AVG_3Y,T,SE,1998-01-01,9
TOTAL,AVG_3Y,T,SE,1999-01-01,8
TOTAL,AVG_3Y,T,SE,2000-01-01,6
TOTAL,AVG_3Y,T,SE,2001-01-01,6
TOTAL,AVG_3Y,T,SE,2002-01-01,5
TOTAL,AVG_3Y,T,SE,2003-01-01,6
TOTAL,AVG_3Y,T,SE,2004-01-01,6
TOTAL,AVG_3Y,T,SE,2005-01-01,7
TOTAL,AVG_3Y,T,SE,2006-01-01,7
TOTAL,AVG_3Y,T,SE,2007-01-01,7
TOTAL,AVG_3Y,T,SE,2008-01-01,6
TOTAL,AVG_3Y,T,SE,2009-01-01,6
TOTAL,AVG_3Y,T,SE,2010-01-01,7
TOTAL,AVG_3Y,T,SE,2011-01-01,8
TOTAL,AVG_3Y,T,SE,2012-01-01,8
TOTAL,AVG_3Y,T,SE,2013-01-01,7
TOTAL,AVG_3Y,T,SE,2014-01-01,
TOTAL,AVG_3Y,T,SE,2015-01-01,
TOTAL,AVG_3Y,T,SE,2016-01-01,
TOTAL,AVG_3Y,T,SE,2017-01-01,7
TOTAL,AVG_3Y,T,SI,1995-01-01,
TOTAL,AVG_3Y,T,SI,1996-01-01,
TOTAL,AVG_3Y,T,SI,1997-01-01,
TOTAL,AVG_3Y,T,SI,1998-01-01,7
TOTAL,AVG_3Y,T,SI,1999-01-01,7
TOTAL,AVG_3Y,T,SI,2000-01-01,7
TOTAL,AVG_3Y,T,SI,2001-01-01,6
TOTAL,AVG_3Y,T,SI,2002-01-01,6
TOTAL,AVG_3Y,T,SI,2003-01-01,6
TOTAL,AVG_3Y,T,SI,2004-01-01,6
TOTAL,AVG_3Y,T,SI,2005-01-01,6
TOTAL,AVG_3Y,T,SI,2006-01-01,6
TOTAL,AVG_3Y,T,SI,2007-01-01,5
TOTAL,AVG_3Y,T,SI,2008-01-01,5
TOTAL,AVG_3Y,T,SI,2009-01-01,5
TOTAL,AVG_3Y,T,SI,2010-01-01,5
TOTAL,AVG_3Y,T,SI,2011-01-01,7
TOTAL,AVG_3Y,T,SI,2012-01-01,8
TOTAL,AVG_3Y,T,SI,2013-01-01,9
TOTAL,AVG_3Y,T,SI,2014-01-01,
TOTAL,AVG_3Y,T,SI,2015-01-01,
TOTAL,AVG_3Y,T,SI,2016-01-01,
TOTAL,AVG_3Y,T,SI,2017-01-01,7
TOTAL,AVG_3Y,T,SK,1995-01-01,
TOTAL,AVG_3Y,T,SK,1996-01-01,
TOTAL,AVG_3Y,T,SK,1997-01-01,
TOTAL,AVG_3Y,T,SK,1998-01-01,
TOTAL,AVG_3Y,T,SK,1999-01-01,
TOTAL,AVG_3Y,T,SK,2000-01-01,16
TOTAL,AVG_3Y,T,SK,2001-01-01,18
TOTAL,AVG_3Y,T,SK,2002-01-01,19
TOTAL,AVG_3Y,T,SK,2003-01-01,18
TOTAL,AVG_3Y,T,SK,2004-01-01,18
TOTAL,AVG_3Y,T,SK,2005-01-01,17
TOTAL,AVG_3Y,T,SK,2006-01-01,16
TOTAL,AVG_3Y,T,SK,2007-01-01,13
TOTAL,AVG_3Y,T,SK,2008-01-01,11
TOTAL,AVG_3Y,T,SK,2009-01-01,11
TOTAL,AVG_3Y,T,SK,2010-01-01,12
TOTAL,AVG_3Y,T,SK,2011-01-01,13
TOTAL,AVG_3Y,T,SK,2012-01-01,14
TOTAL,AVG_3Y,T,SK,2013-01-01,14
TOTAL,AVG_3Y,T,SK,2014-01-01,
TOTAL,AVG_3Y,T,SK,2015-01-01,
TOTAL,AVG_3Y,T,SK,2016-01-01,
TOTAL,AVG_3Y,T,SK,2017-01-01,9
TOTAL,AVG_3Y,T,UK,1995-01-01,
TOTAL,AVG_3Y,T,UK,1996-01-01,
TOTAL,AVG_3Y,T,UK,1997-01-01,7
TOTAL,AVG_3Y,T,UK,1998-01-01,6
TOTAL,AVG_3Y,T,UK,1999-01-01,6
TOTAL,AVG_3Y,T,UK,2000-01-01,5
TOTAL,AVG_3Y,T,UK,2001-01-01,5
TOTAL,AVG_3Y,T,UK,2002-01-01,5
TOTAL,AVG_3Y,T,UK,2003-01-01,5
TOTAL,AVG_3Y,T,UK,2004-01-01,4
TOTAL,AVG_3Y,T,UK,2005-01-01,4
TOTAL,AVG_3Y,T,UK,2006-01-01,5
TOTAL,AVG_3Y,T,UK,2007-01-01,5
TOTAL,AVG_3Y,T,UK,2008-01-01,5
TOTAL,AVG_3Y,T,UK,2009-01-01,6
TOTAL,AVG_3Y,T,UK,2010-01-01,7
TOTAL,AVG_3Y,T,UK,2011-01-01,7
TOTAL,AVG_3Y,T,UK,2012-01-01,7
TOTAL,AVG_3Y,T,UK,2013-01-01,7
TOTAL,AVG_3Y,T,UK,2014-01-01,
TOTAL,AVG_3Y,T,UK,2015-01-01,
TOTAL,AVG_3Y,T,UK,2016-01-01,
TOTAL,AVG_3Y,T,UK,2017-01-01,4
