na_item,unit,geo\time,date,value
RLPR_PER,I10,AT,1995-01-01,84.7 
RLPR_PER,I10,AT,1996-01-01,86.3 
RLPR_PER,I10,AT,1997-01-01,87.5 
RLPR_PER,I10,AT,1998-01-01,89.7 
RLPR_PER,I10,AT,1999-01-01,91.5 
RLPR_PER,I10,AT,2000-01-01,93.7 
RLPR_PER,I10,AT,2001-01-01,94.2 
RLPR_PER,I10,AT,2002-01-01,95.9 
RLPR_PER,I10,AT,2003-01-01,96.1 
RLPR_PER,I10,AT,2004-01-01,98.2 
RLPR_PER,I10,AT,2005-01-01,99.2 
RLPR_PER,I10,AT,2006-01-01,100.8 
RLPR_PER,I10,AT,2007-01-01,102.7 
RLPR_PER,I10,AT,2008-01-01,102.3 
RLPR_PER,I10,AT,2009-01-01,98.9 
RLPR_PER,I10,AT,2010-01-01,100.0 
RLPR_PER,I10,AT,2011-01-01,101.3 
RLPR_PER,I10,AT,2012-01-01,101.0 
RLPR_PER,I10,AT,2013-01-01,100.7 
RLPR_PER,I10,AT,2014-01-01,100.4 
RLPR_PER,I10,AT,2015-01-01,100.9 
RLPR_PER,I10,AT,2016-01-01,101.7 
RLPR_PER,I10,AT,2017-01-01,102.5 
RLPR_PER,I10,BE,1995-01-01,85.4 
RLPR_PER,I10,BE,1996-01-01,86.6 
RLPR_PER,I10,BE,1997-01-01,89.2 
RLPR_PER,I10,BE,1998-01-01,89.4 
RLPR_PER,I10,BE,1999-01-01,91.3 
RLPR_PER,I10,BE,2000-01-01,92.7 
RLPR_PER,I10,BE,2001-01-01,92.2 
RLPR_PER,I10,BE,2002-01-01,94.0 
RLPR_PER,I10,BE,2003-01-01,94.8 
RLPR_PER,I10,BE,2004-01-01,97.3 
RLPR_PER,I10,BE,2005-01-01,98.0 
RLPR_PER,I10,BE,2006-01-01,99.3 
RLPR_PER,I10,BE,2007-01-01,101.1 
RLPR_PER,I10,BE,2008-01-01,100.0 
RLPR_PER,I10,BE,2009-01-01,98.0 
RLPR_PER,I10,BE,2010-01-01,100.0 
RLPR_PER,I10,BE,2011-01-01,100.4 
RLPR_PER,I10,BE,2012-01-01,100.2 
RLPR_PER,I10,BE,2013-01-01,100.8 
RLPR_PER,I10,BE,2014-01-01,101.6 
RLPR_PER,I10,BE,2015-01-01,102.4 
RLPR_PER,I10,BE,2016-01-01,102.6 
RLPR_PER,I10,BE,2017-01-01,102.9 
RLPR_PER,I10,BG,1995-01-01,71.8 
RLPR_PER,I10,BG,1996-01-01,76.3 
RLPR_PER,I10,BG,1997-01-01,65.3 
RLPR_PER,I10,BG,1998-01-01,69.2 
RLPR_PER,I10,BG,1999-01-01,66.2 
RLPR_PER,I10,BG,2000-01-01,71.0 
RLPR_PER,I10,BG,2001-01-01,74.3 
RLPR_PER,I10,BG,2002-01-01,78.5 
RLPR_PER,I10,BG,2003-01-01,80.2 
RLPR_PER,I10,BG,2004-01-01,83.2 
RLPR_PER,I10,BG,2005-01-01,86.8 
RLPR_PER,I10,BG,2006-01-01,89.7 
RLPR_PER,I10,BG,2007-01-01,93.4 
RLPR_PER,I10,BG,2008-01-01,96.7 
RLPR_PER,I10,BG,2009-01-01,94.9 
RLPR_PER,I10,BG,2010-01-01,100.0 
RLPR_PER,I10,BG,2011-01-01,104.2 
RLPR_PER,I10,BG,2012-01-01,106.9 p
RLPR_PER,I10,BG,2013-01-01,107.9 p
RLPR_PER,I10,BG,2014-01-01,109.5 p
RLPR_PER,I10,BG,2015-01-01,112.9 p
RLPR_PER,I10,BG,2016-01-01,116.8 p
RLPR_PER,I10,BG,2017-01-01,119.1 p
RLPR_PER,I10,CY,1995-01-01,80.9 
RLPR_PER,I10,CY,1996-01-01,81.5 
RLPR_PER,I10,CY,1997-01-01,83.2 
RLPR_PER,I10,CY,1998-01-01,86.9 
RLPR_PER,I10,CY,1999-01-01,89.6 
RLPR_PER,I10,CY,2000-01-01,93.4 
RLPR_PER,I10,CY,2001-01-01,95.0 
RLPR_PER,I10,CY,2002-01-01,96.5 
RLPR_PER,I10,CY,2003-01-01,95.6 
RLPR_PER,I10,CY,2004-01-01,96.6 
RLPR_PER,I10,CY,2005-01-01,97.7 
RLPR_PER,I10,CY,2006-01-01,100.5 
RLPR_PER,I10,CY,2007-01-01,101.1 
RLPR_PER,I10,CY,2008-01-01,101.2 
RLPR_PER,I10,CY,2009-01-01,99.2 
RLPR_PER,I10,CY,2010-01-01,100.0 
RLPR_PER,I10,CY,2011-01-01,100.4 
RLPR_PER,I10,CY,2012-01-01,100.7 
RLPR_PER,I10,CY,2013-01-01,100.8 
RLPR_PER,I10,CY,2014-01-01,101.4 
RLPR_PER,I10,CY,2015-01-01,101.8 
RLPR_PER,I10,CY,2016-01-01,102.1 p
RLPR_PER,I10,CY,2017-01-01,102.4 p
RLPR_PER,I10,CZ,1995-01-01,66.4 
RLPR_PER,I10,CZ,1996-01-01,68.8 
RLPR_PER,I10,CZ,1997-01-01,68.9 
RLPR_PER,I10,CZ,1998-01-01,69.9 
RLPR_PER,I10,CZ,1999-01-01,72.4 
RLPR_PER,I10,CZ,2000-01-01,76.2 
RLPR_PER,I10,CZ,2001-01-01,78.6 
RLPR_PER,I10,CZ,2002-01-01,79.4 
RLPR_PER,I10,CZ,2003-01-01,82.9 
RLPR_PER,I10,CZ,2004-01-01,87.1 
RLPR_PER,I10,CZ,2005-01-01,91.1 
RLPR_PER,I10,CZ,2006-01-01,96.0 
RLPR_PER,I10,CZ,2007-01-01,99.3 
RLPR_PER,I10,CZ,2008-01-01,99.8 
RLPR_PER,I10,CZ,2009-01-01,96.8 
RLPR_PER,I10,CZ,2010-01-01,100.0 
RLPR_PER,I10,CZ,2011-01-01,102.1 
RLPR_PER,I10,CZ,2012-01-01,100.8 
RLPR_PER,I10,CZ,2013-01-01,100.0 
RLPR_PER,I10,CZ,2014-01-01,102.2 
RLPR_PER,I10,CZ,2015-01-01,106.1 
RLPR_PER,I10,CZ,2016-01-01,107.0 
RLPR_PER,I10,CZ,2017-01-01,109.8 
RLPR_PER,I10,DE,1995-01-01,89.8 
RLPR_PER,I10,DE,1996-01-01,90.6 
RLPR_PER,I10,DE,1997-01-01,92.3 
RLPR_PER,I10,DE,1998-01-01,93.0 
RLPR_PER,I10,DE,1999-01-01,93.3 
RLPR_PER,I10,DE,2000-01-01,93.9 
RLPR_PER,I10,DE,2001-01-01,95.8 
RLPR_PER,I10,DE,2002-01-01,96.2 
RLPR_PER,I10,DE,2003-01-01,96.6 
RLPR_PER,I10,DE,2004-01-01,97.4 
RLPR_PER,I10,DE,2005-01-01,98.1 
RLPR_PER,I10,DE,2006-01-01,100.9 
RLPR_PER,I10,DE,2007-01-01,102.4 
RLPR_PER,I10,DE,2008-01-01,102.2 
RLPR_PER,I10,DE,2009-01-01,96.4 
RLPR_PER,I10,DE,2010-01-01,100.0 
RLPR_PER,I10,DE,2011-01-01,102.3 
RLPR_PER,I10,DE,2012-01-01,101.6 
RLPR_PER,I10,DE,2013-01-01,101.5 
RLPR_PER,I10,DE,2014-01-01,102.8 
RLPR_PER,I10,DE,2015-01-01,103.6 
RLPR_PER,I10,DE,2016-01-01,104.6 
RLPR_PER,I10,DE,2017-01-01,105.3 
RLPR_PER,I10,DK,1995-01-01,85.2 
RLPR_PER,I10,DK,1996-01-01,86.8 
RLPR_PER,I10,DK,1997-01-01,88.5 
RLPR_PER,I10,DK,1998-01-01,89.1 
RLPR_PER,I10,DK,1999-01-01,91.0 
RLPR_PER,I10,DK,2000-01-01,93.7 
RLPR_PER,I10,DK,2001-01-01,93.6 
RLPR_PER,I10,DK,2002-01-01,93.9 
RLPR_PER,I10,DK,2003-01-01,95.2 
RLPR_PER,I10,DK,2004-01-01,98.2 
RLPR_PER,I10,DK,2005-01-01,99.1 
RLPR_PER,I10,DK,2006-01-01,100.7 
RLPR_PER,I10,DK,2007-01-01,99.3 
RLPR_PER,I10,DK,2008-01-01,97.7 
RLPR_PER,I10,DK,2009-01-01,95.9 
RLPR_PER,I10,DK,2010-01-01,100.0 
RLPR_PER,I10,DK,2011-01-01,101.4 
RLPR_PER,I10,DK,2012-01-01,102.3 
RLPR_PER,I10,DK,2013-01-01,103.3 
RLPR_PER,I10,DK,2014-01-01,104.1 
RLPR_PER,I10,DK,2015-01-01,104.2 
RLPR_PER,I10,DK,2016-01-01,104.7 
RLPR_PER,I10,DK,2017-01-01,105.4 
RLPR_PER,I10,EE,1995-01-01,46.6 
RLPR_PER,I10,EE,1996-01-01,50.3 
RLPR_PER,I10,EE,1997-01-01,56.2 
RLPR_PER,I10,EE,1998-01-01,59.6 
RLPR_PER,I10,EE,1999-01-01,61.9 
RLPR_PER,I10,EE,2000-01-01,67.8 
RLPR_PER,I10,EE,2001-01-01,71.7 
RLPR_PER,I10,EE,2002-01-01,76.1 
RLPR_PER,I10,EE,2003-01-01,80.0 
RLPR_PER,I10,EE,2004-01-01,85.4 
RLPR_PER,I10,EE,2005-01-01,91.3 
RLPR_PER,I10,EE,2006-01-01,96.0 
RLPR_PER,I10,EE,2007-01-01,103.3 
RLPR_PER,I10,EE,2008-01-01,97.9 
RLPR_PER,I10,EE,2009-01-01,93.0 
RLPR_PER,I10,EE,2010-01-01,100.0 
RLPR_PER,I10,EE,2011-01-01,101.0 
RLPR_PER,I10,EE,2012-01-01,103.6 
RLPR_PER,I10,EE,2013-01-01,104.4 
RLPR_PER,I10,EE,2014-01-01,106.6 
RLPR_PER,I10,EE,2015-01-01,105.5 
RLPR_PER,I10,EE,2016-01-01,108.9 
RLPR_PER,I10,EE,2017-01-01,111.2 
RLPR_PER,I10,EL,1995-01-01,79.5 
RLPR_PER,I10,EL,1996-01-01,82.3 
RLPR_PER,I10,EL,1997-01-01,86.3 
RLPR_PER,I10,EL,1998-01-01,85.9 
RLPR_PER,I10,EL,1999-01-01,88.5 
RLPR_PER,I10,EL,2000-01-01,91.7 
RLPR_PER,I10,EL,2001-01-01,95.1 
RLPR_PER,I10,EL,2002-01-01,96.5 
RLPR_PER,I10,EL,2003-01-01,100.7 
RLPR_PER,I10,EL,2004-01-01,103.3 
RLPR_PER,I10,EL,2005-01-01,102.9 
RLPR_PER,I10,EL,2006-01-01,106.8 
RLPR_PER,I10,EL,2007-01-01,108.9 
RLPR_PER,I10,EL,2008-01-01,107.1 
RLPR_PER,I10,EL,2009-01-01,103.1 
RLPR_PER,I10,EL,2010-01-01,100.0 
RLPR_PER,I10,EL,2011-01-01,97.6 p
RLPR_PER,I10,EL,2012-01-01,96.6 p
RLPR_PER,I10,EL,2013-01-01,95.9 p
RLPR_PER,I10,EL,2014-01-01,95.8 p
RLPR_PER,I10,EL,2015-01-01,94.6 p
RLPR_PER,I10,EL,2016-01-01,94.0 p
RLPR_PER,I10,EL,2017-01-01,94.0 p
RLPR_PER,I10,ES,1995-01-01,93.2 
RLPR_PER,I10,ES,1996-01-01,94.4 
RLPR_PER,I10,ES,1997-01-01,94.3 
RLPR_PER,I10,ES,1998-01-01,94.2 
RLPR_PER,I10,ES,1999-01-01,94.2 
RLPR_PER,I10,ES,2000-01-01,94.5 
RLPR_PER,I10,ES,2001-01-01,95.1 
RLPR_PER,I10,ES,2002-01-01,95.4 
RLPR_PER,I10,ES,2003-01-01,95.2 
RLPR_PER,I10,ES,2004-01-01,94.7 
RLPR_PER,I10,ES,2005-01-01,94.2 
RLPR_PER,I10,ES,2006-01-01,94.2 
RLPR_PER,I10,ES,2007-01-01,94.6 
RLPR_PER,I10,ES,2008-01-01,95.5 
RLPR_PER,I10,ES,2009-01-01,98.2 
RLPR_PER,I10,ES,2010-01-01,100.0 
RLPR_PER,I10,ES,2011-01-01,101.7 
RLPR_PER,I10,ES,2012-01-01,102.9 
RLPR_PER,I10,ES,2013-01-01,103.9 
RLPR_PER,I10,ES,2014-01-01,104.3 
RLPR_PER,I10,ES,2015-01-01,105.1 
RLPR_PER,I10,ES,2016-01-01,105.7 p
RLPR_PER,I10,ES,2017-01-01,106.2 p
RLPR_PER,I10,FI,1995-01-01,79.8 
RLPR_PER,I10,FI,1996-01-01,81.5 
RLPR_PER,I10,FI,1997-01-01,83.7 
RLPR_PER,I10,FI,1998-01-01,86.7 
RLPR_PER,I10,FI,1999-01-01,88.3 
RLPR_PER,I10,FI,2000-01-01,91.3 
RLPR_PER,I10,FI,2001-01-01,92.3 
RLPR_PER,I10,FI,2002-01-01,92.9 
RLPR_PER,I10,FI,2003-01-01,94.6 
RLPR_PER,I10,FI,2004-01-01,97.8 
RLPR_PER,I10,FI,2005-01-01,98.9 
RLPR_PER,I10,FI,2006-01-01,101.1 
RLPR_PER,I10,FI,2007-01-01,104.1 
RLPR_PER,I10,FI,2008-01-01,102.6 
RLPR_PER,I10,FI,2009-01-01,96.4 
RLPR_PER,I10,FI,2010-01-01,100.0 
RLPR_PER,I10,FI,2011-01-01,101.3 
RLPR_PER,I10,FI,2012-01-01,99.0 
RLPR_PER,I10,FI,2013-01-01,98.9 
RLPR_PER,I10,FI,2014-01-01,98.8 
RLPR_PER,I10,FI,2015-01-01,99.0 
RLPR_PER,I10,FI,2016-01-01,101.0 
RLPR_PER,I10,FI,2017-01-01,102.6 
RLPR_PER,I10,FR,1995-01-01,86.8 
RLPR_PER,I10,FR,1996-01-01,87.5 
RLPR_PER,I10,FR,1997-01-01,88.9 
RLPR_PER,I10,FR,1998-01-01,90.5 
RLPR_PER,I10,FR,1999-01-01,91.4 
RLPR_PER,I10,FR,2000-01-01,92.6 
RLPR_PER,I10,FR,2001-01-01,93.1 
RLPR_PER,I10,FR,2002-01-01,93.7 
RLPR_PER,I10,FR,2003-01-01,94.4 
RLPR_PER,I10,FR,2004-01-01,97.0 
RLPR_PER,I10,FR,2005-01-01,97.9 
RLPR_PER,I10,FR,2006-01-01,99.2 
RLPR_PER,I10,FR,2007-01-01,100.2 
RLPR_PER,I10,FR,2008-01-01,99.9 
RLPR_PER,I10,FR,2009-01-01,98.2 
RLPR_PER,I10,FR,2010-01-01,100.0 
RLPR_PER,I10,FR,2011-01-01,101.4 
RLPR_PER,I10,FR,2012-01-01,101.4 
RLPR_PER,I10,FR,2013-01-01,101.8 
RLPR_PER,I10,FR,2014-01-01,102.2 
RLPR_PER,I10,FR,2015-01-01,103.2 
RLPR_PER,I10,FR,2016-01-01,103.6 p
RLPR_PER,I10,FR,2017-01-01,104.7 p
RLPR_PER,I10,HR,1995-01-01,71.6 p
RLPR_PER,I10,HR,1996-01-01,75.9 p
RLPR_PER,I10,HR,1997-01-01,80.8 p
RLPR_PER,I10,HR,1998-01-01,82.5 p
RLPR_PER,I10,HR,1999-01-01,81.7 p
RLPR_PER,I10,HR,2000-01-01,84.9 p
RLPR_PER,I10,HR,2001-01-01,88.4 p
RLPR_PER,I10,HR,2002-01-01,92.2 p
RLPR_PER,I10,HR,2003-01-01,95.0 p
RLPR_PER,I10,HR,2004-01-01,97.9 p
RLPR_PER,I10,HR,2005-01-01,100.9 p
RLPR_PER,I10,HR,2006-01-01,102.6 p
RLPR_PER,I10,HR,2007-01-01,104.7 p
RLPR_PER,I10,HR,2008-01-01,104.6 d
RLPR_PER,I10,HR,2009-01-01,97.7 d
RLPR_PER,I10,HR,2010-01-01,100.0 d
RLPR_PER,I10,HR,2011-01-01,103.7 d
RLPR_PER,I10,HR,2012-01-01,105.1 d
RLPR_PER,I10,HR,2013-01-01,107.4 d
RLPR_PER,I10,HR,2014-01-01,104.5 d
RLPR_PER,I10,HR,2015-01-01,105.7 d
RLPR_PER,I10,HR,2016-01-01,109.1 d
RLPR_PER,I10,HR,2017-01-01,109.9 d
RLPR_PER,I10,HU,1995-01-01,69.9 
RLPR_PER,I10,HU,1996-01-01,69.9 
RLPR_PER,I10,HU,1997-01-01,72.1 
RLPR_PER,I10,HU,1998-01-01,74.0 
RLPR_PER,I10,HU,1999-01-01,74.3 
RLPR_PER,I10,HU,2000-01-01,76.7 
RLPR_PER,I10,HU,2001-01-01,79.8 
RLPR_PER,I10,HU,2002-01-01,83.4 
RLPR_PER,I10,HU,2003-01-01,86.6 
RLPR_PER,I10,HU,2004-01-01,91.9 
RLPR_PER,I10,HU,2005-01-01,96.2 
RLPR_PER,I10,HU,2006-01-01,99.4 
RLPR_PER,I10,HU,2007-01-01,99.7 
RLPR_PER,I10,HU,2008-01-01,102.6 
RLPR_PER,I10,HU,2009-01-01,98.3 
RLPR_PER,I10,HU,2010-01-01,100.0 
RLPR_PER,I10,HU,2011-01-01,101.7 
RLPR_PER,I10,HU,2012-01-01,99.8 
RLPR_PER,I10,HU,2013-01-01,100.8 
RLPR_PER,I10,HU,2014-01-01,100.2 
RLPR_PER,I10,HU,2015-01-01,101.3 
RLPR_PER,I10,HU,2016-01-01,100.6 
RLPR_PER,I10,HU,2017-01-01,102.7 
RLPR_PER,I10,IE,1995-01-01,67.9 
RLPR_PER,I10,IE,1996-01-01,70.5 
RLPR_PER,I10,IE,1997-01-01,75.3 
RLPR_PER,I10,IE,1998-01-01,76.8 
RLPR_PER,I10,IE,1999-01-01,79.7 
RLPR_PER,I10,IE,2000-01-01,83.5 
RLPR_PER,I10,IE,2001-01-01,85.3 
RLPR_PER,I10,IE,2002-01-01,88.9 
RLPR_PER,I10,IE,2003-01-01,89.9 
RLPR_PER,I10,IE,2004-01-01,92.6 
RLPR_PER,I10,IE,2005-01-01,93.3 
RLPR_PER,I10,IE,2006-01-01,93.7 
RLPR_PER,I10,IE,2007-01-01,94.5 
RLPR_PER,I10,IE,2008-01-01,90.9 
RLPR_PER,I10,IE,2009-01-01,93.7 
RLPR_PER,I10,IE,2010-01-01,100.0 
RLPR_PER,I10,IE,2011-01-01,105.8 b
RLPR_PER,I10,IE,2012-01-01,106.5 
RLPR_PER,I10,IE,2013-01-01,104.7 
RLPR_PER,I10,IE,2014-01-01,111.0 
RLPR_PER,I10,IE,2015-01-01,134.2 
RLPR_PER,I10,IE,2016-01-01,135.8 
RLPR_PER,I10,IE,2017-01-01,141.5 
RLPR_PER,I10,IT,1995-01-01,99.3 
RLPR_PER,I10,IT,1996-01-01,99.9 
RLPR_PER,I10,IT,1997-01-01,101.4 
RLPR_PER,I10,IT,1998-01-01,102.1 
RLPR_PER,I10,IT,1999-01-01,102.5 
RLPR_PER,I10,IT,2000-01-01,104.3 
RLPR_PER,I10,IT,2001-01-01,104.1 
RLPR_PER,I10,IT,2002-01-01,102.6 
RLPR_PER,I10,IT,2003-01-01,101.3 
RLPR_PER,I10,IT,2004-01-01,102.3 
RLPR_PER,I10,IT,2005-01-01,102.7 
RLPR_PER,I10,IT,2006-01-01,102.7 
RLPR_PER,I10,IT,2007-01-01,102.9 
RLPR_PER,I10,IT,2008-01-01,101.7 
RLPR_PER,I10,IT,2009-01-01,97.7 
RLPR_PER,I10,IT,2010-01-01,100.0 
RLPR_PER,I10,IT,2011-01-01,100.3 
RLPR_PER,I10,IT,2012-01-01,97.7 
RLPR_PER,I10,IT,2013-01-01,97.8 
RLPR_PER,I10,IT,2014-01-01,97.8 
RLPR_PER,I10,IT,2015-01-01,98.1 
RLPR_PER,I10,IT,2016-01-01,97.9 
RLPR_PER,I10,IT,2017-01-01,98.3 
RLPR_PER,I10,LT,1995-01-01,43.7 
RLPR_PER,I10,LT,1996-01-01,45.6 
RLPR_PER,I10,LT,1997-01-01,49.0 
RLPR_PER,I10,LT,1998-01-01,53.1 
RLPR_PER,I10,LT,1999-01-01,53.7 
RLPR_PER,I10,LT,2000-01-01,58.2 
RLPR_PER,I10,LT,2001-01-01,64.5 
RLPR_PER,I10,LT,2002-01-01,66.5 
RLPR_PER,I10,LT,2003-01-01,71.9 
RLPR_PER,I10,LT,2004-01-01,77.4 
RLPR_PER,I10,LT,2005-01-01,82.8 
RLPR_PER,I10,LT,2006-01-01,89.2 
RLPR_PER,I10,LT,2007-01-01,97.1 
RLPR_PER,I10,LT,2008-01-01,101.0 
RLPR_PER,I10,LT,2009-01-01,93.2 
RLPR_PER,I10,LT,2010-01-01,100.0 
RLPR_PER,I10,LT,2011-01-01,105.5 
RLPR_PER,I10,LT,2012-01-01,107.7 
RLPR_PER,I10,LT,2013-01-01,110.0 
RLPR_PER,I10,LT,2014-01-01,111.6 
RLPR_PER,I10,LT,2015-01-01,112.4 
RLPR_PER,I10,LT,2016-01-01,112.8 
RLPR_PER,I10,LT,2017-01-01,118.1 
RLPR_PER,I10,LU,1995-01-01,95.5 
RLPR_PER,I10,LU,1996-01-01,94.4 
RLPR_PER,I10,LU,1997-01-01,96.5 
RLPR_PER,I10,LU,1998-01-01,98.1 
RLPR_PER,I10,LU,1999-01-01,101.5 
RLPR_PER,I10,LU,2000-01-01,104.4 
RLPR_PER,I10,LU,2001-01-01,101.2 
RLPR_PER,I10,LU,2002-01-01,102.1 
RLPR_PER,I10,LU,2003-01-01,101.9 
RLPR_PER,I10,LU,2004-01-01,103.2 
RLPR_PER,I10,LU,2005-01-01,103.6 
RLPR_PER,I10,LU,2006-01-01,104.9 
RLPR_PER,I10,LU,2007-01-01,108.9 
RLPR_PER,I10,LU,2008-01-01,102.6 
RLPR_PER,I10,LU,2009-01-01,97.1 
RLPR_PER,I10,LU,2010-01-01,100.0 
RLPR_PER,I10,LU,2011-01-01,99.6 
RLPR_PER,I10,LU,2012-01-01,96.9 
RLPR_PER,I10,LU,2013-01-01,98.6 
RLPR_PER,I10,LU,2014-01-01,100.3 
RLPR_PER,I10,LU,2015-01-01,101.6 
RLPR_PER,I10,LU,2016-01-01,101.0 
RLPR_PER,I10,LU,2017-01-01,99.2 
RLPR_PER,I10,LV,1995-01-01,48.8 
RLPR_PER,I10,LV,1996-01-01,49.6 
RLPR_PER,I10,LV,1997-01-01,51.8 
RLPR_PER,I10,LV,1998-01-01,55.4 
RLPR_PER,I10,LV,1999-01-01,57.9 
RLPR_PER,I10,LV,2000-01-01,63.1 
RLPR_PER,I10,LV,2001-01-01,66.1 
RLPR_PER,I10,LV,2002-01-01,69.8 
RLPR_PER,I10,LV,2003-01-01,75.2 
RLPR_PER,I10,LV,2004-01-01,81.3 
RLPR_PER,I10,LV,2005-01-01,89.2 
RLPR_PER,I10,LV,2006-01-01,94.4 
RLPR_PER,I10,LV,2007-01-01,100.0 
RLPR_PER,I10,LV,2008-01-01,97.2 
RLPR_PER,I10,LV,2009-01-01,97.2 
RLPR_PER,I10,LV,2010-01-01,100.0 
RLPR_PER,I10,LV,2011-01-01,104.8 
RLPR_PER,I10,LV,2012-01-01,107.5 
RLPR_PER,I10,LV,2013-01-01,107.6 
RLPR_PER,I10,LV,2014-01-01,111.1 
RLPR_PER,I10,LV,2015-01-01,112.8 
RLPR_PER,I10,LV,2016-01-01,115.5 
RLPR_PER,I10,LV,2017-01-01,120.9 
RLPR_PER,I10,MT,1995-01-01,: 
RLPR_PER,I10,MT,1996-01-01,: 
RLPR_PER,I10,MT,1997-01-01,: 
RLPR_PER,I10,MT,1998-01-01,: 
RLPR_PER,I10,MT,1999-01-01,: 
RLPR_PER,I10,MT,2000-01-01,91.4 
RLPR_PER,I10,MT,2001-01-01,90.4 
RLPR_PER,I10,MT,2002-01-01,92.8 
RLPR_PER,I10,MT,2003-01-01,95.5 
RLPR_PER,I10,MT,2004-01-01,95.6 
RLPR_PER,I10,MT,2005-01-01,98.0 
RLPR_PER,I10,MT,2006-01-01,98.3 
RLPR_PER,I10,MT,2007-01-01,100.0 
RLPR_PER,I10,MT,2008-01-01,100.8 
RLPR_PER,I10,MT,2009-01-01,98.3 
RLPR_PER,I10,MT,2010-01-01,100.0 
RLPR_PER,I10,MT,2011-01-01,98.4 
RLPR_PER,I10,MT,2012-01-01,98.6 
RLPR_PER,I10,MT,2013-01-01,99.5 
RLPR_PER,I10,MT,2014-01-01,102.3 
RLPR_PER,I10,MT,2015-01-01,107.8 
RLPR_PER,I10,MT,2016-01-01,108.9 
RLPR_PER,I10,MT,2017-01-01,110.5 
RLPR_PER,I10,NL,1995-01-01,85.3 
RLPR_PER,I10,NL,1996-01-01,86.5 
RLPR_PER,I10,NL,1997-01-01,87.5 
RLPR_PER,I10,NL,1998-01-01,89.5 
RLPR_PER,I10,NL,1999-01-01,91.4 
RLPR_PER,I10,NL,2000-01-01,93.5 
RLPR_PER,I10,NL,2001-01-01,93.8 
RLPR_PER,I10,NL,2002-01-01,93.3 
RLPR_PER,I10,NL,2003-01-01,94.0 
RLPR_PER,I10,NL,2004-01-01,97.0 
RLPR_PER,I10,NL,2005-01-01,98.3 
RLPR_PER,I10,NL,2006-01-01,99.5 
RLPR_PER,I10,NL,2007-01-01,100.3 
RLPR_PER,I10,NL,2008-01-01,100.9 
RLPR_PER,I10,NL,2009-01-01,98.0 
RLPR_PER,I10,NL,2010-01-01,100.0 
RLPR_PER,I10,NL,2011-01-01,100.7 
RLPR_PER,I10,NL,2012-01-01,99.8 
RLPR_PER,I10,NL,2013-01-01,100.9 
RLPR_PER,I10,NL,2014-01-01,102.4 
RLPR_PER,I10,NL,2015-01-01,103.5 
RLPR_PER,I10,NL,2016-01-01,104.6 p
RLPR_PER,I10,NL,2017-01-01,105.3 p
RLPR_PER,I10,PL,1995-01-01,: 
RLPR_PER,I10,PL,1996-01-01,: 
RLPR_PER,I10,PL,1997-01-01,: 
RLPR_PER,I10,PL,1998-01-01,: 
RLPR_PER,I10,PL,1999-01-01,: 
RLPR_PER,I10,PL,2000-01-01,72.1 
RLPR_PER,I10,PL,2001-01-01,74.6 
RLPR_PER,I10,PL,2002-01-01,78.5 
RLPR_PER,I10,PL,2003-01-01,82.3 
RLPR_PER,I10,PL,2004-01-01,85.5 
RLPR_PER,I10,PL,2005-01-01,86.6 
RLPR_PER,I10,PL,2006-01-01,89.2 
RLPR_PER,I10,PL,2007-01-01,91.3 
RLPR_PER,I10,PL,2008-01-01,91.7 
RLPR_PER,I10,PL,2009-01-01,94.0 
RLPR_PER,I10,PL,2010-01-01,100.0 b
RLPR_PER,I10,PL,2011-01-01,104.4 
RLPR_PER,I10,PL,2012-01-01,106.0 
RLPR_PER,I10,PL,2013-01-01,107.5 
RLPR_PER,I10,PL,2014-01-01,109.2 
RLPR_PER,I10,PL,2015-01-01,111.7 
RLPR_PER,I10,PL,2016-01-01,114.5 p
RLPR_PER,I10,PL,2017-01-01,118.4 p
RLPR_PER,I10,PT,1995-01-01,81.8 
RLPR_PER,I10,PT,1996-01-01,83.3 
RLPR_PER,I10,PT,1997-01-01,84.8 
RLPR_PER,I10,PT,1998-01-01,86.4 
RLPR_PER,I10,PT,1999-01-01,88.4 
RLPR_PER,I10,PT,2000-01-01,89.8 
RLPR_PER,I10,PT,2001-01-01,89.9 
RLPR_PER,I10,PT,2002-01-01,90.3 
RLPR_PER,I10,PT,2003-01-01,90.3 
RLPR_PER,I10,PT,2004-01-01,92.6 
RLPR_PER,I10,PT,2005-01-01,93.7 
RLPR_PER,I10,PT,2006-01-01,94.8 
RLPR_PER,I10,PT,2007-01-01,97.2 
RLPR_PER,I10,PT,2008-01-01,97.0 
RLPR_PER,I10,PT,2009-01-01,96.7 
RLPR_PER,I10,PT,2010-01-01,100.0 
RLPR_PER,I10,PT,2011-01-01,100.1 
RLPR_PER,I10,PT,2012-01-01,100.2 
RLPR_PER,I10,PT,2013-01-01,102.0 
RLPR_PER,I10,PT,2014-01-01,101.4 
RLPR_PER,I10,PT,2015-01-01,101.9 
RLPR_PER,I10,PT,2016-01-01,102.2 
RLPR_PER,I10,PT,2017-01-01,101.7 p
RLPR_PER,I10,RO,1995-01-01,52.8 
RLPR_PER,I10,RO,1996-01-01,56.7 
RLPR_PER,I10,RO,1997-01-01,53.5 
RLPR_PER,I10,RO,1998-01-01,54.0 
RLPR_PER,I10,RO,1999-01-01,54.5 
RLPR_PER,I10,RO,2000-01-01,56.2 
RLPR_PER,I10,RO,2001-01-01,60.0 
RLPR_PER,I10,RO,2002-01-01,70.2 
RLPR_PER,I10,RO,2003-01-01,74.1 
RLPR_PER,I10,RO,2004-01-01,81.7 
RLPR_PER,I10,RO,2005-01-01,86.4 
RLPR_PER,I10,RO,2006-01-01,92.8 
RLPR_PER,I10,RO,2007-01-01,98.8 
RLPR_PER,I10,RO,2008-01-01,106.9 
RLPR_PER,I10,RO,2009-01-01,102.6 
RLPR_PER,I10,RO,2010-01-01,100.0 
RLPR_PER,I10,RO,2011-01-01,102.8 
RLPR_PER,I10,RO,2012-01-01,110.3 b
RLPR_PER,I10,RO,2013-01-01,115.2 
RLPR_PER,I10,RO,2014-01-01,118.2 
RLPR_PER,I10,RO,2015-01-01,124.3 
RLPR_PER,I10,RO,2016-01-01,131.8 
RLPR_PER,I10,RO,2017-01-01,137.5 p
RLPR_PER,I10,SE,1995-01-01,74.2 
RLPR_PER,I10,SE,1996-01-01,76.0 
RLPR_PER,I10,SE,1997-01-01,79.2 
RLPR_PER,I10,SE,1998-01-01,81.2 
RLPR_PER,I10,SE,1999-01-01,83.1 
RLPR_PER,I10,SE,2000-01-01,84.9 
RLPR_PER,I10,SE,2001-01-01,84.5 
RLPR_PER,I10,SE,2002-01-01,86.2 
RLPR_PER,I10,SE,2003-01-01,88.7 
RLPR_PER,I10,SE,2004-01-01,93.2 
RLPR_PER,I10,SE,2005-01-01,95.6 
RLPR_PER,I10,SE,2006-01-01,98.4 
RLPR_PER,I10,SE,2007-01-01,99.5 
RLPR_PER,I10,SE,2008-01-01,98.0 
RLPR_PER,I10,SE,2009-01-01,95.3 
RLPR_PER,I10,SE,2010-01-01,100.0 
RLPR_PER,I10,SE,2011-01-01,100.5 
RLPR_PER,I10,SE,2012-01-01,99.5 
RLPR_PER,I10,SE,2013-01-01,99.8 
RLPR_PER,I10,SE,2014-01-01,101.0 
RLPR_PER,I10,SE,2015-01-01,103.9 
RLPR_PER,I10,SE,2016-01-01,104.8 
RLPR_PER,I10,SE,2017-01-01,104.5 
RLPR_PER,I10,SI,1995-01-01,65.1 
RLPR_PER,I10,SI,1996-01-01,68.8 
RLPR_PER,I10,SI,1997-01-01,73.6 
RLPR_PER,I10,SI,1998-01-01,76.1 
RLPR_PER,I10,SI,1999-01-01,78.9 
RLPR_PER,I10,SI,2000-01-01,80.9 
RLPR_PER,I10,SI,2001-01-01,82.9 
RLPR_PER,I10,SI,2002-01-01,84.7 
RLPR_PER,I10,SI,2003-01-01,87.4 
RLPR_PER,I10,SI,2004-01-01,90.9 
RLPR_PER,I10,SI,2005-01-01,95.0 
RLPR_PER,I10,SI,2006-01-01,98.8 
RLPR_PER,I10,SI,2007-01-01,102.3 
RLPR_PER,I10,SI,2008-01-01,103.0 
RLPR_PER,I10,SI,2009-01-01,96.7 
RLPR_PER,I10,SI,2010-01-01,100.0 
RLPR_PER,I10,SI,2011-01-01,102.4 
RLPR_PER,I10,SI,2012-01-01,100.6 
RLPR_PER,I10,SI,2013-01-01,100.6 
RLPR_PER,I10,SI,2014-01-01,103.1 
RLPR_PER,I10,SI,2015-01-01,104.1 
RLPR_PER,I10,SI,2016-01-01,105.4 
RLPR_PER,I10,SI,2017-01-01,107.4 
RLPR_PER,I10,SK,1995-01-01,53.7 
RLPR_PER,I10,SK,1996-01-01,56.1 
RLPR_PER,I10,SK,1997-01-01,60.1 
RLPR_PER,I10,SK,1998-01-01,62.9 
RLPR_PER,I10,SK,1999-01-01,64.4 
RLPR_PER,I10,SK,2000-01-01,66.4 
RLPR_PER,I10,SK,2001-01-01,68.2 
RLPR_PER,I10,SK,2002-01-01,71.3 
RLPR_PER,I10,SK,2003-01-01,74.3 
RLPR_PER,I10,SK,2004-01-01,78.4 
RLPR_PER,I10,SK,2005-01-01,82.4 
RLPR_PER,I10,SK,2006-01-01,87.5 
RLPR_PER,I10,SK,2007-01-01,95.0 
RLPR_PER,I10,SK,2008-01-01,97.2 
RLPR_PER,I10,SK,2009-01-01,93.8 
RLPR_PER,I10,SK,2010-01-01,100.0 
RLPR_PER,I10,SK,2011-01-01,101.0 
RLPR_PER,I10,SK,2012-01-01,102.6 
RLPR_PER,I10,SK,2013-01-01,105.0 
RLPR_PER,I10,SK,2014-01-01,106.4 
RLPR_PER,I10,SK,2015-01-01,108.7 
RLPR_PER,I10,SK,2016-01-01,109.5 
RLPR_PER,I10,SK,2017-01-01,110.5 
RLPR_PER,I10,UK,1995-01-01,81.7 
RLPR_PER,I10,UK,1996-01-01,83.0 
RLPR_PER,I10,UK,1997-01-01,85.1 
RLPR_PER,I10,UK,1998-01-01,87.0 
RLPR_PER,I10,UK,1999-01-01,88.6 
RLPR_PER,I10,UK,2000-01-01,90.6 
RLPR_PER,I10,UK,2001-01-01,92.4 
RLPR_PER,I10,UK,2002-01-01,93.9 
RLPR_PER,I10,UK,2003-01-01,96.1 
RLPR_PER,I10,UK,2004-01-01,97.3 
RLPR_PER,I10,UK,2005-01-01,99.2 
RLPR_PER,I10,UK,2006-01-01,100.8 
RLPR_PER,I10,UK,2007-01-01,102.5 
RLPR_PER,I10,UK,2008-01-01,101.3 
RLPR_PER,I10,UK,2009-01-01,98.6 
RLPR_PER,I10,UK,2010-01-01,100.0 
RLPR_PER,I10,UK,2011-01-01,101.1 
RLPR_PER,I10,UK,2012-01-01,101.5 
RLPR_PER,I10,UK,2013-01-01,102.4 
RLPR_PER,I10,UK,2014-01-01,103.0 
RLPR_PER,I10,UK,2015-01-01,103.6 
RLPR_PER,I10,UK,2016-01-01,104.0 
RLPR_PER,I10,UK,2017-01-01,104.7 
RLPR_PER,PCH_PRE,AT,1995-01-01,: 
RLPR_PER,PCH_PRE,AT,1996-01-01,2.0 
RLPR_PER,PCH_PRE,AT,1997-01-01,1.4 
RLPR_PER,PCH_PRE,AT,1998-01-01,2.5 
RLPR_PER,PCH_PRE,AT,1999-01-01,2.0 
RLPR_PER,PCH_PRE,AT,2000-01-01,2.4 
RLPR_PER,PCH_PRE,AT,2001-01-01,0.5 
RLPR_PER,PCH_PRE,AT,2002-01-01,1.7 
RLPR_PER,PCH_PRE,AT,2003-01-01,0.3 
RLPR_PER,PCH_PRE,AT,2004-01-01,2.1 
RLPR_PER,PCH_PRE,AT,2005-01-01,1.0 
RLPR_PER,PCH_PRE,AT,2006-01-01,1.7 
RLPR_PER,PCH_PRE,AT,2007-01-01,1.9 
RLPR_PER,PCH_PRE,AT,2008-01-01,-0.4 
RLPR_PER,PCH_PRE,AT,2009-01-01,-3.3 
RLPR_PER,PCH_PRE,AT,2010-01-01,1.1 
RLPR_PER,PCH_PRE,AT,2011-01-01,1.3 
RLPR_PER,PCH_PRE,AT,2012-01-01,-0.4 
RLPR_PER,PCH_PRE,AT,2013-01-01,-0.3 
RLPR_PER,PCH_PRE,AT,2014-01-01,-0.3 
RLPR_PER,PCH_PRE,AT,2015-01-01,0.5 
RLPR_PER,PCH_PRE,AT,2016-01-01,0.7 
RLPR_PER,PCH_PRE,AT,2017-01-01,0.8 
RLPR_PER,PCH_PRE,BE,1995-01-01,: 
RLPR_PER,PCH_PRE,BE,1996-01-01,1.3 
RLPR_PER,PCH_PRE,BE,1997-01-01,3.0 
RLPR_PER,PCH_PRE,BE,1998-01-01,0.2 
RLPR_PER,PCH_PRE,BE,1999-01-01,2.2 
RLPR_PER,PCH_PRE,BE,2000-01-01,1.6 
RLPR_PER,PCH_PRE,BE,2001-01-01,-0.5 
RLPR_PER,PCH_PRE,BE,2002-01-01,2.0 
RLPR_PER,PCH_PRE,BE,2003-01-01,0.9 
RLPR_PER,PCH_PRE,BE,2004-01-01,2.6 
RLPR_PER,PCH_PRE,BE,2005-01-01,0.6 
RLPR_PER,PCH_PRE,BE,2006-01-01,1.4 
RLPR_PER,PCH_PRE,BE,2007-01-01,1.8 
RLPR_PER,PCH_PRE,BE,2008-01-01,-1.0 
RLPR_PER,PCH_PRE,BE,2009-01-01,-2.1 
RLPR_PER,PCH_PRE,BE,2010-01-01,2.1 
RLPR_PER,PCH_PRE,BE,2011-01-01,0.4 
RLPR_PER,PCH_PRE,BE,2012-01-01,-0.2 
RLPR_PER,PCH_PRE,BE,2013-01-01,0.5 
RLPR_PER,PCH_PRE,BE,2014-01-01,0.8 
RLPR_PER,PCH_PRE,BE,2015-01-01,0.8 
RLPR_PER,PCH_PRE,BE,2016-01-01,0.2 
RLPR_PER,PCH_PRE,BE,2017-01-01,0.3 
RLPR_PER,PCH_PRE,BG,1995-01-01,: 
RLPR_PER,PCH_PRE,BG,1996-01-01,6.3 
RLPR_PER,PCH_PRE,BG,1997-01-01,-14.5 
RLPR_PER,PCH_PRE,BG,1998-01-01,6.0 
RLPR_PER,PCH_PRE,BG,1999-01-01,-4.3 
RLPR_PER,PCH_PRE,BG,2000-01-01,7.3 
RLPR_PER,PCH_PRE,BG,2001-01-01,4.6 
RLPR_PER,PCH_PRE,BG,2002-01-01,5.7 
RLPR_PER,PCH_PRE,BG,2003-01-01,2.1 
RLPR_PER,PCH_PRE,BG,2004-01-01,3.7 
RLPR_PER,PCH_PRE,BG,2005-01-01,4.3 
RLPR_PER,PCH_PRE,BG,2006-01-01,3.4 
RLPR_PER,PCH_PRE,BG,2007-01-01,4.0 
RLPR_PER,PCH_PRE,BG,2008-01-01,3.6 
RLPR_PER,PCH_PRE,BG,2009-01-01,-1.9 
RLPR_PER,PCH_PRE,BG,2010-01-01,5.4 
RLPR_PER,PCH_PRE,BG,2011-01-01,4.2 
RLPR_PER,PCH_PRE,BG,2012-01-01,2.6 p
RLPR_PER,PCH_PRE,BG,2013-01-01,0.9 p
RLPR_PER,PCH_PRE,BG,2014-01-01,1.5 p
RLPR_PER,PCH_PRE,BG,2015-01-01,3.1 p
RLPR_PER,PCH_PRE,BG,2016-01-01,3.4 p
RLPR_PER,PCH_PRE,BG,2017-01-01,2.0 p
RLPR_PER,PCH_PRE,CY,1995-01-01,: 
RLPR_PER,PCH_PRE,CY,1996-01-01,0.7 
RLPR_PER,PCH_PRE,CY,1997-01-01,2.0 
RLPR_PER,PCH_PRE,CY,1998-01-01,4.5 
RLPR_PER,PCH_PRE,CY,1999-01-01,3.1 
RLPR_PER,PCH_PRE,CY,2000-01-01,4.2 
RLPR_PER,PCH_PRE,CY,2001-01-01,1.8 
RLPR_PER,PCH_PRE,CY,2002-01-01,1.6 
RLPR_PER,PCH_PRE,CY,2003-01-01,-0.9 
RLPR_PER,PCH_PRE,CY,2004-01-01,1.0 
RLPR_PER,PCH_PRE,CY,2005-01-01,1.2 
RLPR_PER,PCH_PRE,CY,2006-01-01,2.8 
RLPR_PER,PCH_PRE,CY,2007-01-01,0.6 
RLPR_PER,PCH_PRE,CY,2008-01-01,0.1 
RLPR_PER,PCH_PRE,CY,2009-01-01,-2.0 
RLPR_PER,PCH_PRE,CY,2010-01-01,0.9 
RLPR_PER,PCH_PRE,CY,2011-01-01,0.4 
RLPR_PER,PCH_PRE,CY,2012-01-01,0.3 
RLPR_PER,PCH_PRE,CY,2013-01-01,0.1 
RLPR_PER,PCH_PRE,CY,2014-01-01,0.5 
RLPR_PER,PCH_PRE,CY,2015-01-01,0.5 
RLPR_PER,PCH_PRE,CY,2016-01-01,0.2 p
RLPR_PER,PCH_PRE,CY,2017-01-01,0.4 p
RLPR_PER,PCH_PRE,CZ,1995-01-01,: 
RLPR_PER,PCH_PRE,CZ,1996-01-01,3.7 
RLPR_PER,PCH_PRE,CZ,1997-01-01,0.1 
RLPR_PER,PCH_PRE,CZ,1998-01-01,1.4 
RLPR_PER,PCH_PRE,CZ,1999-01-01,3.7 
RLPR_PER,PCH_PRE,CZ,2000-01-01,5.1 
RLPR_PER,PCH_PRE,CZ,2001-01-01,3.2 
RLPR_PER,PCH_PRE,CZ,2002-01-01,1.0 
RLPR_PER,PCH_PRE,CZ,2003-01-01,4.4 
RLPR_PER,PCH_PRE,CZ,2004-01-01,5.1 
RLPR_PER,PCH_PRE,CZ,2005-01-01,4.5 
RLPR_PER,PCH_PRE,CZ,2006-01-01,5.4 
RLPR_PER,PCH_PRE,CZ,2007-01-01,3.4 
RLPR_PER,PCH_PRE,CZ,2008-01-01,0.5 
RLPR_PER,PCH_PRE,CZ,2009-01-01,-3.1 
RLPR_PER,PCH_PRE,CZ,2010-01-01,3.3 
RLPR_PER,PCH_PRE,CZ,2011-01-01,2.1 
RLPR_PER,PCH_PRE,CZ,2012-01-01,-1.2 
RLPR_PER,PCH_PRE,CZ,2013-01-01,-0.8 
RLPR_PER,PCH_PRE,CZ,2014-01-01,2.2 
RLPR_PER,PCH_PRE,CZ,2015-01-01,3.8 
RLPR_PER,PCH_PRE,CZ,2016-01-01,0.8 
RLPR_PER,PCH_PRE,CZ,2017-01-01,2.7 
RLPR_PER,PCH_PRE,DE,1995-01-01,1.3 
RLPR_PER,PCH_PRE,DE,1996-01-01,0.8 
RLPR_PER,PCH_PRE,DE,1997-01-01,1.9 
RLPR_PER,PCH_PRE,DE,1998-01-01,0.8 
RLPR_PER,PCH_PRE,DE,1999-01-01,0.4 
RLPR_PER,PCH_PRE,DE,2000-01-01,0.7 
RLPR_PER,PCH_PRE,DE,2001-01-01,2.0 
RLPR_PER,PCH_PRE,DE,2002-01-01,0.5 
RLPR_PER,PCH_PRE,DE,2003-01-01,0.4 
RLPR_PER,PCH_PRE,DE,2004-01-01,0.8 
RLPR_PER,PCH_PRE,DE,2005-01-01,0.7 
RLPR_PER,PCH_PRE,DE,2006-01-01,2.9 
RLPR_PER,PCH_PRE,DE,2007-01-01,1.5 
RLPR_PER,PCH_PRE,DE,2008-01-01,-0.2 
RLPR_PER,PCH_PRE,DE,2009-01-01,-5.7 
RLPR_PER,PCH_PRE,DE,2010-01-01,3.8 
RLPR_PER,PCH_PRE,DE,2011-01-01,2.3 
RLPR_PER,PCH_PRE,DE,2012-01-01,-0.7 
RLPR_PER,PCH_PRE,DE,2013-01-01,-0.1 
RLPR_PER,PCH_PRE,DE,2014-01-01,1.3 
RLPR_PER,PCH_PRE,DE,2015-01-01,0.8 
RLPR_PER,PCH_PRE,DE,2016-01-01,0.9 
RLPR_PER,PCH_PRE,DE,2017-01-01,0.7 
RLPR_PER,PCH_PRE,DK,1995-01-01,2.4 
RLPR_PER,PCH_PRE,DK,1996-01-01,1.9 
RLPR_PER,PCH_PRE,DK,1997-01-01,1.9 
RLPR_PER,PCH_PRE,DK,1998-01-01,0.8 
RLPR_PER,PCH_PRE,DK,1999-01-01,2.1 
RLPR_PER,PCH_PRE,DK,2000-01-01,3.0 
RLPR_PER,PCH_PRE,DK,2001-01-01,-0.2 
RLPR_PER,PCH_PRE,DK,2002-01-01,0.4 
RLPR_PER,PCH_PRE,DK,2003-01-01,1.3 
RLPR_PER,PCH_PRE,DK,2004-01-01,3.2 
RLPR_PER,PCH_PRE,DK,2005-01-01,0.9 
RLPR_PER,PCH_PRE,DK,2006-01-01,1.6 
RLPR_PER,PCH_PRE,DK,2007-01-01,-1.4 
RLPR_PER,PCH_PRE,DK,2008-01-01,-1.7 
RLPR_PER,PCH_PRE,DK,2009-01-01,-1.8 
RLPR_PER,PCH_PRE,DK,2010-01-01,4.3 
RLPR_PER,PCH_PRE,DK,2011-01-01,1.4 
RLPR_PER,PCH_PRE,DK,2012-01-01,1.0 
RLPR_PER,PCH_PRE,DK,2013-01-01,1.0 
RLPR_PER,PCH_PRE,DK,2014-01-01,0.7 
RLPR_PER,PCH_PRE,DK,2015-01-01,0.2 
RLPR_PER,PCH_PRE,DK,2016-01-01,0.4 
RLPR_PER,PCH_PRE,DK,2017-01-01,0.7 
RLPR_PER,PCH_PRE,EE,1995-01-01,: 
RLPR_PER,PCH_PRE,EE,1996-01-01,7.9 
RLPR_PER,PCH_PRE,EE,1997-01-01,11.7 
RLPR_PER,PCH_PRE,EE,1998-01-01,6.1 
RLPR_PER,PCH_PRE,EE,1999-01-01,3.8 
RLPR_PER,PCH_PRE,EE,2000-01-01,9.6 
RLPR_PER,PCH_PRE,EE,2001-01-01,5.7 
RLPR_PER,PCH_PRE,EE,2002-01-01,6.1 
RLPR_PER,PCH_PRE,EE,2003-01-01,5.2 
RLPR_PER,PCH_PRE,EE,2004-01-01,6.7 
RLPR_PER,PCH_PRE,EE,2005-01-01,6.9 
RLPR_PER,PCH_PRE,EE,2006-01-01,5.1 
RLPR_PER,PCH_PRE,EE,2007-01-01,7.5 
RLPR_PER,PCH_PRE,EE,2008-01-01,-5.2 
RLPR_PER,PCH_PRE,EE,2009-01-01,-5.0 
RLPR_PER,PCH_PRE,EE,2010-01-01,7.6 
RLPR_PER,PCH_PRE,EE,2011-01-01,1.0 
RLPR_PER,PCH_PRE,EE,2012-01-01,2.6 
RLPR_PER,PCH_PRE,EE,2013-01-01,0.7 
RLPR_PER,PCH_PRE,EE,2014-01-01,2.1 
RLPR_PER,PCH_PRE,EE,2015-01-01,-0.9 
RLPR_PER,PCH_PRE,EE,2016-01-01,3.2 
RLPR_PER,PCH_PRE,EE,2017-01-01,2.1 
RLPR_PER,PCH_PRE,EL,1995-01-01,: 
RLPR_PER,PCH_PRE,EL,1996-01-01,3.5 
RLPR_PER,PCH_PRE,EL,1997-01-01,4.9 
RLPR_PER,PCH_PRE,EL,1998-01-01,-0.5 
RLPR_PER,PCH_PRE,EL,1999-01-01,3.0 
RLPR_PER,PCH_PRE,EL,2000-01-01,3.6 
RLPR_PER,PCH_PRE,EL,2001-01-01,3.8 
RLPR_PER,PCH_PRE,EL,2002-01-01,1.4 
RLPR_PER,PCH_PRE,EL,2003-01-01,4.3 
RLPR_PER,PCH_PRE,EL,2004-01-01,2.6 
RLPR_PER,PCH_PRE,EL,2005-01-01,-0.3 
RLPR_PER,PCH_PRE,EL,2006-01-01,3.8 
RLPR_PER,PCH_PRE,EL,2007-01-01,1.9 
RLPR_PER,PCH_PRE,EL,2008-01-01,-1.6 
RLPR_PER,PCH_PRE,EL,2009-01-01,-3.8 
RLPR_PER,PCH_PRE,EL,2010-01-01,-3.0 
RLPR_PER,PCH_PRE,EL,2011-01-01,-2.4 p
RLPR_PER,PCH_PRE,EL,2012-01-01,-1.1 p
RLPR_PER,PCH_PRE,EL,2013-01-01,-0.6 p
RLPR_PER,PCH_PRE,EL,2014-01-01,-0.2 p
RLPR_PER,PCH_PRE,EL,2015-01-01,-1.2 p
RLPR_PER,PCH_PRE,EL,2016-01-01,-0.7 p
RLPR_PER,PCH_PRE,EL,2017-01-01,0.0 p
RLPR_PER,PCH_PRE,ES,1995-01-01,: 
RLPR_PER,PCH_PRE,ES,1996-01-01,1.2 
RLPR_PER,PCH_PRE,ES,1997-01-01,0.0 
RLPR_PER,PCH_PRE,ES,1998-01-01,-0.1 
RLPR_PER,PCH_PRE,ES,1999-01-01,-0.1 
RLPR_PER,PCH_PRE,ES,2000-01-01,0.3 
RLPR_PER,PCH_PRE,ES,2001-01-01,0.6 
RLPR_PER,PCH_PRE,ES,2002-01-01,0.3 
RLPR_PER,PCH_PRE,ES,2003-01-01,-0.1 
RLPR_PER,PCH_PRE,ES,2004-01-01,-0.6 
RLPR_PER,PCH_PRE,ES,2005-01-01,-0.5 
RLPR_PER,PCH_PRE,ES,2006-01-01,0.0 
RLPR_PER,PCH_PRE,ES,2007-01-01,0.5 
RLPR_PER,PCH_PRE,ES,2008-01-01,0.9 
RLPR_PER,PCH_PRE,ES,2009-01-01,2.9 
RLPR_PER,PCH_PRE,ES,2010-01-01,1.8 
RLPR_PER,PCH_PRE,ES,2011-01-01,1.7 
RLPR_PER,PCH_PRE,ES,2012-01-01,1.1 
RLPR_PER,PCH_PRE,ES,2013-01-01,0.9 
RLPR_PER,PCH_PRE,ES,2014-01-01,0.4 
RLPR_PER,PCH_PRE,ES,2015-01-01,0.8 
RLPR_PER,PCH_PRE,ES,2016-01-01,0.6 p
RLPR_PER,PCH_PRE,ES,2017-01-01,0.4 p
RLPR_PER,PCH_PRE,FI,1995-01-01,2.4 
RLPR_PER,PCH_PRE,FI,1996-01-01,2.2 
RLPR_PER,PCH_PRE,FI,1997-01-01,2.7 
RLPR_PER,PCH_PRE,FI,1998-01-01,3.5 
RLPR_PER,PCH_PRE,FI,1999-01-01,1.9 
RLPR_PER,PCH_PRE,FI,2000-01-01,3.4 
RLPR_PER,PCH_PRE,FI,2001-01-01,1.1 
RLPR_PER,PCH_PRE,FI,2002-01-01,0.6 
RLPR_PER,PCH_PRE,FI,2003-01-01,1.9 
RLPR_PER,PCH_PRE,FI,2004-01-01,3.3 
RLPR_PER,PCH_PRE,FI,2005-01-01,1.2 
RLPR_PER,PCH_PRE,FI,2006-01-01,2.2 
RLPR_PER,PCH_PRE,FI,2007-01-01,3.0 
RLPR_PER,PCH_PRE,FI,2008-01-01,-1.5 
RLPR_PER,PCH_PRE,FI,2009-01-01,-6.0 
RLPR_PER,PCH_PRE,FI,2010-01-01,3.7 
RLPR_PER,PCH_PRE,FI,2011-01-01,1.3 
RLPR_PER,PCH_PRE,FI,2012-01-01,-2.3 
RLPR_PER,PCH_PRE,FI,2013-01-01,0.0 
RLPR_PER,PCH_PRE,FI,2014-01-01,-0.2 
RLPR_PER,PCH_PRE,FI,2015-01-01,0.3 
RLPR_PER,PCH_PRE,FI,2016-01-01,2.0 
RLPR_PER,PCH_PRE,FI,2017-01-01,1.6 
RLPR_PER,PCH_PRE,FR,1995-01-01,1.1 
RLPR_PER,PCH_PRE,FR,1996-01-01,0.8 
RLPR_PER,PCH_PRE,FR,1997-01-01,1.6 
RLPR_PER,PCH_PRE,FR,1998-01-01,1.8 
RLPR_PER,PCH_PRE,FR,1999-01-01,1.0 
RLPR_PER,PCH_PRE,FR,2000-01-01,1.4 
RLPR_PER,PCH_PRE,FR,2001-01-01,0.5 
RLPR_PER,PCH_PRE,FR,2002-01-01,0.6 
RLPR_PER,PCH_PRE,FR,2003-01-01,0.8 
RLPR_PER,PCH_PRE,FR,2004-01-01,2.7 
RLPR_PER,PCH_PRE,FR,2005-01-01,1.0 
RLPR_PER,PCH_PRE,FR,2006-01-01,1.3 
RLPR_PER,PCH_PRE,FR,2007-01-01,1.0 
RLPR_PER,PCH_PRE,FR,2008-01-01,-0.3 
RLPR_PER,PCH_PRE,FR,2009-01-01,-1.8 
RLPR_PER,PCH_PRE,FR,2010-01-01,1.8 
RLPR_PER,PCH_PRE,FR,2011-01-01,1.4 
RLPR_PER,PCH_PRE,FR,2012-01-01,0.0 
RLPR_PER,PCH_PRE,FR,2013-01-01,0.4 
RLPR_PER,PCH_PRE,FR,2014-01-01,0.4 
RLPR_PER,PCH_PRE,FR,2015-01-01,0.9 
RLPR_PER,PCH_PRE,FR,2016-01-01,0.5 p
RLPR_PER,PCH_PRE,FR,2017-01-01,1.1 p
RLPR_PER,PCH_PRE,HR,1995-01-01,: 
RLPR_PER,PCH_PRE,HR,1996-01-01,5.9 p
RLPR_PER,PCH_PRE,HR,1997-01-01,6.5 p
RLPR_PER,PCH_PRE,HR,1998-01-01,2.1 p
RLPR_PER,PCH_PRE,HR,1999-01-01,-1.0 p
RLPR_PER,PCH_PRE,HR,2000-01-01,3.9 p
RLPR_PER,PCH_PRE,HR,2001-01-01,4.1 p
RLPR_PER,PCH_PRE,HR,2002-01-01,4.3 p
RLPR_PER,PCH_PRE,HR,2003-01-01,3.0 p
RLPR_PER,PCH_PRE,HR,2004-01-01,3.0 p
RLPR_PER,PCH_PRE,HR,2005-01-01,3.1 p
RLPR_PER,PCH_PRE,HR,2006-01-01,1.7 p
RLPR_PER,PCH_PRE,HR,2007-01-01,2.1 p
RLPR_PER,PCH_PRE,HR,2008-01-01,-0.1 d
RLPR_PER,PCH_PRE,HR,2009-01-01,-6.6 d
RLPR_PER,PCH_PRE,HR,2010-01-01,2.4 d
RLPR_PER,PCH_PRE,HR,2011-01-01,3.7 d
RLPR_PER,PCH_PRE,HR,2012-01-01,1.4 d
RLPR_PER,PCH_PRE,HR,2013-01-01,2.2 d
RLPR_PER,PCH_PRE,HR,2014-01-01,-2.7 d
RLPR_PER,PCH_PRE,HR,2015-01-01,1.1 d
RLPR_PER,PCH_PRE,HR,2016-01-01,3.2 d
RLPR_PER,PCH_PRE,HR,2017-01-01,0.7 d
RLPR_PER,PCH_PRE,HU,1995-01-01,: 
RLPR_PER,PCH_PRE,HU,1996-01-01,-0.1 
RLPR_PER,PCH_PRE,HU,1997-01-01,3.2 
RLPR_PER,PCH_PRE,HU,1998-01-01,2.6 
RLPR_PER,PCH_PRE,HU,1999-01-01,0.4 
RLPR_PER,PCH_PRE,HU,2000-01-01,3.2 
RLPR_PER,PCH_PRE,HU,2001-01-01,4.0 
RLPR_PER,PCH_PRE,HU,2002-01-01,4.6 
RLPR_PER,PCH_PRE,HU,2003-01-01,3.8 
RLPR_PER,PCH_PRE,HU,2004-01-01,6.0 
RLPR_PER,PCH_PRE,HU,2005-01-01,4.7 
RLPR_PER,PCH_PRE,HU,2006-01-01,3.4 
RLPR_PER,PCH_PRE,HU,2007-01-01,0.3 
RLPR_PER,PCH_PRE,HU,2008-01-01,2.9 
RLPR_PER,PCH_PRE,HU,2009-01-01,-4.2 
RLPR_PER,PCH_PRE,HU,2010-01-01,1.8 
RLPR_PER,PCH_PRE,HU,2011-01-01,1.7 
RLPR_PER,PCH_PRE,HU,2012-01-01,-1.8 
RLPR_PER,PCH_PRE,HU,2013-01-01,1.0 
RLPR_PER,PCH_PRE,HU,2014-01-01,-0.6 
RLPR_PER,PCH_PRE,HU,2015-01-01,1.1 
RLPR_PER,PCH_PRE,HU,2016-01-01,-0.7 
RLPR_PER,PCH_PRE,HU,2017-01-01,2.1 
RLPR_PER,PCH_PRE,IE,1995-01-01,: 
RLPR_PER,PCH_PRE,IE,1996-01-01,3.9 
RLPR_PER,PCH_PRE,IE,1997-01-01,6.7 
RLPR_PER,PCH_PRE,IE,1998-01-01,2.0 
RLPR_PER,PCH_PRE,IE,1999-01-01,3.8 
RLPR_PER,PCH_PRE,IE,2000-01-01,4.8 
RLPR_PER,PCH_PRE,IE,2001-01-01,2.1 
RLPR_PER,PCH_PRE,IE,2002-01-01,4.3 
RLPR_PER,PCH_PRE,IE,2003-01-01,1.1 
RLPR_PER,PCH_PRE,IE,2004-01-01,3.1 
RLPR_PER,PCH_PRE,IE,2005-01-01,0.7 
RLPR_PER,PCH_PRE,IE,2006-01-01,0.4 
RLPR_PER,PCH_PRE,IE,2007-01-01,0.9 
RLPR_PER,PCH_PRE,IE,2008-01-01,-3.8 
RLPR_PER,PCH_PRE,IE,2009-01-01,3.1 
RLPR_PER,PCH_PRE,IE,2010-01-01,6.7 
RLPR_PER,PCH_PRE,IE,2011-01-01,5.8 b
RLPR_PER,PCH_PRE,IE,2012-01-01,0.7 
RLPR_PER,PCH_PRE,IE,2013-01-01,-1.6 
RLPR_PER,PCH_PRE,IE,2014-01-01,6.0 
RLPR_PER,PCH_PRE,IE,2015-01-01,20.9 
RLPR_PER,PCH_PRE,IE,2016-01-01,1.2 
RLPR_PER,PCH_PRE,IE,2017-01-01,4.2 
RLPR_PER,PCH_PRE,IT,1995-01-01,: 
RLPR_PER,PCH_PRE,IT,1996-01-01,0.7 
RLPR_PER,PCH_PRE,IT,1997-01-01,1.5 
RLPR_PER,PCH_PRE,IT,1998-01-01,0.6 
RLPR_PER,PCH_PRE,IT,1999-01-01,0.5 
RLPR_PER,PCH_PRE,IT,2000-01-01,1.7 
RLPR_PER,PCH_PRE,IT,2001-01-01,-0.2 
RLPR_PER,PCH_PRE,IT,2002-01-01,-1.4 
RLPR_PER,PCH_PRE,IT,2003-01-01,-1.3 
RLPR_PER,PCH_PRE,IT,2004-01-01,1.0 
RLPR_PER,PCH_PRE,IT,2005-01-01,0.4 
RLPR_PER,PCH_PRE,IT,2006-01-01,0.0 
RLPR_PER,PCH_PRE,IT,2007-01-01,0.2 
RLPR_PER,PCH_PRE,IT,2008-01-01,-1.3 
RLPR_PER,PCH_PRE,IT,2009-01-01,-3.9 
RLPR_PER,PCH_PRE,IT,2010-01-01,2.3 
RLPR_PER,PCH_PRE,IT,2011-01-01,0.3 
RLPR_PER,PCH_PRE,IT,2012-01-01,-2.5 
RLPR_PER,PCH_PRE,IT,2013-01-01,0.1 
RLPR_PER,PCH_PRE,IT,2014-01-01,0.0 
RLPR_PER,PCH_PRE,IT,2015-01-01,0.3 
RLPR_PER,PCH_PRE,IT,2016-01-01,-0.2 
RLPR_PER,PCH_PRE,IT,2017-01-01,0.4 
RLPR_PER,PCH_PRE,LT,1995-01-01,: 
RLPR_PER,PCH_PRE,LT,1996-01-01,4.2 
RLPR_PER,PCH_PRE,LT,1997-01-01,7.6 
RLPR_PER,PCH_PRE,LT,1998-01-01,8.3 
RLPR_PER,PCH_PRE,LT,1999-01-01,1.1 
RLPR_PER,PCH_PRE,LT,2000-01-01,8.5 
RLPR_PER,PCH_PRE,LT,2001-01-01,10.7 
RLPR_PER,PCH_PRE,LT,2002-01-01,3.0 
RLPR_PER,PCH_PRE,LT,2003-01-01,8.1 
RLPR_PER,PCH_PRE,LT,2004-01-01,7.7 
RLPR_PER,PCH_PRE,LT,2005-01-01,6.9 
RLPR_PER,PCH_PRE,LT,2006-01-01,7.7 
RLPR_PER,PCH_PRE,LT,2007-01-01,8.9 
RLPR_PER,PCH_PRE,LT,2008-01-01,4.0 
RLPR_PER,PCH_PRE,LT,2009-01-01,-7.7 
RLPR_PER,PCH_PRE,LT,2010-01-01,7.3 
RLPR_PER,PCH_PRE,LT,2011-01-01,5.5 
RLPR_PER,PCH_PRE,LT,2012-01-01,2.0 
RLPR_PER,PCH_PRE,LT,2013-01-01,2.1 
RLPR_PER,PCH_PRE,LT,2014-01-01,1.5 
RLPR_PER,PCH_PRE,LT,2015-01-01,0.7 
RLPR_PER,PCH_PRE,LT,2016-01-01,0.4 
RLPR_PER,PCH_PRE,LT,2017-01-01,4.7 
RLPR_PER,PCH_PRE,LU,1995-01-01,: 
RLPR_PER,PCH_PRE,LU,1996-01-01,-1.2 
RLPR_PER,PCH_PRE,LU,1997-01-01,2.2 
RLPR_PER,PCH_PRE,LU,1998-01-01,1.6 
RLPR_PER,PCH_PRE,LU,1999-01-01,3.5 
RLPR_PER,PCH_PRE,LU,2000-01-01,2.8 
RLPR_PER,PCH_PRE,LU,2001-01-01,-3.0 
RLPR_PER,PCH_PRE,LU,2002-01-01,0.9 
RLPR_PER,PCH_PRE,LU,2003-01-01,-0.2 
RLPR_PER,PCH_PRE,LU,2004-01-01,1.2 
RLPR_PER,PCH_PRE,LU,2005-01-01,0.4 
RLPR_PER,PCH_PRE,LU,2006-01-01,1.3 
RLPR_PER,PCH_PRE,LU,2007-01-01,3.8 
RLPR_PER,PCH_PRE,LU,2008-01-01,-5.8 
RLPR_PER,PCH_PRE,LU,2009-01-01,-5.4 
RLPR_PER,PCH_PRE,LU,2010-01-01,3.0 
RLPR_PER,PCH_PRE,LU,2011-01-01,-0.4 
RLPR_PER,PCH_PRE,LU,2012-01-01,-2.7 
RLPR_PER,PCH_PRE,LU,2013-01-01,1.8 
RLPR_PER,PCH_PRE,LU,2014-01-01,1.7 
RLPR_PER,PCH_PRE,LU,2015-01-01,1.3 
RLPR_PER,PCH_PRE,LU,2016-01-01,-0.6 
RLPR_PER,PCH_PRE,LU,2017-01-01,-1.8 
RLPR_PER,PCH_PRE,LV,1995-01-01,: 
RLPR_PER,PCH_PRE,LV,1996-01-01,1.8 
RLPR_PER,PCH_PRE,LV,1997-01-01,4.3 
RLPR_PER,PCH_PRE,LV,1998-01-01,6.9 
RLPR_PER,PCH_PRE,LV,1999-01-01,4.5 
RLPR_PER,PCH_PRE,LV,2000-01-01,9.1 
RLPR_PER,PCH_PRE,LV,2001-01-01,4.8 
RLPR_PER,PCH_PRE,LV,2002-01-01,5.6 
RLPR_PER,PCH_PRE,LV,2003-01-01,7.8 
RLPR_PER,PCH_PRE,LV,2004-01-01,8.1 
RLPR_PER,PCH_PRE,LV,2005-01-01,9.7 
RLPR_PER,PCH_PRE,LV,2006-01-01,5.8 
RLPR_PER,PCH_PRE,LV,2007-01-01,5.9 
RLPR_PER,PCH_PRE,LV,2008-01-01,-2.7 
RLPR_PER,PCH_PRE,LV,2009-01-01,-0.1 
RLPR_PER,PCH_PRE,LV,2010-01-01,2.9 
RLPR_PER,PCH_PRE,LV,2011-01-01,4.8 
RLPR_PER,PCH_PRE,LV,2012-01-01,2.5 
RLPR_PER,PCH_PRE,LV,2013-01-01,0.1 
RLPR_PER,PCH_PRE,LV,2014-01-01,3.3 
RLPR_PER,PCH_PRE,LV,2015-01-01,1.5 
RLPR_PER,PCH_PRE,LV,2016-01-01,2.4 
RLPR_PER,PCH_PRE,LV,2017-01-01,4.7 
RLPR_PER,PCH_PRE,MT,1995-01-01,: 
RLPR_PER,PCH_PRE,MT,1996-01-01,: 
RLPR_PER,PCH_PRE,MT,1997-01-01,: 
RLPR_PER,PCH_PRE,MT,1998-01-01,: 
RLPR_PER,PCH_PRE,MT,1999-01-01,: 
RLPR_PER,PCH_PRE,MT,2000-01-01,: 
RLPR_PER,PCH_PRE,MT,2001-01-01,-1.1 
RLPR_PER,PCH_PRE,MT,2002-01-01,2.7 
RLPR_PER,PCH_PRE,MT,2003-01-01,2.9 
RLPR_PER,PCH_PRE,MT,2004-01-01,0.1 
RLPR_PER,PCH_PRE,MT,2005-01-01,2.5 
RLPR_PER,PCH_PRE,MT,2006-01-01,0.3 
RLPR_PER,PCH_PRE,MT,2007-01-01,1.7 
RLPR_PER,PCH_PRE,MT,2008-01-01,0.8 
RLPR_PER,PCH_PRE,MT,2009-01-01,-2.5 
RLPR_PER,PCH_PRE,MT,2010-01-01,1.8 
RLPR_PER,PCH_PRE,MT,2011-01-01,-1.6 
RLPR_PER,PCH_PRE,MT,2012-01-01,0.2 
RLPR_PER,PCH_PRE,MT,2013-01-01,0.8 
RLPR_PER,PCH_PRE,MT,2014-01-01,2.9 
RLPR_PER,PCH_PRE,MT,2015-01-01,5.4 
RLPR_PER,PCH_PRE,MT,2016-01-01,1.0 
RLPR_PER,PCH_PRE,MT,2017-01-01,1.4 
RLPR_PER,PCH_PRE,NL,1995-01-01,: 
RLPR_PER,PCH_PRE,NL,1996-01-01,1.4 
RLPR_PER,PCH_PRE,NL,1997-01-01,1.2 
RLPR_PER,PCH_PRE,NL,1998-01-01,2.2 
RLPR_PER,PCH_PRE,NL,1999-01-01,2.1 
RLPR_PER,PCH_PRE,NL,2000-01-01,2.3 
RLPR_PER,PCH_PRE,NL,2001-01-01,0.3 
RLPR_PER,PCH_PRE,NL,2002-01-01,-0.5 
RLPR_PER,PCH_PRE,NL,2003-01-01,0.7 
RLPR_PER,PCH_PRE,NL,2004-01-01,3.2 
RLPR_PER,PCH_PRE,NL,2005-01-01,1.4 
RLPR_PER,PCH_PRE,NL,2006-01-01,1.3 
RLPR_PER,PCH_PRE,NL,2007-01-01,0.8 
RLPR_PER,PCH_PRE,NL,2008-01-01,0.5 
RLPR_PER,PCH_PRE,NL,2009-01-01,-2.8 
RLPR_PER,PCH_PRE,NL,2010-01-01,2.0 
RLPR_PER,PCH_PRE,NL,2011-01-01,0.7 
RLPR_PER,PCH_PRE,NL,2012-01-01,-0.8 
RLPR_PER,PCH_PRE,NL,2013-01-01,1.1 
RLPR_PER,PCH_PRE,NL,2014-01-01,1.5 
RLPR_PER,PCH_PRE,NL,2015-01-01,1.0 
RLPR_PER,PCH_PRE,NL,2016-01-01,1.1 p
RLPR_PER,PCH_PRE,NL,2017-01-01,0.7 p
RLPR_PER,PCH_PRE,PL,1995-01-01,: 
RLPR_PER,PCH_PRE,PL,1996-01-01,: 
RLPR_PER,PCH_PRE,PL,1997-01-01,: 
RLPR_PER,PCH_PRE,PL,1998-01-01,: 
RLPR_PER,PCH_PRE,PL,1999-01-01,: 
RLPR_PER,PCH_PRE,PL,2000-01-01,: 
RLPR_PER,PCH_PRE,PL,2001-01-01,3.5 
RLPR_PER,PCH_PRE,PL,2002-01-01,5.2 
RLPR_PER,PCH_PRE,PL,2003-01-01,4.8 
RLPR_PER,PCH_PRE,PL,2004-01-01,4.0 
RLPR_PER,PCH_PRE,PL,2005-01-01,1.3 
RLPR_PER,PCH_PRE,PL,2006-01-01,2.9 
RLPR_PER,PCH_PRE,PL,2007-01-01,2.4 
RLPR_PER,PCH_PRE,PL,2008-01-01,0.4 
RLPR_PER,PCH_PRE,PL,2009-01-01,2.4 
RLPR_PER,PCH_PRE,PL,2010-01-01,6.4 b
RLPR_PER,PCH_PRE,PL,2011-01-01,4.4 
RLPR_PER,PCH_PRE,PL,2012-01-01,1.5 
RLPR_PER,PCH_PRE,PL,2013-01-01,1.5 
RLPR_PER,PCH_PRE,PL,2014-01-01,1.6 
RLPR_PER,PCH_PRE,PL,2015-01-01,2.3 
RLPR_PER,PCH_PRE,PL,2016-01-01,2.5 p
RLPR_PER,PCH_PRE,PL,2017-01-01,3.4 p
RLPR_PER,PCH_PRE,PT,1995-01-01,: 
RLPR_PER,PCH_PRE,PT,1996-01-01,1.8 
RLPR_PER,PCH_PRE,PT,1997-01-01,1.8 
RLPR_PER,PCH_PRE,PT,1998-01-01,1.9 
RLPR_PER,PCH_PRE,PT,1999-01-01,2.3 
RLPR_PER,PCH_PRE,PT,2000-01-01,1.6 
RLPR_PER,PCH_PRE,PT,2001-01-01,0.2 
RLPR_PER,PCH_PRE,PT,2002-01-01,0.4 
RLPR_PER,PCH_PRE,PT,2003-01-01,0.0 
RLPR_PER,PCH_PRE,PT,2004-01-01,2.5 
RLPR_PER,PCH_PRE,PT,2005-01-01,1.2 
RLPR_PER,PCH_PRE,PT,2006-01-01,1.2 
RLPR_PER,PCH_PRE,PT,2007-01-01,2.5 
RLPR_PER,PCH_PRE,PT,2008-01-01,-0.2 
RLPR_PER,PCH_PRE,PT,2009-01-01,-0.3 
RLPR_PER,PCH_PRE,PT,2010-01-01,3.4 
RLPR_PER,PCH_PRE,PT,2011-01-01,0.1 
RLPR_PER,PCH_PRE,PT,2012-01-01,0.1 
RLPR_PER,PCH_PRE,PT,2013-01-01,1.8 
RLPR_PER,PCH_PRE,PT,2014-01-01,-0.5 
RLPR_PER,PCH_PRE,PT,2015-01-01,0.4 
RLPR_PER,PCH_PRE,PT,2016-01-01,0.3 
RLPR_PER,PCH_PRE,PT,2017-01-01,-0.5 p
RLPR_PER,PCH_PRE,RO,1995-01-01,: 
RLPR_PER,PCH_PRE,RO,1996-01-01,7.4 
RLPR_PER,PCH_PRE,RO,1997-01-01,-5.6 
RLPR_PER,PCH_PRE,RO,1998-01-01,1.0 
RLPR_PER,PCH_PRE,RO,1999-01-01,0.8 
RLPR_PER,PCH_PRE,RO,2000-01-01,3.2 
RLPR_PER,PCH_PRE,RO,2001-01-01,6.7 
RLPR_PER,PCH_PRE,RO,2002-01-01,17.1 
RLPR_PER,PCH_PRE,RO,2003-01-01,5.6 
RLPR_PER,PCH_PRE,RO,2004-01-01,10.2 
RLPR_PER,PCH_PRE,RO,2005-01-01,5.8 
RLPR_PER,PCH_PRE,RO,2006-01-01,7.3 
RLPR_PER,PCH_PRE,RO,2007-01-01,6.5 
RLPR_PER,PCH_PRE,RO,2008-01-01,8.2 
RLPR_PER,PCH_PRE,RO,2009-01-01,-4.0 
RLPR_PER,PCH_PRE,RO,2010-01-01,-2.5 
RLPR_PER,PCH_PRE,RO,2011-01-01,2.8 
RLPR_PER,PCH_PRE,RO,2012-01-01,7.2 b
RLPR_PER,PCH_PRE,RO,2013-01-01,4.4 
RLPR_PER,PCH_PRE,RO,2014-01-01,2.6 
RLPR_PER,PCH_PRE,RO,2015-01-01,5.2 
RLPR_PER,PCH_PRE,RO,2016-01-01,6.0 
RLPR_PER,PCH_PRE,RO,2017-01-01,4.3 p
RLPR_PER,PCH_PRE,SE,1995-01-01,2.4 
RLPR_PER,PCH_PRE,SE,1996-01-01,2.3 
RLPR_PER,PCH_PRE,SE,1997-01-01,4.3 
RLPR_PER,PCH_PRE,SE,1998-01-01,2.5 
RLPR_PER,PCH_PRE,SE,1999-01-01,2.3 
RLPR_PER,PCH_PRE,SE,2000-01-01,2.2 
RLPR_PER,PCH_PRE,SE,2001-01-01,-0.5 
RLPR_PER,PCH_PRE,SE,2002-01-01,2.0 
RLPR_PER,PCH_PRE,SE,2003-01-01,3.0 
RLPR_PER,PCH_PRE,SE,2004-01-01,5.0 
RLPR_PER,PCH_PRE,SE,2005-01-01,2.5 
RLPR_PER,PCH_PRE,SE,2006-01-01,3.0 
RLPR_PER,PCH_PRE,SE,2007-01-01,1.1 
RLPR_PER,PCH_PRE,SE,2008-01-01,-1.4 
RLPR_PER,PCH_PRE,SE,2009-01-01,-2.8 
RLPR_PER,PCH_PRE,SE,2010-01-01,5.0 
RLPR_PER,PCH_PRE,SE,2011-01-01,0.5 
RLPR_PER,PCH_PRE,SE,2012-01-01,-1.0 
RLPR_PER,PCH_PRE,SE,2013-01-01,0.3 
RLPR_PER,PCH_PRE,SE,2014-01-01,1.2 
RLPR_PER,PCH_PRE,SE,2015-01-01,2.9 
RLPR_PER,PCH_PRE,SE,2016-01-01,0.8 
RLPR_PER,PCH_PRE,SE,2017-01-01,-0.2 
RLPR_PER,PCH_PRE,SI,1995-01-01,: 
RLPR_PER,PCH_PRE,SI,1996-01-01,5.6 
RLPR_PER,PCH_PRE,SI,1997-01-01,7.1 
RLPR_PER,PCH_PRE,SI,1998-01-01,3.4 
RLPR_PER,PCH_PRE,SI,1999-01-01,3.7 
RLPR_PER,PCH_PRE,SI,2000-01-01,2.6 
RLPR_PER,PCH_PRE,SI,2001-01-01,2.4 
RLPR_PER,PCH_PRE,SI,2002-01-01,2.2 
RLPR_PER,PCH_PRE,SI,2003-01-01,3.2 
RLPR_PER,PCH_PRE,SI,2004-01-01,4.0 
RLPR_PER,PCH_PRE,SI,2005-01-01,4.5 
RLPR_PER,PCH_PRE,SI,2006-01-01,4.0 
RLPR_PER,PCH_PRE,SI,2007-01-01,3.5 
RLPR_PER,PCH_PRE,SI,2008-01-01,0.7 
RLPR_PER,PCH_PRE,SI,2009-01-01,-6.1 
RLPR_PER,PCH_PRE,SI,2010-01-01,3.4 
RLPR_PER,PCH_PRE,SI,2011-01-01,2.4 
RLPR_PER,PCH_PRE,SI,2012-01-01,-1.8 
RLPR_PER,PCH_PRE,SI,2013-01-01,0.0 
RLPR_PER,PCH_PRE,SI,2014-01-01,2.5 
RLPR_PER,PCH_PRE,SI,2015-01-01,1.0 
RLPR_PER,PCH_PRE,SI,2016-01-01,1.2 
RLPR_PER,PCH_PRE,SI,2017-01-01,1.9 
RLPR_PER,PCH_PRE,SK,1995-01-01,: 
RLPR_PER,PCH_PRE,SK,1996-01-01,4.6 
RLPR_PER,PCH_PRE,SK,1997-01-01,7.2 
RLPR_PER,PCH_PRE,SK,1998-01-01,4.5 
RLPR_PER,PCH_PRE,SK,1999-01-01,2.4 
RLPR_PER,PCH_PRE,SK,2000-01-01,3.2 
RLPR_PER,PCH_PRE,SK,2001-01-01,2.7 
RLPR_PER,PCH_PRE,SK,2002-01-01,4.4 
RLPR_PER,PCH_PRE,SK,2003-01-01,4.3 
RLPR_PER,PCH_PRE,SK,2004-01-01,5.5 
RLPR_PER,PCH_PRE,SK,2005-01-01,5.1 
RLPR_PER,PCH_PRE,SK,2006-01-01,6.2 
RLPR_PER,PCH_PRE,SK,2007-01-01,8.5 
RLPR_PER,PCH_PRE,SK,2008-01-01,2.3 
RLPR_PER,PCH_PRE,SK,2009-01-01,-3.5 
RLPR_PER,PCH_PRE,SK,2010-01-01,6.7 
RLPR_PER,PCH_PRE,SK,2011-01-01,1.0 
RLPR_PER,PCH_PRE,SK,2012-01-01,1.6 
RLPR_PER,PCH_PRE,SK,2013-01-01,2.3 
RLPR_PER,PCH_PRE,SK,2014-01-01,1.3 
RLPR_PER,PCH_PRE,SK,2015-01-01,2.2 
RLPR_PER,PCH_PRE,SK,2016-01-01,0.7 
RLPR_PER,PCH_PRE,SK,2017-01-01,1.0 
RLPR_PER,PCH_PRE,UK,1995-01-01,: 
RLPR_PER,PCH_PRE,UK,1996-01-01,1.6 
RLPR_PER,PCH_PRE,UK,1997-01-01,2.5 
RLPR_PER,PCH_PRE,UK,1998-01-01,2.3 
RLPR_PER,PCH_PRE,UK,1999-01-01,1.8 
RLPR_PER,PCH_PRE,UK,2000-01-01,2.3 
RLPR_PER,PCH_PRE,UK,2001-01-01,2.0 
RLPR_PER,PCH_PRE,UK,2002-01-01,1.6 
RLPR_PER,PCH_PRE,UK,2003-01-01,2.3 
RLPR_PER,PCH_PRE,UK,2004-01-01,1.2 
RLPR_PER,PCH_PRE,UK,2005-01-01,2.0 
RLPR_PER,PCH_PRE,UK,2006-01-01,1.5 
RLPR_PER,PCH_PRE,UK,2007-01-01,1.7 
RLPR_PER,PCH_PRE,UK,2008-01-01,-1.2 
RLPR_PER,PCH_PRE,UK,2009-01-01,-2.7 
RLPR_PER,PCH_PRE,UK,2010-01-01,1.5 
RLPR_PER,PCH_PRE,UK,2011-01-01,1.1 
RLPR_PER,PCH_PRE,UK,2012-01-01,0.4 
RLPR_PER,PCH_PRE,UK,2013-01-01,0.9 
RLPR_PER,PCH_PRE,UK,2014-01-01,0.6 
RLPR_PER,PCH_PRE,UK,2015-01-01,0.6 
RLPR_PER,PCH_PRE,UK,2016-01-01,0.4 
RLPR_PER,PCH_PRE,UK,2017-01-01,0.7 
